{"finalScore":0.5739947963803996,"sumScore":10.331906334847194,"tagsCounter":18.0,"taggedText":"\u003cdocument\u003ePART 1 of 1 VINDOL WGNJPJ Client Option Ticket Trade Date \u003cfecha_inicio begin\u003d\"58\" class\u003d\"extraction-tag ml-tag\" confidence\u003d\"1/13\" data-value\u003d\"09/07/2017\" end\u003d\"69\" ml-tagorder\u003d\"0\" score\u003d\"0.6265564550920975\" style\u003d\"border: 2px solid rgb(125, 157, 1);\" tabnumber\u003d\"0\" tagorder\u003d\"0\"\u003e07-Sep-2017\u003c/fecha_inicio\u003e, Counter Party: BANCO SANTANDER S.A. [Ccy1] Amount 1 [EUR] 25,000,000 [EUR] \u003cnominal1 begin\u003d\"146\" class\u003d\"extraction-tag ml-tag\" confidence\u003d\"1/13\" data-value\u003d\"50000000,00\" end\u003d\"156\" ml-tagorder\u003d\"0\" score\u003d\"0.6005941437795675\" style\u003d\"border: 2px solid rgb(125, 157, 1);\" tabnumber\u003d\"0\" tagorder\u003d\"0\"\u003e50,000,000\u003c/nominal1\u003e [Ccy2] Amount 2 [USD] 29,937,500 [\u003cdivisa_prima begin\u003d\"191\" class\u003d\"extraction-tag ml-tag\" confidence\u003d\"1/13\" data-value\u003d\"USD\" end\u003d\"194\" ml-tagorder\u003d\"0\" score\u003d\"0.5769150290234376\" style\u003d\"border: 2px solid rgb(125, 157, 1);\" tabnumber\u003d\"0\" tagorder\u003d\"0\"\u003e\u003cdivisa2 begin\u003d\"191\" class\u003d\"extraction-tag ml-tag\" confidence\u003d\"1/13\" data-value\u003d\"USD\" end\u003d\"194\" ml-tagorder\u003d\"0\" score\u003d\"0.5749805356054942\" style\u003d\"border: 2px solid rgb(125, 157, 1);\" tabnumber\u003d\"0\" tagorder\u003d\"0\"\u003eUSD\u003c/divisa2\u003e\u003c/divisa_prima\u003e] 60,500,000 Buy / Sell YOU \u003cestrategia begin\u003d\"222\" class\u003d\"extraction-tag ml-tag\" confidence\u003d\"1/13\" data-value\u003d\"BUY\" end\u003d\"225\" ml-tagorder\u003d\"0\" score\u003d\"0.5241871086479256\" style\u003d\"border: 2px solid rgb(125, 157, 1);\" tabnumber\u003d\"0\" tagorder\u003d\"0\"\u003eBUY\u003c/estrategia\u003e YOU \u003cestrategia begin\u003d\"230\" class\u003d\"extraction-tag ml-tag\" confidence\u003d\"1/13\" data-value\u003d\"SELL\" end\u003d\"234\" ml-tagorder\u003d\"1\" score\u003d\"0.6389508182151892\" style\u003d\"border: 2px solid rgb(125, 157, 1);\" tabnumber\u003d\"1\" tagorder\u003d\"1\"\u003eSELL\u003c/estrategia\u003e Strategy P/Call Ccy P EUR C EUR Strike \u003cstrike_ begin\u003d\"274\" class\u003d\"extraction-tag ml-tag\" confidence\u003d\"1/13\" data-value\u003d\"1.1975\" end\u003d\"280\" ml-tagorder\u003d\"0\" score\u003d\"0.7152601126292495\" style\u003d\"border: 2px solid rgb(125, 157, 1);\" tabnumber\u003d\"0\" tagorder\u003d\"0\"\u003e1.1975\u003c/strike_\u003e \u003cstrike_ begin\u003d\"281\" class\u003d\"extraction-tag ml-tag\" confidence\u003d\"1/13\" data-value\u003d\"1.21\" end\u003d\"285\" ml-tagorder\u003d\"1\" score\u003d\"0.5795879680265261\" style\u003d\"border: 2px solid rgb(125, 157, 1);\" tabnumber\u003d\"1\" tagorder\u003d\"1\"\u003e1.21\u003c/strike_\u003e Contract EOpt EOpt Cut NY,TK etc 10NY 10NY Expiry [Settlement] \u003cfecha_vencimiento begin\u003d\"349\" class\u003d\"extraction-tag ml-tag\" confidence\u003d\"1/13\" data-value\u003d\"09/08/2017\" end\u003d\"360\" ml-tagorder\u003d\"0\" score\u003d\"0.4947517407177358\" style\u003d\"border: 2px solid rgb(125, 157, 1);\" tabnumber\u003d\"0\" tagorder\u003d\"0\"\u003e08-Sep-2017\u003c/fecha_vencimiento\u003e [\u003cfecha_pago_vencimiento begin\u003d\"362\" class\u003d\"extraction-tag ml-tag\" confidence\u003d\"1/13\" data-value\u003d\"09/12/2017\" end\u003d\"373\" ml-tagorder\u003d\"0\" score\u003d\"0.589202622177526\" style\u003d\"border: 2px solid rgb(125, 157, 1);\" tabnumber\u003d\"0\" tagorder\u003d\"0\"\u003e12-Sep-2017\u003c/fecha_pago_vencimiento\u003e] \u003cfecha_pago_vencimiento begin\u003d\"375\" class\u003d\"extraction-tag ml-tag\" confidence\u003d\"1/13\" data-value\u003d\"09/08/2017\" end\u003d\"386\" ml-tagorder\u003d\"1\" score\u003d\"0.6006529254462044\" style\u003d\"border: 2px solid rgb(125, 157, 1);\" tabnumber\u003d\"1\" tagorder\u003d\"1\"\u003e08-Sep-2017\u003c/fecha_pago_vencimiento\u003e [12-Sep-2017] Price (%, Pips, \u003ccash_delivery begin\u003d\"417\" class\u003d\"extraction-tag ml-tag\" confidence\u003d\"1/13\" data-value\u003d\"Cash\" end\u003d\"421\" ml-tagorder\u003d\"0\" score\u003d\"0.4164308591135244\" style\u003d\"border: 2px solid rgb(125, 157, 1);\" tabnumber\u003d\"0\" tagorder\u003d\"0\"\u003eCash\u003c/cash_delivery\u003e) \u003cprecio begin\u003d\"423\" class\u003d\"extraction-tag ml-tag\" confidence\u003d\"1/13\" data-value\u003d\"0.076\" end\u003d\"428\" ml-tagorder\u003d\"0\" score\u003d\"0.6547492743894185\" style\u003d\"border: 2px solid rgb(125, 157, 1);\" tabnumber\u003d\"0\" tagorder\u003d\"0\"\u003e0.076\u003c/precio\u003e % [EUR] \u003cprima begin\u003d\"437\" class\u003d\"extraction-tag ml-tag\" confidence\u003d\"1/13\" data-value\u003d\"19000,00\" end\u003d\"446\" ml-tagorder\u003d\"0\" score\u003d\"0.618829768327455\" style\u003d\"border: 2px solid rgb(125, 157, 1);\" tabnumber\u003d\"0\" tagorder\u003d\"0\"\u003e19,000.00\u003c/prima\u003e \u003cprecio begin\u003d\"447\" class\u003d\"extraction-tag ml-tag\" confidence\u003d\"1/13\" data-value\u003d\"0.0185\" end\u003d\"453\" ml-tagorder\u003d\"1\" score\u003d\"0.6104480971618894\" style\u003d\"border: 2px solid rgb(125, 157, 1);\" tabnumber\u003d\"1\" tagorder\u003d\"1\"\u003e0.0185\u003c/precio\u003e % [EUR] \u003cprima begin\u003d\"462\" class\u003d\"extraction-tag ml-tag\" confidence\u003d\"1/13\" data-value\u003d\"9250,00\" end\u003d\"470\" ml-tagorder\u003d\"1\" score\u003d\"0.498356035553046\" style\u003d\"border: 2px solid rgb(125, 157, 1);\" tabnumber\u003d\"1\" tagorder\u003d\"1\"\u003e9,250.00\u003c/prima\u003e Premium Date \u003cfecha_pago_prima begin\u003d\"484\" class\u003d\"extraction-tag ml-tag\" confidence\u003d\"1/13\" data-value\u003d\"09/11/2017\" end\u003d\"495\" ml-tagorder\u003d\"0\" score\u003d\"0.5159368111294076\" style\u003d\"border: 2px solid rgb(125, 157, 1);\" tabnumber\u003d\"0\" tagorder\u003d\"0\"\u003e11-Sep-2017\u003c/fecha_pago_prima\u003e 11-Sep-2017 Vol 9% 10% \u003cspot_forward begin\u003d\"519\" class\u003d\"extraction-tag ml-tag\" confidence\u003d\"1/13\" data-value\u003d\"Spot\" end\u003d\"523\" ml-tagorder\u003d\"0\" score\u003d\"0.4955160298114994\" style\u003d\"border: 2px solid rgb(125, 157, 1);\" tabnumber\u003d\"0\" tagorder\u003d\"0\"\u003eSpot\u003c/spot_forward\u003e FwdPts 1.201 0.0001 1.201 0.0001 Delta -27% [EUR] 8% [EUR] Hedges Counter Party: BANCO SANTANDER S.A. [Ccy1] Amount 1 [EUR] 11,000,000 [Ccy2] Amount 2 [USD] 13,211,000 Buy / Sell YOU BUY Rate 1.201 Contract SPOT Cut NY,TK etc Expiry [Settlement] [11-Sep-2017] \u003d\u003d\u003d\u003d\u003d\u003d\u003d\u003d\u003d\u003d\u003d\u003d\u003d\u003d\u003d\u003d\u003d\u003d\u003d\u003d\u003d\u003d\u003d\u003d\u003d\u003d\u003d\u003d\u003d\u003d\u003d\u003d\u003d\u003d\u003d\u003d\u003d\u003d\u003d\u003d\u003d\u003d\u003d\u003d\u003d\u003d\u003d\u003d\u003d\u003d\u003d\u003d\u003d\u003d\u003d\u003d\u003d\u003d\u003d\u003d\u003d\u003d\u003d\u003d\u003d\u003d\u003d\u003d\u003d\u003d\u003d\u003d\u003d\u003d \u003d\u003d\u003d\u003d Please access the attached hyperlink for an important electronic communications disclaimer: http://www.credit-suisse.com/legal/en/disclaimer_email_ib.html \u003d\u003d\u003d\u003d\u003d\u003d\u003d\u003d\u003d\u003d\u003d\u003d\u003d\u003d\u003d\u003d\u003d\u003d\u003d\u003d\u003d\u003d\u003d\u003d\u003d\u003d\u003d\u003d\u003d\u003d\u003d\u003d\u003d\u003d\u003d\u003d\u003d\u003d\u003d\u003d\u003d\u003d\u003d\u003d\u003d\u003d\u003d\u003d\u003d\u003d\u003d\u003d\u003d\u003d\u003d\u003d\u003d\u003d\u003d\u003d\u003d\u003d\u003d\u003d\u003d\u003d\u003d\u003d\u003d\u003d\u003d\u003d\u003d\u003d \u003d\u003d\u003d\u003d \u003cmeta-manual-answer data-code\u003d\"id_operacion\" data-na\u003d\"true\"\u003e\u003c/meta-manual-answer\u003e\u003cmeta-manual-answer data-code\u003d\"contrapartida_corta\" data-na\u003d\"true\" 