{"finalScore":0.6765816084130378,"sumScore":8.795560909369492,"tagsCounter":13.0,"taggedText":"\u003cdocument\u003e \u003cstyle\u003e\u003c/style\u003e\u003cdiv class\u003d\"WordSection1\"\u003e\u003cp class\u003d\"MsoNormal\"\u003e\u003cestrategia begin\u003d\"4\" class\u003d\"extraction-tag ml-tag\" confidence\u003d\"1/13\" data-value\u003d\"SELL\" end\u003d\"8\" ml-tagorder\u003d\"0\" score\u003d\"0.7863897361235281\" style\u003d\"border: 2px solid rgb(125, 157, 1);\" tabnumber\u003d\"0\" tagorder\u003d\"0\"\u003e\u003cmeta content\u003d\"text/html; charset\u003dWindows-1252\" http-equiv\u003d\"Content-Type\"\u003e\u003c/meta\u003e\u003cmeta content\u003d\"Microsoft Word 15 (filtered medium)\" name\u003d\"Generator\"\u003e\u003c/meta\u003eSELL\u003c/estrategia\u003e TO HSBC BANK PLC LONDON\u003c/p\u003e \n \n\u003cp\u003e\u003c/p\u003e \n \n \n\u003cp\u003e\u003c/p\u003e \n \n \n \u003cp class\u003d\"MsoNormal\"\u003e\u003cnominal2 begin\u003d\"37\" class\u003d\"extraction-tag ml-tag\" confidence\u003d\"1/13\" data-value\u003d\"10000000,00\" end\u003d\"43\" ml-tagorder\u003d\"0\" score\u003d\"0.6132858749027736\" style\u003d\"border: 2px solid rgb(125, 157, 1);\" tabnumber\u003d\"0\" tagorder\u003d\"0\"\u003e\u003cnominal1 begin\u003d\"37\" class\u003d\"extraction-tag ml-tag\" confidence\u003d\"1/13\" data-value\u003d\"10000000,00\" end\u003d\"43\" ml-tagorder\u003d\"0\" score\u003d\"0.7358293186438198\" style\u003d\"border: 2px solid rgb(125, 157, 1);\" tabnumber\u003d\"0\" tagorder\u003d\"0\"\u003e10 MIO\u003c/nominal1\u003e\u003c/nominal2\u003e USD PER LEG OF A \u003cstrike_ begin\u003d\"61\" class\u003d\"extraction-tag ml-tag\" confidence\u003d\"1/13\" data-value\u003d\"19.5235\" end\u003d\"68\" ml-tagorder\u003d\"0\" score\u003d\"0.840532508883485\" style\u003d\"border: 2px solid rgb(125, 157, 1);\" tabnumber\u003d\"0\" tagorder\u003d\"0\"\u003e19.5235\u003c/strike_\u003e MXN \u003ctipo_de_opcion begin\u003d\"73\" class\u003d\"extraction-tag ml-tag\" confidence\u003d\"1/13\" data-value\u003d\"STRADDLE\" end\u003d\"81\" ml-tagorder\u003d\"0\" score\u003d\"0.7284347866776262\" style\u003d\"border: 2px solid rgb(125, 157, 1);\" tabnumber\u003d\"0\" tagorder\u003d\"0\"\u003eSTRADDLE\u003c/tipo_de_opcion\u003e\u003c/p\u003e \n \n\u003cp\u003e\u003c/p\u003e \n \n \n\u003cp\u003e\u003c/p\u003e \n \n \n \u003cp class\u003d\"MsoNormal\"\u003eEXPIRY \u003cfecha_vencimiento begin\u003d\"93\" class\u003d\"extraction-tag ml-tag\" confidence\u003d\"1/13\" data-value\u003d\"22\" end\u003d\"95\" ml-tagorder\u003d\"0\" score\u003d\"0.5568609213723319\" style\u003d\"border: 2px solid rgb(125, 157, 1);\" tabnumber\u003d\"0\" tagorder\u003d\"0\"\u003e22\u003c/fecha_vencimiento\u003e \u0026ndash; \u003cfecha_pago_vencimiento begin\u003d\"98\" class\u003d\"extraction-tag ml-tag\" confidence\u003d\"1/13\" data-value\u003d\"05/24/2018\" end\u003d\"109\" ml-tagorder\u003d\"0\" score\u003d\"0.6579235142592661\" style\u003d\"border: 2px solid rgb(125, 157, 1);\" tabnumber\u003d\"0\" tagorder\u003d\"0\"\u003e24 MAY 2018\u003c/fecha_pago_vencimiento\u003e MEX CUT\u003c/p\u003e \n \n\u003cp\u003e\u003c/p\u003e \n \n \n\u003cp\u003e\u003c/p\u003e \n \n \n \u003cp class\u003d\"MsoNormal\"\u003e\u003cspot_forward begin\u003d\"122\" class\u003d\"extraction-tag ml-tag\" confidence\u003d\"1/13\" data-value\u003d\"Spot\" end\u003d\"126\" ml-tagorder\u003d\"0\" score\u003d\"0.586428721155936\" style\u003d\"border: 2px solid rgb(125, 157, 1);\" tabnumber\u003d\"0\" tagorder\u003d\"0\"\u003eSPOT\u003c/spot_forward\u003e 18.9360\u003c/p\u003e \n \n\u003cp\u003e\u003c/p\u003e \n \n \n\u003cp\u003e\u003c/p\u003e \n \n \n \u003cp class\u003d\"MsoNormal\"\u003eVOL 12.9\u003c/p\u003e \n \n\u003cp\u003e\u003c/p\u003e \n \n \n\u003cp\u003e\u003c/p\u003e \n \n \n \u003cp class\u003d\"MsoNormal\"\u003eSWAP 5875.0\u003c/p\u003e \n \n\u003cp\u003e\u003c/p\u003e \n \n \n\u003cp\u003e\u003c/p\u003e \n \n \n \u003cp class\u003d\"MsoNormal\"\u003eDEP[O 0.00\u003c/p\u003e \n \n\u003cp\u003e\u003c/p\u003e \n \n \n\u003cp\u003e\u003c/p\u003e \n \n \n \u003cp class\u003d\"MsoNormal\"\u003e\u003c/p\u003e \n \n\u003cp\u003e\u0026nbsp;\u003c/p\u003e \n \n \n\u003cp\u003e\u003c/p\u003e \n \n \n \u003cp class\u003d\"MsoNormal\"\u003ePRICE TOTAL 7.265% \u003cdivisa_prima begin\u003d\"208\" class\u003d\"extraction-tag ml-tag\" confidence\u003d\"1/13\" data-value\u003d\"USD\" end\u003d\"211\" ml-tagorder\u003d\"0\" score\u003d\"0.6946584043271533\" style\u003d\"border: 2px solid rgb(125, 157, 1);\" tabnumber\u003d\"0\" tagorder\u003d\"0\"\u003eUSD\u003c/divisa_prima\u003e\u003c/p\u003e \n \n\u003cp\u003e\u003c/p\u003e \n \n \n\u003cp\u003e\u003c/p\u003e \n \n \n \u003cp class\u003d\"MsoNormal\"\u003eE/S \u003cprecio begin\u003d\"220\" class\u003d\"extraction-tag ml-tag\" confidence\u003d\"1/13\" data-value\u003d\"3.6325\" end\u003d\"226\" ml-tagorder\u003d\"0\" score\u003d\"0.7584019225607435\" style\u003d\"border: 2px solid rgb(125, 157, 1);\" tabnumber\u003d\"0\" tagorder\u003d\"0\"\u003e3.6325\u003c/precio\u003e\u003c/p\u003e \n \n\u003cp\u003e\u003c/p\u003e \n \n \n\u003cp\u003e\u003c/p\u003e \n \n \n \u003cp class\u003d\"MsoNormal\"\u003ePREMV ALUE \u003cfecha_pago_prima begin\u003d\"242\" class\u003d\"extraction-tag ml-tag\" confidence\u003d\"1/13\" data-value\u003d\"05/24/2018\" end\u003d\"249\" ml-tagorder\u003d\"0\" score\u003d\"0.5012080197489086\" style\u003d\"border: 2px solid rgb(125, 157, 1);\" tabnumber\u003d\"0\" tagorder\u003d\"0\"\u003e24MAY18\u003c/fecha_pago_prima\u003e\u003c/p\u003e \n \n\u003cp\u003e\u003c/p\u003e \n \n \n\u003cp\u003e\u003c/p\u003e \n \n \n \u003cp class\u003d\"MsoNormal\"\u003e\u003c/p\u003e \n \n\u003cp\u003e\u0026nbsp;\u003c/p\u003e \n \n \n\u003cp\u003e\u003c/p\u003e \n \n \n \u003cp class\u003d\"MsoNormal\"\u003eHEDGE U SELL 1.6 MIO UDS AT 19.5235 VAL 24MAY18\u003c/p\u003e \n \n\u003cp\u003e\u003c/p\u003e \n \n \n\u003cp\u003e\u003c/p\u003e \n \n \n \u003cp class\u003d\"MsoNormal\"\u003e\u003c/p\u003e \n \n\u003cp\u003e\u0026nbsp;\u003c/p\u003e \n \n \n\u003cp\u003e\u003c/p\u003e \n \n \n \u003cp class\u003d\"MsoNormal\"\u003eMXN PUT\u0026nbsp; \u003cuti_usi begin\u003d\"327\" class\u003d\"extraction-tag ml-tag\" confidence\u003d\"1/13\" data-value\u003d\"1010000283M035X20171121XFO003045610117X1XX\" end\u003d\"369\" ml-tagorder\u003d\"0\" score\u003d\"0.6666243053856276\" style\u003d\"border: 2px solid rgb(125, 157, 1);\" tabnumber\u003d\"0\" tagorder\u003d\"0\"\u003e1010000283M035X20171121XFO003045610117X1XX\u003c/uti_usi\u003e\u003c/p\u003e \n \n\u003cp\u003e\u003c/p\u003e \n \n \n\u003cp\u003e\u003c/p\u003e \n \n \n \u003cp class\u003d\"MsoNormal\"\u003eMXN CALL\u0026nbsp; \u003cuti_usi begin\u003d\"384\" class\u003d\"extraction-tag ml-tag\" confidence\u003d\"1/13\" data-value\u003d\"1010000283M035X20171121XFO003045610117X2XX\" end\u003d\"426\" ml-tagorder\u003d\"1\" score\u003d\"0.6689828753282936\" style\u003d\"border: 2px solid rgb(125, 157, 1);\" tabnumber\u003d\"1\" tagorder\u003d\"1\"\u003e1010000283M035X20171121XFO003045610117X2XX\u003c/uti_usi\u003e\u003c/p\u003e \n \n\u003cp\u003e\u003c/p\u003e \n \n \n\u003cp\u003e\u003c/p\u003e \n \n \n \u003cp class\u003d\"MsoNormal\"\u003e\u003c/p\u003e \n \n\u003cp\u003e\u0026nbsp;\u003c/p\u003e \n \n \n\u003cp\u003e\u003c/p\u003e \n \n \n \u003cp class\u003d\"MsoNormal\"\u003eRegards,\u003c/p\u003e \n \n\u003cp\u003e\u003c/p\u003e \n \n \n\u003cp\u003e\u003c/p\u003e \n \n \n \u003cp class\u003d\"MsoNormal\"\u003eThomas Purcell\u003cbr\u003e\u003c/br\u003e BGC Partners \u003cbr\u003e\u003c/br\u003e FX Options\u003cbr\u003e\u003c/br\u003e (212) 829-5497\u003c/p\u003e \n \n\u003cp\u003e\u003c/p\u003e \n \n \n\u003cp\u003e\u003c/p\u003e \n \n \n \u003cp class\u003d\"MsoNormal\"\u003e\u003cbr\u003e\u003c/br\u003e All transaction details sent to you are for your convenience only. All transactions are subject to final terms as indicated on the confirmation provided by BGC Derivatives Markets, LP\u003c/p\u003e \n 