{"finalScore":0.753310245668543,"sumScore":9.793033193691059,"tagsCounter":13.0,"taggedText":"\u003cdocument\u003e \u003cstyle\u003e\u003c/style\u003e\u003cdiv class\u003d\"WordSection1\"\u003e\u003cp class\u003d\"MsoNormal\"\u003e\u003cspan lang\u003d\"ES\" style\u003d\"font-size:12.0pt;color:#44546A\"\u003e\u003cmeta content\u003d\"text/html; charset\u003diso-8859-1\" http-equiv\u003d\"Content-Type\"\u003e\u003c/meta\u003e\u003cmeta content\u003d\"Microsoft Word 15 (filtered medium)\" name\u003d\"Generator\"\u003e\u003c/meta\u003e\u003c/span\u003e\u003c/p\u003e \u003cp\u003e\u003c/p\u003e \n \n \n\u003cp\u003e\u003c/p\u003e \n \n \n \u003cp class\u003d\"MsoNormal\"\u003e\u003cspan lang\u003d\"ES\" style\u003d\"font-size:12.0pt;color:#44546A\"\u003e\u003c/span\u003e\u003c/p\u003e \n \n\u003cp\u003e\u0026nbsp;\u003c/p\u003e \n \n \n\u003cp\u003e\u003c/p\u003e \n \n \n \u003cp class\u003d\"MsoNormal\"\u003e\u003cspan lang\u003d\"ES\" style\u003d\"font-size:12.0pt;color:#44546A\"\u003e17,408,915\u003c/span\u003e\u003c/p\u003e \n \n\u003cp\u003e\u003c/p\u003e \n \n \n\u003cp\u003e\u003c/p\u003e \n \n \n \u003cp class\u003d\"MsoNormal\"\u003e\u003cspan lang\u003d\"ES\" style\u003d\"font-size:12.0pt;color:#44546A\"\u003e17,408,918\u003c/span\u003e\u003c/p\u003e \n \n\u003cp\u003e\u003c/p\u003e \n \n \n\u003cp\u003e\u003c/p\u003e \n \n \n \u003cp class\u003d\"MsoNormal\"\u003e\u003cspan lang\u003d\"ES\" style\u003d\"font-size:12.0pt;color:#44546A\"\u003e\u003c/span\u003e\u003c/p\u003e \n \n\u003cp\u003e\u0026nbsp;\u003c/p\u003e \n \n \n\u003cp\u003e\u003c/p\u003e \n \n \n \u003cp class\u003d\"MsoNormal\"\u003e\u003cspan style\u003d\"font-size:12.0pt;color:#44546A\"\u003eSan Madrid \u003c/span\u003e\u003c/p\u003e \n \n\u003cp\u003e \u003c/p\u003e \n \n \n\u003cp\u003e\u003c/p\u003e \n \n \n \u003cp class\u003d\"MsoNormal\"\u003e\u003cspan style\u003d\"font-size:12.0pt;color:#44546A\"\u003e\u003cestrategia begin\u003d\"80\" class\u003d\"extraction-tag ml-tag\" confidence\u003d\"1/14\" data-value\u003d\"Buys\" end\u003d\"84\" ml-tagorder\u003d\"0\" score\u003d\"0.7435464155158448\" style\u003d\"border: 2px solid rgb(125, 157, 1);\" tabnumber\u003d\"0\" tagorder\u003d\"0\"\u003eBuys\u003c/estrategia\u003e \u003cnominal1 begin\u003d\"85\" class\u003d\"extraction-tag ml-tag\" confidence\u003d\"1/14\" data-value\u003d\"15000000,00\" end\u003d\"91\" ml-tagorder\u003d\"0\" score\u003d\"0.8223270776667363\" style\u003d\"border: 2px solid rgb(125, 157, 1);\" tabnumber\u003d\"0\" tagorder\u003d\"0\"\u003e15mios\u003c/nominal1\u003e \u003copcion2 begin\u003d\"92\" class\u003d\"extraction-tag ml-tag\" confidence\u003d\"1/14\" data-value\u003d\"CALL\" end\u003d\"105\" ml-tagorder\u003d\"0\" score\u003d\"0.8055163186334929\" style\u003d\"border: 2px solid rgb(125, 157, 1);\" tabnumber\u003d\"0\" tagorder\u003d\"0\"\u003e\u003copcion1 begin\u003d\"92\" class\u003d\"extraction-tag ml-tag\" confidence\u003d\"1/14\" data-value\u003d\"PUT\" end\u003d\"105\" ml-tagorder\u003d\"0\" score\u003d\"0.8130577388250337\" style\u003d\"border: 2px solid rgb(125, 157, 1);\" tabnumber\u003d\"0\" tagorder\u003d\"0\"\u003e\u003cdivisa2 begin\u003d\"92\" class\u003d\"extraction-tag ml-tag\" confidence\u003d\"1/14\" data-value\u003d\"MXN\" end\u003d\"105\" ml-tagorder\u003d\"0\" score\u003d\"0.7970610178110558\" style\u003d\"border: 2px solid rgb(125, 157, 1);\" tabnumber\u003d\"0\" tagorder\u003d\"0\"\u003e\u003cdivisa1 begin\u003d\"92\" class\u003d\"extraction-tag ml-tag\" confidence\u003d\"1/14\" data-value\u003d\"USD\" end\u003d\"105\" ml-tagorder\u003d\"0\" score\u003d\"0.7631677775715637\" style\u003d\"border: 2px solid rgb(125, 157, 1);\" tabnumber\u003d\"0\" tagorder\u003d\"0\"\u003eUSDPutMXNCall\u003c/divisa1\u003e\u003c/divisa2\u003e\u003c/opcion1\u003e\u003c/opcion2\u003e \u003cfecha_vencimiento begin\u003d\"106\" class\u003d\"extraction-tag ml-tag\" confidence\u003d\"1/14\" data-value\u003d\"12/15/2018\" end\u003d\"114\" ml-tagorder\u003d\"0\" score\u003d\"0.7055664809968702\" style\u003d\"border: 2px solid rgb(125, 157, 1);\" tabnumber\u003d\"0\" tagorder\u003d\"0\"\u003e\u003cfecha_pago_vencimiento begin\u003d\"106\" class\u003d\"extraction-tag ml-tag\" confidence\u003d\"1/14\" data-value\u003d\"12/19/2018\" end\u003d\"114\" ml-tagorder\u003d\"0\" score\u003d\"0.7501396192879772\" style\u003d\"border: 2px solid rgb(125, 157, 1);\" tabnumber\u003d\"0\" tagorder\u003d\"0\"\u003e15/19Dec\u003c/fecha_pago_vencimiento\u003e\u003c/fecha_vencimiento\u003e \u003cstrike_ begin\u003d\"115\" class\u003d\"extraction-tag ml-tag\" confidence\u003d\"1/14\" data-value\u003d\"19.00\" end\u003d\"120\" ml-tagorder\u003d\"0\" score\u003d\"0.8372010793816842\" style\u003d\"border: 2px solid rgb(125, 157, 1);\" tabnumber\u003d\"0\" tagorder\u003d\"0\"\u003e19.00\u003c/strike_\u003e; \u003cspot_forward begin\u003d\"122\" class\u003d\"extraction-tag ml-tag\" confidence\u003d\"1/14\" data-value\u003d\"Spot\" end\u003d\"126\" ml-tagorder\u003d\"0\" score\u003d\"0.6595548998570016\" style\u003d\"border: 2px solid rgb(125, 157, 1);\" tabnumber\u003d\"0\" tagorder\u003d\"0\"\u003eSpot\u003c/spot_forward\u003e Prem \u003cprima begin\u003d\"132\" class\u003d\"extraction-tag ml-tag\" confidence\u003d\"1/14\" data-value\u003d\"10,00\" end\u003d\"139\" ml-tagorder\u003d\"0\" score\u003d\"0.5788581090995883\" style\u003d\"border: 2px solid rgb(125, 157, 1);\" tabnumber\u003d\"0\" tagorder\u003d\"0\"\u003e\u003cprecio begin\u003d\"132\" class\u003d\"extraction-tag ml-tag\" confidence\u003d\"1/14\" data-value\u003d\"0.10\" end\u003d\"139\" ml-tagorder\u003d\"0\" score\u003d\"0.7820731647413579\" style\u003d\"border: 2px solid rgb(125, 157, 1);\" tabnumber\u003d\"0\" tagorder\u003d\"0\"\u003e.10%\u003cdivisa_prima begin\u003d\"136\" class\u003d\"extraction-tag ml-tag\" confidence\u003d\"1/14\" data-value\u003d\"USD\" end\u003d\"139\" ml-tagorder\u003d\"0\" score\u003d\"0.7349634943028531\" style\u003d\"border: 2px solid rgb(125, 157, 1);\" tabnumber\u003d\"0\" tagorder\u003d\"0\"\u003eUSD\u003c/divisa_prima\u003e\u003c/precio\u003e\u003c/prima\u003e\u003c/span\u003e\u003c/p\u003e \n \n\u003cp\u003e\u003c/p\u003e \n \n \n\u003cp\u003e\u003c/p\u003e \n \n \n \u003cp class\u003d\"MsoNormal\"\u003e\u003cspan style\u003d\"font-size:12.0pt;color:#44546A\"\u003ebuys 3.6mios USDMXN at 19.12 value spot\u003c/span\u003e\u003c/p\u003e \n \n\u003cp\u003e\u003c/p\u003e \n \n \n\u003cp\u003e\u003c/p\u003e \n \n \n \u003cp class\u003d\"MsoNormal\"\u003e\u003cspan style\u003d\"font-size:12.0pt;color:#44546A\"\u003e\u003c/span\u003e\u003c/p\u003e \n \n\u003cp\u003e\u0026nbsp;\u003c/p\u003e \n \n \n\u003cp\u003e\u003c/p\u003e \n \n \n \u003cp class\u003d\"MsoNormal\"\u003e\u003cspan style\u003d\"font-size:12.0pt;color:#44546A\"\u003e\u003c/span\u003e\u003c/p\u003e \n \n\u003cp\u003e\u0026nbsp;\u003c/p\u003e \n \n \n\u003cp\u003e\u003c/p\u003e \n \n \n \u003cp class\u003d\"MsoNormal\"\u003e\u003cspan lang\u003d\"ES\" style\u003d\"color:#44546A;mso-fareast-language:EN-GB\"\u003eUn saludo,\u003c/span\u003e\u003c/p\u003e \n \n\u003cp\u003e\u003c/p\u003e \n \n \n\u003cp\u003e\u003c/p\u003e \n \n \n \u003cp class\u003d\"MsoNormal\"\u003e\u003cspan lang\u003d\"ES\" style\u003d\"color:#44546A;mso-fareast-language:EN-GB\"\u003eMaria Eugenia\u003c/span\u003e\u003c/p\u003e \n \n\u003cp\u003e\u003c/p\u003e \n \n \n\u003cp\u003e\u003c/p\u003e \n \n \n \u003cp class\u003d\"MsoNormal\"\u003e\u003cspan style\u003d\"font-size:12.0pt;color:#44546A\"\u003e\u003c/span\u003e\u003c/p\u003e \n \n\u003cp\u003e\u0026nbsp;\u003c/p\u003e \n \n \n\u003cp\u003e\u003c/p\u003e \n \n \n \u003cp class\u003d\"MsoNormal\"\u003e\u003cspan style\u003d\"font-size:12.0pt\"\u003e\u003c/span\u003e\u003c/p\u003e \n \n\u003cp\u003e\u0026nbsp;\u003c/p\u003e \n \n \n\u003cp\u003e\u003c/p\u003e \n \n \n \u003c/div\u003e\n\n\n \u003cbr\u003e\u003c/br\u003e \u003chr color\u003d\"green\"\u003e\u003c/hr\u003e \u003cbr\u003e\u003c/br\u003e \u003cdiv 