{"finalScore":0.7007700657140844,"sumScore":12.613861182853519,"tagsCounter":18.0,"taggedText":"\u003cdocument\u003eTFS-ICAP London VAT Registered Number 766 0854 05 Beaufort House 15 St. Botolph Street London EC3A 7QX Tel: 020 7198 1500 CURRENCY OPTION CONFIRMATION Banco Santander Madrid TFS Ref Page Date Time Trader : 2621934/0/00 : 1 of 1 : \u003cfecha_inicio begin\u003d\"230\" class\u003d\"extraction-tag ml-tag\" confidence\u003d\"1/19\" data-value\u003d\"12/22/2017\" end\u003d\"241\" ml-tagorder\u003d\"0\" score\u003d\"0.7496308688688073\" style\u003d\"border: 2px solid rgb(125, 157, 1);\" tabnumber\u003d\"0\" tagorder\u003d\"0\"\u003e22 Dec 2017\u003c/fecha_inicio\u003e : 11:01:33.410 (UTC) : Howard Buckley Email: fxoptionsmadrid@gruposantander.com ExtDlvry: Not Applicable SEF Reportable No Option Details Buyer \u003ccontrapartida begin\u003d\"386\" class\u003d\"extraction-tag ml-tag\" confidence\u003d\"1/19\" data-value\u003d\"Credit Agricole CIB\" end\u003d\"405\" ml-tagorder\u003d\"0\" score\u003d\"0.7461580687662647\" style\u003d\"border: 2px solid rgb(125, 157, 1);\" tabnumber\u003d\"0\" tagorder\u003d\"0\"\u003eCredit Agricole CIB\u003c/contrapartida\u003e LEI 1VUV7VQFKUOQSJ21A208 \u003cestrategia begin\u003d\"431\" class\u003d\"extraction-tag ml-tag\" confidence\u003d\"1/19\" data-value\u003d\"Seller\" end\u003d\"437\" ml-tagorder\u003d\"0\" score\u003d\"0.8049956206280915\" style\u003d\"border: 2px solid rgb(125, 157, 1);\" tabnumber\u003d\"0\" tagorder\u003d\"0\"\u003eSeller\u003c/estrategia\u003e Banco Santander Madrid LEI 5493006QMFDDMYWIAM13 Ccy vs Ccy \u003cdivisa1 begin\u003d\"497\" class\u003d\"extraction-tag ml-tag\" confidence\u003d\"1/19\" data-value\u003d\"EUR\" end\u003d\"500\" ml-tagorder\u003d\"0\" score\u003d\"0.5879185953728758\" style\u003d\"border: 2px solid rgb(125, 157, 1);\" tabnumber\u003d\"0\" tagorder\u003d\"0\"\u003eEUR\u003c/divisa1\u003e vs \u003cdivisa2 begin\u003d\"504\" class\u003d\"extraction-tag ml-tag\" confidence\u003d\"1/19\" data-value\u003d\"USD\" end\u003d\"507\" ml-tagorder\u003d\"0\" score\u003d\"0.614685999624051\" style\u003d\"border: 2px solid rgb(125, 157, 1);\" tabnumber\u003d\"0\" tagorder\u003d\"0\"\u003eUSD\u003c/divisa2\u003e Option EUR \u003copcion1 begin\u003d\"519\" class\u003d\"extraction-tag ml-tag\" confidence\u003d\"1/19\" data-value\u003d\"CALL\" end\u003d\"523\" ml-tagorder\u003d\"0\" score\u003d\"0.6553901491592716\" style\u003d\"border: 2px solid rgb(125, 157, 1);\" tabnumber\u003d\"0\" tagorder\u003d\"0\"\u003eCall\u003c/opcion1\u003e Amount EUR \u003cnominal2 begin\u003d\"535\" class\u003d\"extraction-tag ml-tag\" confidence\u003d\"1/19\" data-value\u003d\"50000000,00\" end\u003d\"545\" ml-tagorder\u003d\"0\" score\u003d\"0.5217007842518799\" style\u003d\"border: 2px solid rgb(125, 157, 1);\" tabnumber\u003d\"0\" tagorder\u003d\"0\"\u003e\u003cnominal1 begin\u003d\"535\" class\u003d\"extraction-tag ml-tag\" confidence\u003d\"1/19\" data-value\u003d\"50000000,00\" end\u003d\"545\" ml-tagorder\u003d\"0\" score\u003d\"0.7273467652733768\" style\u003d\"border: 2px solid rgb(125, 157, 1);\" tabnumber\u003d\"0\" tagorder\u003d\"0\"\u003e50,000,000\u003c/nominal1\u003e\u003c/nominal2\u003e Expiry Fri \u003cfecha_vencimiento begin\u003d\"557\" class\u003d\"extraction-tag ml-tag\" confidence\u003d\"1/19\" data-value\u003d\"12/29/2017\" end\u003d\"568\" ml-tagorder\u003d\"0\" score\u003d\"0.7490939012632177\" style\u003d\"border: 2px solid rgb(125, 157, 1);\" tabnumber\u003d\"0\" tagorder\u003d\"0\"\u003e29 Dec 2017\u003c/fecha_vencimiento\u003e \u003ccash_delivery begin\u003d\"569\" class\u003d\"extraction-tag ml-tag\" confidence\u003d\"1/19\" data-value\u003d\"Delivery\" end\u003d\"577\" ml-tagorder\u003d\"0\" score\u003d\"0.5091229691762871\" style\u003d\"border: 2px solid rgb(125, 157, 1);\" tabnumber\u003d\"0\" tagorder\u003d\"0\"\u003eDelivery\u003c/cash_delivery\u003e Wed \u003cfecha_pago_vencimiento begin\u003d\"582\" class\u003d\"extraction-tag ml-tag\" confidence\u003d\"1/19\" data-value\u003d\"01/03/2018\" end\u003d\"593\" ml-tagorder\u003d\"0\" score\u003d\"0.7358469080804478\" style\u003d\"border: 2px solid rgb(125, 157, 1);\" tabnumber\u003d\"0\" tagorder\u003d\"0\"\u003e03 Jan 2018\u003c/fecha_pago_vencimiento\u003e Cut NY 10:00 Style European Strike \u003cstrike_ begin\u003d\"629\" class\u003d\"extraction-tag ml-tag\" confidence\u003d\"1/19\" data-value\u003d\"1.1950\" end\u003d\"635\" ml-tagorder\u003d\"0\" score\u003d\"0.6930841894672433\" style\u003d\"border: 2px solid rgb(125, 157, 1);\" tabnumber\u003d\"0\" tagorder\u003d\"0\"\u003e1.1950\u003c/strike_\u003e Price \u003cprecio begin\u003d\"642\" class\u003d\"extraction-tag ml-tag\" confidence\u003d\"1/19\" data-value\u003d\"0.085\" end\u003d\"659\" ml-tagorder\u003d\"0\" score\u003d\"0.7072375825648832\" style\u003d\"border: 2px solid rgb(125, 157, 1);\" tabnumber\u003d\"0\" tagorder\u003d\"0\"\u003eUSD per1 EUR 8.50\u003c/precio\u003e Premium \u003cdivisa_prima begin\u003d\"668\" class\u003d\"extraction-tag ml-tag\" confidence\u003d\"1/19\" data-value\u003d\"USD\" end\u003d\"671\" ml-tagorder\u003d\"0\" score\u003d\"0.7267839713872839\" style\u003d\"border: 2px solid rgb(125, 157, 1);\" tabnumber\u003d\"0\" tagorder\u003d\"0\"\u003eUSD\u003c/divisa_prima\u003e \u003cprima begin\u003d\"672\" class\u003d\"extraction-tag ml-tag\" confidence\u003d\"1/19\" data-value\u003d\"42500,00\" end\u003d\"681\" ml-tagorder\u003d\"0\" score\u003d\"0.7870654742051154\" style\u003d\"border: 2px solid rgb(125, 157, 1);\" tabnumber\u003d\"0\" tagorder\u003d\"0\"\u003e42,500.00\u003c/prima\u003e Premium Style \u003cspot_forward begin\u003d\"696\" class\u003d\"extraction-tag ml-tag\" confidence\u003d\"1/19\" data-value\u003d\"forward\" end\u003d\"703\" ml-tagorder\u003d\"0\" score\u003d\"0.7176862814083205\" style\u003d\"border: 2px solid rgb(125, 157, 1);\" tabnumber\u003d\"0\" tagorder\u003d\"0\"\u003eForward\u003c/spot_forward\u003e Vol 5.200% UTI \u003cuti_usi begin\u003d\"719\" class\u003d\"extraction-tag ml-tag\" confidence\u003d\"1/19\" data-value\u003d\"1010000286BSECUFXOZ2621934Z1\" end\u003d\"747\" ml-tagorder\u003d\"0\" score\u003d\"0.8457088011445792\" style\u003d\"border: 2px solid rgb(125, 157, 1);\" tabnumber\u003d\"0\" tagorder\u003d\"0\"\u003e1010000286BSECUFXOZ2621934Z1\u003c/uti_usi\u003e Premium Payment You receive USD 42,500.00 Value Date Wed \u003cfecha_pago_prima begin\u003d\"805\" class\u003d\"extraction-tag ml-tag\" confidence\u003d\"1/19\" data-value\u003d\"01/03/2018\" end\u003d\"816\" ml-tagorder\u003d\"0\" score\u003d\"0.7344042522115195\" style\u003d\"border: 2px solid rgb(125, 157, 1);\" tabnumber\u003d\"0\" tagorder\u003d\"0\"\u003e03 Jan 2018\u003c/fecha_pago_prima\u003e Delta Payment Buyer Banco Santander Madrid Seller Credit Agricole CIB Type EURUSD Forward Amount EUR 9,000,000 Rate 1.18715 Value Date 03 Jan 2018 ISIN UTI 1010000286BSECUFXOZ2621934Z2 Brokerage Ccy EUR Amount 750 We have acted as brokers, for your account and risk. For payment of brokerage please refer to our monthly statement. Confirmation queries - telephone 44 (0) 20 7454 9422. Authorised and Regulated by the Financial Conduct Authority. _____ The information herein may have been obtained from various sources. Any opinion expressed may be that of the sender only, is subject to change without notice and should be independently evaluated. Nothing herein constitutes investment advice or an offer, or solicitation of an offer, to buy or sell any financial product. Any data consists of purely indicative prices and should not be relied upon to revalue any commercial positions held by any recipient. Tradition makes no warranty that the data represent or indicates prices at which transactions may be or have been made by any Tradition Group company. To the maximum extent of the law, Tradition accepts no responsibility for, and cannot and does not warrant the integrity, accuracy, quality, completeness, merchantability or suitability for a 