{"finalScore":0.680443389518614,"sumScore":12.928424400853666,"tagsCounter":19.0,"taggedText":"\u003cdocument\u003eTFS-ICAP London VAT Registered Number 766 0854 05 Beaufort House 15 St. Botolph Street London EC3A 7QX Tel: 020 7198 1500 CURRENCY OPTION CONFIRMATION Banco Santander Madrid TFS Ref Page Date Time Trader : 2597126/0/00 : 1 of 1 : \u003cfecha_inicio begin\u003d\"230\" class\u003d\"extraction-tag ml-tag\" confidence\u003d\"1/19\" data-value\u003d\"07/28/2017\" end\u003d\"241\" ml-tagorder\u003d\"0\" score\u003d\"0.8287989410830131\" style\u003d\"border: 2px solid rgb(125, 157, 1);\" tabnumber\u003d\"0\" tagorder\u003d\"0\"\u003e28 Jul 2017\u003c/fecha_inicio\u003e : 07:52:45 (UTC) : Howard Buckley Email: fxoptionsmadrid@gruposantander.com ExtDlvry: Not Applicable Sef Reportable No Option Details \u003cestrategia begin\u003d\"376\" class\u003d\"extraction-tag ml-tag\" confidence\u003d\"1/19\" data-value\u003d\"Buyer\" end\u003d\"381\" ml-tagorder\u003d\"0\" score\u003d\"0.7078262490837686\" style\u003d\"border: 2px solid rgb(125, 157, 1);\" tabnumber\u003d\"0\" tagorder\u003d\"0\"\u003eBuyer\u003c/estrategia\u003e Banco Santander Madrid Seller UBS AG Ccy vs Ccy \u003cdivisa2 begin\u003d\"430\" class\u003d\"extraction-tag ml-tag\" confidence\u003d\"1/19\" data-value\u003d\"EUR\" end\u003d\"433\" ml-tagorder\u003d\"0\" score\u003d\"0.5055533420860958\" style\u003d\"border: 2px solid rgb(125, 157, 1);\" tabnumber\u003d\"0\" tagorder\u003d\"0\"\u003e\u003cdivisa1 begin\u003d\"430\" class\u003d\"extraction-tag ml-tag\" confidence\u003d\"1/19\" data-value\u003d\"EUR\" end\u003d\"433\" ml-tagorder\u003d\"0\" score\u003d\"0.5879185953728758\" style\u003d\"border: 2px solid rgb(125, 157, 1);\" tabnumber\u003d\"0\" tagorder\u003d\"0\"\u003eEUR\u003c/divisa1\u003e\u003c/divisa2\u003e vs \u003cdivisa2 begin\u003d\"437\" class\u003d\"extraction-tag ml-tag\" confidence\u003d\"1/19\" data-value\u003d\"USD\" end\u003d\"440\" ml-tagorder\u003d\"1\" score\u003d\"0.6900982579845548\" style\u003d\"border: 2px solid rgb(125, 157, 1);\" tabnumber\u003d\"1\" tagorder\u003d\"1\"\u003eUSD\u003c/divisa2\u003e Option EUR \u003copcion1 begin\u003d\"452\" class\u003d\"extraction-tag ml-tag\" confidence\u003d\"1/19\" data-value\u003d\"PUT\" end\u003d\"455\" ml-tagorder\u003d\"0\" score\u003d\"0.6778655478364127\" style\u003d\"border: 2px solid rgb(125, 157, 1);\" tabnumber\u003d\"0\" tagorder\u003d\"0\"\u003ePut\u003c/opcion1\u003e Amount EUR \u003cnominal2 begin\u003d\"467\" class\u003d\"extraction-tag ml-tag\" confidence\u003d\"1/19\" data-value\u003d\"50000000,00\" end\u003d\"477\" ml-tagorder\u003d\"0\" score\u003d\"0.517296484852484\" style\u003d\"border: 2px solid rgb(125, 157, 1);\" tabnumber\u003d\"0\" tagorder\u003d\"0\"\u003e\u003cnominal1 begin\u003d\"467\" class\u003d\"extraction-tag ml-tag\" confidence\u003d\"1/19\" data-value\u003d\"50000000,00\" end\u003d\"477\" ml-tagorder\u003d\"0\" score\u003d\"0.690510967241953\" style\u003d\"border: 2px solid rgb(125, 157, 1);\" tabnumber\u003d\"0\" tagorder\u003d\"0\"\u003e50,000,000\u003c/nominal1\u003e\u003c/nominal2\u003e Expiry Fri \u003cfecha_vencimiento begin\u003d\"489\" class\u003d\"extraction-tag ml-tag\" confidence\u003d\"1/19\" data-value\u003d\"08/04/2017\" end\u003d\"500\" ml-tagorder\u003d\"0\" score\u003d\"0.711275351648669\" style\u003d\"border: 2px solid rgb(125, 157, 1);\" tabnumber\u003d\"0\" tagorder\u003d\"0\"\u003e04 Aug 2017\u003c/fecha_vencimiento\u003e \u003ccash_delivery begin\u003d\"501\" class\u003d\"extraction-tag ml-tag\" confidence\u003d\"1/19\" data-value\u003d\"Delivery\" end\u003d\"509\" ml-tagorder\u003d\"0\" score\u003d\"0.6773280293322822\" style\u003d\"border: 2px solid rgb(125, 157, 1);\" tabnumber\u003d\"0\" tagorder\u003d\"0\"\u003eDelivery\u003c/cash_delivery\u003e Tue \u003cfecha_pago_vencimiento begin\u003d\"514\" class\u003d\"extraction-tag ml-tag\" confidence\u003d\"1/19\" data-value\u003d\"08/08/2017\" end\u003d\"525\" ml-tagorder\u003d\"0\" score\u003d\"0.7093202281452676\" style\u003d\"border: 2px solid rgb(125, 157, 1);\" tabnumber\u003d\"0\" tagorder\u003d\"0\"\u003e08 Aug 2017\u003c/fecha_pago_vencimiento\u003e Cut NY 10:00 Style \u003ctipo_de_opcion begin\u003d\"545\" class\u003d\"extraction-tag ml-tag\" confidence\u003d\"1/19\" data-value\u003d\"European\" end\u003d\"553\" ml-tagorder\u003d\"0\" score\u003d\"0.5190081173505912\" style\u003d\"border: 2px solid rgb(125, 157, 1);\" tabnumber\u003d\"0\" tagorder\u003d\"0\"\u003eEuropean\u003c/tipo_de_opcion\u003e Strike \u003cstrike_ begin\u003d\"561\" class\u003d\"extraction-tag ml-tag\" confidence\u003d\"1/19\" data-value\u003d\"1.1600\" end\u003d\"567\" ml-tagorder\u003d\"0\" score\u003d\"0.7192652094905502\" style\u003d\"border: 2px solid rgb(125, 157, 1);\" tabnumber\u003d\"0\" tagorder\u003d\"0\"\u003e1.1600\u003c/strike_\u003e Price \u003cprecio begin\u003d\"574\" class\u003d\"extraction-tag ml-tag\" confidence\u003d\"1/19\" data-value\u003d\"0.155\" end\u003d\"593\" ml-tagorder\u003d\"0\" score\u003d\"0.6407299430289927\" style\u003d\"border: 2px solid rgb(125, 157, 1);\" tabnumber\u003d\"0\" tagorder\u003d\"0\"\u003eUSD per1 EUR (15.50\u003c/precio\u003e) Premium \u003cdivisa_prima begin\u003d\"603\" class\u003d\"extraction-tag ml-tag\" confidence\u003d\"1/19\" data-value\u003d\"USD\" end\u003d\"606\" ml-tagorder\u003d\"0\" score\u003d\"0.7148540353760245\" style\u003d\"border: 2px solid rgb(125, 157, 1);\" tabnumber\u003d\"0\" tagorder\u003d\"0\"\u003eUSD\u003c/divisa_prima\u003e (\u003cprima begin\u003d\"608\" class\u003d\"extraction-tag ml-tag\" confidence\u003d\"1/19\" data-value\u003d\"77500,00\" end\u003d\"617\" ml-tagorder\u003d\"0\" score\u003d\"0.7175381806797309\" style\u003d\"border: 2px solid rgb(125, 157, 1);\" tabnumber\u003d\"0\" tagorder\u003d\"0\"\u003e77,500.00\u003c/prima\u003e) Premium Style \u003cspot_forward begin\u003d\"633\" class\u003d\"extraction-tag ml-tag\" confidence\u003d\"1/19\" data-value\u003d\"forward\" end\u003d\"640\" ml-tagorder\u003d\"0\" score\u003d\"0.7176862814083205\" style\u003d\"border: 2px solid rgb(125, 157, 1);\" tabnumber\u003d\"0\" tagorder\u003d\"0\"\u003eForward\u003c/spot_forward\u003e Vol 7.800% UTI \u003cuti_usi begin\u003d\"656\" class\u003d\"extraction-tag ml-tag\" confidence\u003d\"1/19\" data-value\u003d\"1010000286BSECUFXO-2597126-1\" end\u003d\"684\" ml-tagorder\u003d\"0\" score\u003d\"0.8401433493423724\" style\u003d\"border: 2px solid rgb(125, 157, 1);\" tabnumber\u003d\"0\" tagorder\u003d\"0\"\u003e1010000286BSECUFXO-2597126-1\u003c/uti_usi\u003e Premium Payment You pay USD 77,500.00 Value Date \u003cfecha_pago_prima begin\u003d\"734\" class\u003d\"extraction-tag ml-tag\" confidence\u003d\"1/19\" data-value\u003d\"08/08/2017\" end\u003d\"745\" ml-tagorder\u003d\"0\" score\u003d\"0.7554072895097076\" style\u003d\"border: 2px solid rgb(125, 157, 1);\" tabnumber\u003d\"0\" tagorder\u003d\"0\"\u003e08 Aug 2017\u003c/fecha_pago_prima\u003e Delta Payment Buyer Banco Santander Madrid Seller UBS AG Type EURUSD Forward Amount EUR 10,500,000 Rate 1.16990 Value Date 08 Aug 2017 UTI 1010000286BSECUFXO-2597126-2 Brokerage Ccy USD Amount 0 We have acted as brokers, for your account and risk. For payment of brokerage please refer to our monthly statement. Confirmation queries - telephone 44 (0) 20 7454 9422. Authorised and Regulated by the Financial Conduct Authority. _____ The information herein may have been obtained from various sources. Any opinion expressed may be that of the sender only, is subject to change without notice and should be independently evaluated. Nothing herein constitutes investment advice or an offer, or solicitation of an offer, to buy or sell any financial product. Any data consists of purely indicative prices and should not be relied upon to revalue any commercial positions held by any recipient. Tradition makes no warranty that the data represent or indicates prices at which transactions may be or have been made by any Tradition 