{"finalScore":0.6858289772435239,"sumScore":15.774066476601048,"tagsCounter":23.0,"taggedText":"\u003cdocument\u003eTFS-ICAP London VAT Registered Number 766 0854 05 Beaufort House 15 St. Botolph Street London EC3A 7QX Tel: 020 7198 1500 CURRENCY OPTION CONFIRMATION Banco Santander Madrid TFS Ref Page Date Time Trader : 2596657/0/00 : 1 of 1 : \u003cfecha_inicio begin\u003d\"230\" class\u003d\"extraction-tag ml-tag\" confidence\u003d\"1/18\" data-value\u003d\"07/26/2017\" end\u003d\"241\" ml-tagorder\u003d\"0\" score\u003d\"0.8081969048145793\" style\u003d\"border: 2px solid rgb(125, 157, 1);\" tabnumber\u003d\"0\" tagorder\u003d\"0\"\u003e26 Jul 2017\u003c/fecha_inicio\u003e : 14:37:19 (UTC) : Howard Buckley Email: fxoptionsmadrid@gruposantander.com ExtDlvry: Not Applicable Sef Reportable No Option Details Buyer Royal Bank of Canada Toronto Seller Banco Santander Madrid Ccy vs Ccy \u003cdivisa1 begin\u003d\"452\" class\u003d\"extraction-tag ml-tag\" confidence\u003d\"1/18\" data-value\u003d\"EUR\" end\u003d\"455\" ml-tagorder\u003d\"0\" score\u003d\"0.5666004102587253\" style\u003d\"border: 2px solid rgb(125, 157, 1);\" tabnumber\u003d\"0\" tagorder\u003d\"0\"\u003eEUR\u003c/divisa1\u003e vs \u003cdivisa2 begin\u003d\"459\" class\u003d\"extraction-tag ml-tag\" confidence\u003d\"1/18\" data-value\u003d\"USD\" end\u003d\"462\" ml-tagorder\u003d\"0\" score\u003d\"0.7340397736210974\" style\u003d\"border: 2px solid rgb(125, 157, 1);\" tabnumber\u003d\"0\" tagorder\u003d\"0\"\u003eUSD\u003c/divisa2\u003e Option \u003ctipo_de_opcion begin\u003d\"470\" class\u003d\"extraction-tag ml-tag\" confidence\u003d\"1/18\" data-value\u003d\"STRADDLE\" end\u003d\"478\" ml-tagorder\u003d\"0\" score\u003d\"0.7563265201912157\" style\u003d\"border: 2px solid rgb(125, 157, 1);\" tabnumber\u003d\"0\" tagorder\u003d\"0\"\u003eSTRADDLE\u003c/tipo_de_opcion\u003e Amount EUR \u003cnominal2 begin\u003d\"490\" class\u003d\"extraction-tag ml-tag\" confidence\u003d\"1/18\" data-value\u003d\"12500000,00\" end\u003d\"500\" ml-tagorder\u003d\"0\" score\u003d\"0.5957885030585981\" style\u003d\"border: 2px solid rgb(125, 157, 1);\" tabnumber\u003d\"0\" tagorder\u003d\"0\"\u003e\u003cnominal1 begin\u003d\"490\" class\u003d\"extraction-tag ml-tag\" confidence\u003d\"1/18\" data-value\u003d\"12500000,00\" end\u003d\"500\" ml-tagorder\u003d\"0\" score\u003d\"0.5804594369435128\" style\u003d\"border: 2px solid rgb(125, 157, 1);\" tabnumber\u003d\"0\" tagorder\u003d\"0\"\u003e12,500,000\u003c/nominal1\u003e\u003c/nominal2\u003e / Leg Expiry Thu \u003cfecha_vencimiento begin\u003d\"518\" class\u003d\"extraction-tag ml-tag\" confidence\u003d\"1/18\" data-value\u003d\"04/26/2018\" end\u003d\"529\" ml-tagorder\u003d\"0\" score\u003d\"0.7693669721032466\" style\u003d\"border: 2px solid rgb(125, 157, 1);\" tabnumber\u003d\"0\" tagorder\u003d\"0\"\u003e26 Apr 2018\u003c/fecha_vencimiento\u003e Delivery Mon \u003cfecha_pago_vencimiento begin\u003d\"543\" class\u003d\"extraction-tag ml-tag\" confidence\u003d\"1/18\" data-value\u003d\"04/30/2018\" end\u003d\"554\" ml-tagorder\u003d\"0\" score\u003d\"0.7263360681343474\" style\u003d\"border: 2px solid rgb(125, 157, 1);\" tabnumber\u003d\"0\" tagorder\u003d\"0\"\u003e30 Apr 2018\u003c/fecha_pago_vencimiento\u003e Cut NY 10:00 Style European Strike \u003cstrike_ begin\u003d\"590\" class\u003d\"extraction-tag ml-tag\" confidence\u003d\"1/18\" data-value\u003d\"1.1835\" end\u003d\"596\" ml-tagorder\u003d\"0\" score\u003d\"0.7207900620218544\" style\u003d\"border: 2px solid rgb(125, 157, 1);\" tabnumber\u003d\"0\" tagorder\u003d\"0\"\u003e1.1835\u003c/strike_\u003e Call/Put \u003cdivisa1 begin\u003d\"606\" class\u003d\"extraction-tag ml-tag\" confidence\u003d\"1/18\" data-value\u003d\"EUR\" end\u003d\"609\" ml-tagorder\u003d\"1\" score\u003d\"0.5019100995060286\" style\u003d\"border: 2px solid rgb(125, 157, 1);\" tabnumber\u003d\"1\" tagorder\u003d\"1\"\u003eEUR\u003c/divisa1\u003e \u003copcion1 begin\u003d\"610\" class\u003d\"extraction-tag ml-tag\" confidence\u003d\"1/18\" data-value\u003d\"PUT\" end\u003d\"613\" ml-tagorder\u003d\"0\" score\u003d\"0.7911698890685479\" style\u003d\"border: 2px solid rgb(125, 157, 1);\" tabnumber\u003d\"0\" tagorder\u003d\"0\"\u003ePut\u003c/opcion1\u003e EUR \u003copcion2 begin\u003d\"618\" class\u003d\"extraction-tag ml-tag\" confidence\u003d\"1/18\" data-value\u003d\"CALL\" end\u003d\"622\" ml-tagorder\u003d\"0\" score\u003d\"0.5756402783710881\" style\u003d\"border: 2px solid rgb(125, 157, 1);\" tabnumber\u003d\"0\" tagorder\u003d\"0\"\u003e\u003copcion1 begin\u003d\"618\" class\u003d\"extraction-tag ml-tag\" confidence\u003d\"1/18\" data-value\u003d\"CALL\" end\u003d\"622\" ml-tagorder\u003d\"1\" score\u003d\"0.7039339666914515\" style\u003d\"border: 2px solid rgb(125, 157, 1);\" tabnumber\u003d\"1\" tagorder\u003d\"1\"\u003eCall\u003c/opcion1\u003e\u003c/opcion2\u003e Price \u003cprecio begin\u003d\"629\" class\u003d\"extraction-tag ml-tag\" confidence\u003d\"1/18\" data-value\u003d\"3.185\" end\u003d\"648\" ml-tagorder\u003d\"0\" score\u003d\"0.6828230828774478\" style\u003d\"border: 2px solid rgb(125, 157, 1);\" tabnumber\u003d\"0\" tagorder\u003d\"0\"\u003eUSD per1 EUR 318.50\u003c/precio\u003e \u003cprecio begin\u003d\"649\" class\u003d\"extraction-tag ml-tag\" confidence\u003d\"1/18\" data-value\u003d\"2.9475\" end\u003d\"668\" ml-tagorder\u003d\"1\" score\u003d\"0.7509825615052304\" style\u003d\"border: 2px solid rgb(125, 157, 1);\" tabnumber\u003d\"1\" tagorder\u003d\"1\"\u003eUSD per1 EUR 294.75\u003c/precio\u003e Total Price USD per1 EUR 613.25 Premium \u003cdivisa_prima begin\u003d\"709\" class\u003d\"extraction-tag ml-tag\" confidence\u003d\"1/18\" data-value\u003d\"USD\" end\u003d\"712\" ml-tagorder\u003d\"0\" score\u003d\"0.7544468351646945\" style\u003d\"border: 2px solid rgb(125, 157, 1);\" tabnumber\u003d\"0\" tagorder\u003d\"0\"\u003eUSD\u003c/divisa_prima\u003e \u003cprima begin\u003d\"713\" class\u003d\"extraction-tag ml-tag\" confidence\u003d\"1/18\" data-value\u003d\"398125,00\" end\u003d\"723\" ml-tagorder\u003d\"0\" score\u003d\"0.769423971303734\" style\u003d\"border: 2px solid rgb(125, 157, 1);\" tabnumber\u003d\"0\" tagorder\u003d\"0\"\u003e398,125.00\u003c/prima\u003e \u003cdivisa_prima begin\u003d\"724\" class\u003d\"extraction-tag ml-tag\" confidence\u003d\"1/18\" data-value\u003d\"USD\" end\u003d\"727\" ml-tagorder\u003d\"1\" score\u003d\"0.5820013679392194\" style\u003d\"border: 2px solid rgb(125, 157, 1);\" tabnumber\u003d\"1\" tagorder\u003d\"1\"\u003eUSD\u003c/divisa_prima\u003e \u003cprima begin\u003d\"728\" class\u003d\"extraction-tag ml-tag\" confidence\u003d\"1/18\" data-value\u003d\"368437,50\" end\u003d\"738\" ml-tagorder\u003d\"1\" score\u003d\"0.7093774534332429\" style\u003d\"border: 2px solid rgb(125, 157, 1);\" tabnumber\u003d\"1\" tagorder\u003d\"1\"\u003e368,437.50\u003c/prima\u003e Premium Style \u003cspot_forward begin\u003d\"753\" class\u003d\"extraction-tag ml-tag\" confidence\u003d\"1/18\" data-value\u003d\"forward\" end\u003d\"760\" ml-tagorder\u003d\"0\" score\u003d\"0.5036171791708981\" style\u003d\"border: 2px solid rgb(125, 157, 1);\" tabnumber\u003d\"0\" tagorder\u003d\"0\"\u003eForward\u003c/spot_forward\u003e Vol 7.500% UTI \u003cuti_usi begin\u003d\"776\" class\u003d\"extraction-tag ml-tag\" confidence\u003d\"1/18\" data-value\u003d\"1010000286BSECUFXO-2596657-1\" end\u003d\"804\" ml-tagorder\u003d\"0\" score\u003d\"0.8154340914593107\" style\u003d\"border: 2px solid rgb(125, 157, 1);\" tabnumber\u003d\"0\" tagorder\u003d\"0\"\u003e1010000286BSECUFXO-2596657-1\u003c/uti_usi\u003e \u003cuti_usi begin\u003d\"805\" class\u003d\"extraction-tag ml-tag\" confidence\u003d\"1/18\" data-value\u003d\"1010000286BSECUFXO-2596657-2\" end\u003d\"833\" ml-tagorder\u003d\"1\" score\u003d\"0.7085181415178636\" style\u003d\"border: 2px solid rgb(125, 157, 1);\" tabnumber\u003d\"1\" tagorder\u003d\"1\"\u003e1010000286BSECUFXO-2596657-2\u003c/uti_usi\u003e Premium Payment 