{"finalScore":0.6662219560353626,"sumScore":17.32177085691943,"tagsCounter":26.0,"taggedText":"\u003cdocument\u003eHIHIHIHIHIIHIHIHIHIHIHIHI UR CPTY FOR THIS IS \u003ccontrapartida begin\u003d\"46\" class\u003d\"extraction-tag ml-tag\" confidence\u003d\"1/14\" data-value\u003d\"DEUTSCHE BANK AG LONDON\" end\u003d\"69\" ml-tagorder\u003d\"0\" score\u003d\"0.660127739698644\" style\u003d\"border: 2px solid rgb(125, 157, 1);\" tabnumber\u003d\"0\" tagorder\u003d\"0\"\u003eDEUTSCHE BANK AG LONDON\u003c/contrapartida\u003e Namespace: 1010000274 Option Details Leg 2592651 USI Value: GFIBLTL2592651 UTI Value: \u003cuti_usi begin\u003d\"156\" class\u003d\"extraction-tag ml-tag\" confidence\u003d\"1/14\" data-value\u003d\"GFIBLTL2592651\" end\u003d\"170\" ml-tagorder\u003d\"0\" score\u003d\"0.6742697026236899\" style\u003d\"border: 2px solid rgb(125, 157, 1);\" tabnumber\u003d\"0\" tagorder\u003d\"0\"\u003eGFIBLTL2592651\u003c/uti_usi\u003e Original Leg ID: Block Size: No Reporting Counterparty: No Customer Buy/Sell: \u003cestrategia begin\u003d\"249\" class\u003d\"extraction-tag ml-tag\" confidence\u003d\"1/14\" data-value\u003d\"Sell\" end\u003d\"253\" ml-tagorder\u003d\"0\" score\u003d\"0.6979102138316226\" style\u003d\"border: 2px solid rgb(125, 157, 1);\" tabnumber\u003d\"0\" tagorder\u003d\"0\"\u003eSell\u003c/estrategia\u003e Currency Pair: \u003cdivisa2 begin\u003d\"269\" class\u003d\"extraction-tag ml-tag\" confidence\u003d\"1/14\" data-value\u003d\"MXN\" end\u003d\"275\" ml-tagorder\u003d\"0\" score\u003d\"0.5348876637785179\" style\u003d\"border: 2px solid rgb(125, 157, 1);\" tabnumber\u003d\"0\" tagorder\u003d\"0\"\u003eUSDMXN\u003c/divisa2\u003e Amount (M): 30 USD Call/Put: \u003cdivisa1 begin\u003d\"305\" class\u003d\"extraction-tag ml-tag\" confidence\u003d\"1/14\" data-value\u003d\"MXN\" end\u003d\"308\" ml-tagorder\u003d\"0\" score\u003d\"0.5119146687873503\" style\u003d\"border: 2px solid rgb(125, 157, 1);\" tabnumber\u003d\"0\" tagorder\u003d\"0\"\u003eMXN\u003c/divisa1\u003e \u003copcion1 begin\u003d\"309\" class\u003d\"extraction-tag ml-tag\" confidence\u003d\"1/14\" data-value\u003d\"CALL\" end\u003d\"313\" ml-tagorder\u003d\"0\" score\u003d\"0.7118615640905949\" style\u003d\"border: 2px solid rgb(125, 157, 1);\" tabnumber\u003d\"0\" tagorder\u003d\"0\"\u003eCall\u003c/opcion1\u003e Tenor: Odd Date Expiry Date: \u003cfecha_vencimiento begin\u003d\"343\" class\u003d\"extraction-tag ml-tag\" confidence\u003d\"1/14\" data-value\u003d\"03/06/2018\" end\u003d\"354\" ml-tagorder\u003d\"0\" score\u003d\"0.7760051098182709\" style\u003d\"border: 2px solid rgb(125, 157, 1);\" tabnumber\u003d\"0\" tagorder\u003d\"0\"\u003e06 Mar 2018\u003c/fecha_vencimiento\u003e Delivery Date: \u003cfecha_pago_vencimiento begin\u003d\"370\" class\u003d\"extraction-tag ml-tag\" confidence\u003d\"1/14\" data-value\u003d\"03/08/2018\" end\u003d\"381\" ml-tagorder\u003d\"0\" score\u003d\"0.7489085527264111\" style\u003d\"border: 2px solid rgb(125, 157, 1);\" tabnumber\u003d\"0\" tagorder\u003d\"0\"\u003e08 Mar 2018\u003c/fecha_pago_vencimiento\u003e Cut: 12:30 New York Strike: \u003cstrike_ begin\u003d\"410\" class\u003d\"extraction-tag ml-tag\" confidence\u003d\"1/14\" data-value\u003d\"17.7300\" end\u003d\"417\" ml-tagorder\u003d\"0\" score\u003d\"0.7741911441948502\" style\u003d\"border: 2px solid rgb(125, 157, 1);\" tabnumber\u003d\"0\" tagorder\u003d\"0\"\u003e17.7300\u003c/strike_\u003e Delta(%): 40 Spot: 17.5000 Swap: 6425 Depo(%): 0 USD Vol(%): 11.10 Price: \u003cprecio begin\u003d\"492\" class\u003d\"extraction-tag ml-tag\" confidence\u003d\"1/14\" data-value\u003d\"2.455\" end\u003d\"497\" ml-tagorder\u003d\"0\" score\u003d\"0.6856930388099852\" style\u003d\"border: 2px solid rgb(125, 157, 1);\" tabnumber\u003d\"0\" tagorder\u003d\"0\"\u003e2.455\u003c/precio\u003e PCT USD Premium Amount: \u003cprima begin\u003d\"522\" class\u003d\"extraction-tag ml-tag\" confidence\u003d\"1/14\" data-value\u003d\"736500,00\" end\u003d\"528\" ml-tagorder\u003d\"0\" score\u003d\"0.7089360434532328\" style\u003d\"border: 2px solid rgb(125, 157, 1);\" tabnumber\u003d\"0\" tagorder\u003d\"0\"\u003e736500\u003c/prima\u003e \u003cdivisa_prima begin\u003d\"529\" class\u003d\"extraction-tag ml-tag\" confidence\u003d\"1/14\" data-value\u003d\"USD\" end\u003d\"532\" ml-tagorder\u003d\"0\" score\u003d\"0.7287130198473137\" style\u003d\"border: 2px solid rgb(125, 157, 1);\" tabnumber\u003d\"0\" tagorder\u003d\"0\"\u003eUSD\u003c/divisa_prima\u003e Premium Delivery Date: \u003cfecha_pago_prima begin\u003d\"556\" class\u003d\"extraction-tag ml-tag\" confidence\u003d\"1/14\" data-value\u003d\"03/08/2018\" end\u003d\"567\" ml-tagorder\u003d\"0\" score\u003d\"0.7984861260038513\" style\u003d\"border: 2px solid rgb(125, 157, 1);\" tabnumber\u003d\"0\" tagorder\u003d\"0\"\u003e08 Mar 2018\u003c/fecha_pago_prima\u003e Hedge Details 408721 USI Value: GFIBLTH408721 UTI Value: GFIBLTH408721 Original Id: Reporting Counterparty: No Customer Buy/Sell: Sell Currency Pair: USDMXN Amount (M): 13.8 USD Hedge Rate: 18.1425 Hedge Delivery: 08 Mar 2018 ************************************************************************** **************** UR CPTY FOR THIS IS \u003ccontrapartida begin\u003d\"906\" class\u003d\"extraction-tag ml-tag\" confidence\u003d\"1/14\" data-value\u003d\"DEUTSCHE BANK AG LONOD\" end\u003d\"928\" ml-tagorder\u003d\"1\" score\u003d\"0.6248500844315003\" style\u003d\"border: 2px solid rgb(125, 157, 1);\" tabnumber\u003d\"1\" tagorder\u003d\"1\"\u003eDEUTSCHE BANK AG LONOD\u003c/contrapartida\u003e Namespace: 1010000274 Option Details Leg 2592658 USI Value: GFIBLTL2592658 UTI Value: \u003cuti_usi begin\u003d\"1015\" class\u003d\"extraction-tag ml-tag\" confidence\u003d\"1/14\" data-value\u003d\"GFIBLTL2592658\" end\u003d\"1029\" ml-tagorder\u003d\"1\" score\u003d\"0.6742697026236899\" style\u003d\"border: 2px solid rgb(125, 157, 1);\" tabnumber\u003d\"1\" tagorder\u003d\"1\"\u003eGFIBLTL2592658\u003c/uti_usi\u003e Original Leg ID: Block Size: No Reporting Counterparty: No Customer Buy/Sell: \u003cestrategia begin\u003d\"1108\" class\u003d\"extraction-tag ml-tag\" confidence\u003d\"1/14\" data-value\u003d\"Buy\" end\u003d\"1111\" ml-tagorder\u003d\"1\" score\u003d\"0.6682424774529375\" style\u003d\"border: 2px solid rgb(125, 157, 1);\" tabnumber\u003d\"1\" tagorder\u003d\"1\"\u003eBuy\u003c/estrategia\u003e Currency Pair: \u003cdivisa2 begin\u003d\"1127\" class\u003d\"extraction-tag ml-tag\" confidence\u003d\"1/14\" data-value\u003d\"MXN\" end\u003d\"1133\" ml-tagorder\u003d\"1\" score\u003d\"0.6140519909562259\" style\u003d\"border: 2px solid rgb(125, 157, 1);\" tabnumber\u003d\"1\" tagorder\u003d\"1\"\u003eUSDMXN\u003c/divisa2\u003e Amount (M): 27 USD Call/Put: \u003cdivisa1 begin\u003d\"1163\" class\u003d\"extraction-tag ml-tag\" confidence\u003d\"1/14\" data-value\u003d\"MXN\" end\u003d\"1166\" ml-tagorder\u003d\"1\" score\u003d\"0.5119146687873503\" style\u003d\"border: 2px solid rgb(125, 157, 1);\" tabnumber\u003d\"1\" tagorder\u003d\"1\"\u003eMXN\u003c/divisa1\u003e \u003copcion1 begin\u003d\"1167\" class\u003d\"extraction-tag ml-tag\" confidence\u003d\"1/14\" data-value\u003d\"CALL\" end\u003d\"1171\" ml-tagorder\u003d\"1\" score\u003d\"0.6406734095741654\" style\u003d\"border: 2px solid rgb(125, 157, 1);\" tabnumber\u003d\"1\" tagorder\u003d\"1\"\u003eCall\u003c/opcion1\u003e Tenor: Odd Date Expiry Date: \u003cfecha_vencimiento begin\u003d\"1201\" class\u003d\"extraction-tag ml-tag\" confidence\u003d\"1/14\" data-value\u003d\"06/14/2018\" end\u003d\"1212\" ml-tagorder\u003d\"1\" score\u003d\"0.7250139491014237\" style\u003d\"border: 2px solid rgb(125, 157, 1);\" tabnumber\u003d\"1\" tagorder\u003d\"1\"\u003e14 Jun 2018\u003c/fecha_vencimiento\u003e Delivery Date: \u003cfecha_pago_vencimiento begin\u003d\"1228\" class\u003d\"extraction-tag ml-tag\" confidence\u003d\"1/14\" data-value\u003d\"06/18/2018\" end\u003d\"1239\" ml-tagorder\u003d\"1\" 