{"finalScore":0.7087352662934531,"sumScore":12.757234793282155,"tagsCounter":18.0,"taggedText":"\u003cdocument\u003e\u003cstyle type\u003d\"text/css\"\u003e\u003c/style\u003e\u003cdiv\u003e\u003cp\u003e\u003cestrategia begin\u003d\"16\" class\u003d\"extraction-tag ml-tag\" confidence\u003d\"1/18\" data-value\u003d\"BUYS\" end\u003d\"20\" ml-tagorder\u003d\"0\" score\u003d\"0.8163962571035954\" style\u003d\"border: 2px solid rgb(125, 157, 1);\" tabnumber\u003d\"0\" tagorder\u003d\"0\"\u003e\u003cbase\u003e\u003c/base\u003e\u003cmeta content\u003d\"text-html; charset\u003dutf-8\"\u003e\u003c/meta\u003eBUYS\u003c/estrategia\u003e \u003cnominal2 begin\u003d\"21\" class\u003d\"extraction-tag ml-tag\" confidence\u003d\"1/18\" data-value\u003d\"5000000,00\" end\u003d\"23\" ml-tagorder\u003d\"0\" score\u003d\"0.5851826218302877\" style\u003d\"border: 2px solid rgb(125, 157, 1);\" tabnumber\u003d\"0\" tagorder\u003d\"0\"\u003e\u003cnominal1 begin\u003d\"21\" class\u003d\"extraction-tag ml-tag\" confidence\u003d\"1/18\" data-value\u003d\"5000000,00\" end\u003d\"23\" ml-tagorder\u003d\"0\" score\u003d\"0.7359066114133078\" style\u003d\"border: 2px solid rgb(125, 157, 1);\" tabnumber\u003d\"0\" tagorder\u003d\"0\"\u003e5M\u003c/nominal1\u003e\u003c/nominal2\u003e USD PER LEG FROM \u003ccontrapartida begin\u003d\"41\" class\u003d\"extraction-tag ml-tag\" confidence\u003d\"1/18\" data-value\u003d\"PZL RRNZWM\" end\u003d\"51\" ml-tagorder\u003d\"0\" score\u003d\"0.679017404979929\" style\u003d\"border: 2px solid rgb(125, 157, 1);\" tabnumber\u003d\"0\" tagorder\u003d\"0\"\u003ePZL RRNZWM\u003c/contrapartida\u003e\u003c/p\u003e \n \n \n\u003cp\u003e\u003cstrike_ begin\u003d\"53\" class\u003d\"extraction-tag ml-tag\" confidence\u003d\"1/18\" data-value\u003d\"19.0335\" end\u003d\"60\" ml-tagorder\u003d\"0\" score\u003d\"0.6809500120923441\" style\u003d\"border: 2px solid rgb(125, 157, 1);\" tabnumber\u003d\"0\" tagorder\u003d\"0\"\u003e19.0335\u003c/strike_\u003e \u003cdivisa2 begin\u003d\"61\" class\u003d\"extraction-tag ml-tag\" confidence\u003d\"1/18\" data-value\u003d\"MXN\" end\u003d\"67\" ml-tagorder\u003d\"0\" score\u003d\"0.7639805832144564\" style\u003d\"border: 2px solid rgb(125, 157, 1);\" tabnumber\u003d\"0\" tagorder\u003d\"0\"\u003e\u003cdivisa1 begin\u003d\"61\" class\u003d\"extraction-tag ml-tag\" confidence\u003d\"1/18\" data-value\u003d\"USD\" end\u003d\"67\" ml-tagorder\u003d\"0\" score\u003d\"0.6084354067685497\" style\u003d\"border: 2px solid rgb(125, 157, 1);\" tabnumber\u003d\"0\" tagorder\u003d\"0\"\u003eUSDMXN\u003c/divisa1\u003e\u003c/divisa2\u003e \u003ctipo_de_opcion begin\u003d\"68\" class\u003d\"extraction-tag ml-tag\" confidence\u003d\"1/18\" data-value\u003d\"STRADDLE\" end\u003d\"76\" ml-tagorder\u003d\"0\" score\u003d\"0.725431806653849\" style\u003d\"border: 2px solid rgb(125, 157, 1);\" tabnumber\u003d\"0\" tagorder\u003d\"0\"\u003eSTRADDLE\u003c/tipo_de_opcion\u003e\u003c/p\u003e \n \n \n\u003cp\u003e\u003cfecha_vencimiento begin\u003d\"78\" class\u003d\"extraction-tag ml-tag\" confidence\u003d\"1/18\" data-value\u003d\"12/20/2018\" end\u003d\"92\" ml-tagorder\u003d\"0\" score\u003d\"0.6753968063407251\" style\u003d\"border: 2px solid rgb(125, 157, 1);\" tabnumber\u003d\"0\" tagorder\u003d\"0\"\u003e\u003cfecha_pago_vencimiento begin\u003d\"78\" class\u003d\"extraction-tag ml-tag\" confidence\u003d\"1/18\" data-value\u003d\"12/20/2018\" end\u003d\"92\" ml-tagorder\u003d\"0\" score\u003d\"0.7850129870753372\" style\u003d\"border: 2px solid rgb(125, 157, 1);\" tabnumber\u003d\"0\" tagorder\u003d\"0\"\u003e18-20 DEC 2017\u003c/fecha_pago_vencimiento\u003e\u003c/fecha_vencimiento\u003e\u003c/p\u003e \n \n \n\u003cp\u003eVOL 11.95\u003c/p\u003e \n \n \n\u003cp\u003e\u003c/p\u003e \n \n \n\u003cp\u003ePX TOT: 3.8975% USD\u003c/p\u003e \n \n \n\u003cp\u003eE/S: \u003cprecio begin\u003d\"133\" class\u003d\"extraction-tag ml-tag\" confidence\u003d\"1/18\" data-value\u003d\"1.948750\" end\u003d\"142\" ml-tagorder\u003d\"0\" score\u003d\"0.8302258387197804\" style\u003d\"border: 2px solid rgb(125, 157, 1);\" tabnumber\u003d\"0\" tagorder\u003d\"0\"\u003e1.948750%\u003c/precio\u003e \u003cdivisa_prima begin\u003d\"143\" class\u003d\"extraction-tag ml-tag\" confidence\u003d\"1/18\" data-value\u003d\"USD\" end\u003d\"146\" ml-tagorder\u003d\"0\" score\u003d\"0.7927118921027079\" style\u003d\"border: 2px solid rgb(125, 157, 1);\" tabnumber\u003d\"0\" tagorder\u003d\"0\"\u003eUSD\u003c/divisa_prima\u003e\u003c/p\u003e \n \n \n\u003cp\u003e\u003cspot_forward begin\u003d\"148\" class\u003d\"extraction-tag ml-tag\" confidence\u003d\"1/18\" data-value\u003d\"Spot\" end\u003d\"152\" ml-tagorder\u003d\"0\" score\u003d\"0.524580374812141\" style\u003d\"border: 2px solid rgb(125, 157, 1);\" tabnumber\u003d\"0\" tagorder\u003d\"0\"\u003eSPOT\u003c/spot_forward\u003e: 18.8350\u003c/p\u003e \n \n \n\u003cp\u003eSWAP: 1985\u003c/p\u003e \n \n \n\u003cp\u003eDEPO: 0.0\u003c/p\u003e \n \n \n\u003cp\u003e\u003c/p\u003e \n \n \n\u003cp\u003e\u003ccash_delivery begin\u003d\"188\" class\u003d\"extraction-tag ml-tag\" confidence\u003d\"1/18\" data-value\u003d\"\" end\u003d\"193\" ml-tagorder\u003d\"0\" score\u003d\"0.6562964839426157\" style\u003d\"border: 2px solid rgb(125, 157, 1);\" tabnumber\u003d\"0\" tagorder\u003d\"0\"\u003eHEDGE\u003c/cash_delivery\u003e SANT BUYS 700K USD FROM UBS @ 19.0335\u003c/p\u003e \n \n \n\u003cp\u003ePREM AND HEDGE VALUED \u003cfecha_pago_prima begin\u003d\"255\" class\u003d\"extraction-tag ml-tag\" confidence\u003d\"1/18\" data-value\u003d\"12/20/2017\" end\u003d\"266\" ml-tagorder\u003d\"0\" score\u003d\"0.7467067319583408\" style\u003d\"border: 2px solid rgb(125, 157, 1);\" tabnumber\u003d\"0\" tagorder\u003d\"0\"\u003e20 DEC 2017\u003c/fecha_pago_prima\u003e\u003c/p\u003e \n \n \n\u003cp\u003e\u003c/p\u003e \n \n \n\u003cp\u003eMP: \u003cspan\u003e\u003cuti_usi begin\u003d\"274\" class\u003d\"extraction-tag ml-tag\" confidence\u003d\"1/18\" data-value\u003d\"1010000283M035X20171018XFO003045064743X1XX\" end\u003d\"316\" ml-tagorder\u003d\"0\" score\u003d\"0.7691359999021292\" style\u003d\"border: 2px solid rgb(125, 157, 1);\" tabnumber\u003d\"0\" tagorder\u003d\"0\"\u003e1010000283M035X20171018XFO003045064743X1XX\u003c/uti_usi\u003e\u003c/span\u003e\u003c/p\u003e \n \n \n\u003cp\u003e\u003copcion1 begin\u003d\"318\" class\u003d\"extraction-tag ml-tag\" confidence\u003d\"1/18\" data-value\u003d\"MC\" end\u003d\"320\" ml-tagorder\u003d\"0\" score\u003d\"0.6348443062730104\" style\u003d\"border: 2px solid rgb(125, 157, 1);\" tabnumber\u003d\"0\" tagorder\u003d\"0\"\u003eMC\u003c/opcion1\u003e:\u003cspan\u003e\u003cuti_usi begin\u003d\"321\" class\u003d\"extraction-tag ml-tag\" confidence\u003d\"1/18\" data-value\u003d\"1010000283M035X20171018XFO003045064743X2XX\" end\u003d\"363\" ml-tagorder\u003d\"1\" score\u003d\"0.7470226680990489\" style\u003d\"border: 2px solid rgb(125, 157, 1);\" tabnumber\u003d\"1\" tagorder\u003d\"1\"\u003e1010000283M035X20171018XFO003045064743X2XX\u003c/uti_usi\u003e\u003c/span\u003e\u003c/p\u003e \n \n \n\u003cp\u003e\u003c/p\u003e \n \n \n\u003cp\u003e\u003c/p\u003e \n \n \n\u003cp\u003e\u003cstrong\u003eJames Hatton\u003c/strong\u003e\u003c/p\u003e \n \n \n\u003cp\u003eBGC Partners\u003c/p\u003e \n \n \n\u003cp\u003eFX Options\u003c/p\u003e \n \n \n\u003cp\u003e1-212-829-5497- Desk\u003c/p\u003e \n \n \n\u003cp\u003e\u003c/p\u003e \n \n \n\u003cp\u003eAll transaction details sent to you are for your convenience only. All transactions are subject to final terms as indicated on the confirmation provided by BGC Derivatives Markets, LP\u003c/p\u003e \n \n \n\u003cp\u003e\u003c/p\u003e \n \n \n\u003c/div\u003e\n\n\n http://www.bgcpartners.com CONFIDENTIAL: This e-mail has been sent to you by one of the BGC entities (collectively BGC) Please see important legal information and disclaimer relating to this mail at the following links: http://www.bgcpartners.com/disclaimers/ Please see for BGC Disclosures The 