{"finalScore":0.7549975952879987,"sumScore":10.569966334031982,"tagsCounter":14.0,"taggedText":"\u003cdocument\u003e\u003cstyle type\u003d\"text/css\"\u003e\u003c/style\u003e\u003cdiv\u003e\u003cp\u003e\u003cspan\u003e\u003cbase\u003e\u003c/base\u003e\u003cmeta content\u003d\"text-html; charset\u003dutf-8\"\u003e\u003c/meta\u003e\u003c/span\u003e\u003c/p\u003e \n \u003cp\u003e\u003c/p\u003e \n \n \n\u003cp\u003e\u003cspan\u003e16,859,775\u003c/span\u003e\u003c/p\u003e \n \n \n\u003cp\u003e\u003cspan\u003e16,859,783\u003c/span\u003e\u003c/p\u003e \n \n \n\u003cp\u003e\u003c/p\u003e \n \n \n\u003cp\u003e\u003cspan\u003eSan Madrid \u003cestrategia begin\u003d\"55\" class\u003d\"extraction-tag ml-tag\" confidence\u003d\"1/13\" data-value\u003d\"buys\" end\u003d\"59\" ml-tagorder\u003d\"0\" score\u003d\"0.8544962539916041\" style\u003d\"border: 2px solid rgb(125, 157, 1);\" tabnumber\u003d\"0\" tagorder\u003d\"0\"\u003ebuys\u003c/estrategia\u003e \u003cnominal1 begin\u003d\"60\" class\u003d\"extraction-tag ml-tag\" confidence\u003d\"1/13\" data-value\u003d\"22000000,00\" end\u003d\"66\" ml-tagorder\u003d\"0\" score\u003d\"0.8065552641099886\" style\u003d\"border: 2px solid rgb(125, 157, 1);\" tabnumber\u003d\"0\" tagorder\u003d\"0\"\u003e22mios\u003c/nominal1\u003e \u003copcion2 begin\u003d\"67\" class\u003d\"extraction-tag ml-tag\" confidence\u003d\"1/13\" data-value\u003d\"CALL\" end\u003d\"80\" ml-tagorder\u003d\"0\" score\u003d\"0.8074554583555951\" style\u003d\"border: 2px solid rgb(125, 157, 1);\" tabnumber\u003d\"0\" tagorder\u003d\"0\"\u003e\u003copcion1 begin\u003d\"67\" class\u003d\"extraction-tag ml-tag\" confidence\u003d\"1/13\" data-value\u003d\"PUT\" end\u003d\"80\" ml-tagorder\u003d\"0\" score\u003d\"0.8177972329295563\" style\u003d\"border: 2px solid rgb(125, 157, 1);\" tabnumber\u003d\"0\" tagorder\u003d\"0\"\u003e\u003cdivisa2 begin\u003d\"67\" class\u003d\"extraction-tag ml-tag\" confidence\u003d\"1/13\" data-value\u003d\"MXN\" end\u003d\"80\" ml-tagorder\u003d\"0\" score\u003d\"0.7846384292296795\" style\u003d\"border: 2px solid rgb(125, 157, 1);\" tabnumber\u003d\"0\" tagorder\u003d\"0\"\u003e\u003cdivisa1 begin\u003d\"67\" class\u003d\"extraction-tag ml-tag\" confidence\u003d\"1/13\" data-value\u003d\"USD\" end\u003d\"80\" ml-tagorder\u003d\"0\" score\u003d\"0.7523489759082485\" style\u003d\"border: 2px solid rgb(125, 157, 1);\" tabnumber\u003d\"0\" tagorder\u003d\"0\"\u003eUSDPutMXNCall\u003c/divisa1\u003e\u003c/divisa2\u003e\u003c/opcion1\u003e\u003c/opcion2\u003e \u003cfecha_vencimiento begin\u003d\"81\" class\u003d\"extraction-tag ml-tag\" confidence\u003d\"1/13\" data-value\u003d\"30OctNov 2017\" end\u003d\"97\" ml-tagorder\u003d\"0\" score\u003d\"0.7385348235109854\" style\u003d\"border: 2px solid rgb(125, 157, 1);\" tabnumber\u003d\"0\" tagorder\u003d\"0\"\u003e\u003cfecha_pago_vencimiento begin\u003d\"81\" class\u003d\"extraction-tag ml-tag\" confidence\u003d\"1/13\" data-value\u003d\"11/01/2017\" end\u003d\"97\" ml-tagorder\u003d\"0\" score\u003d\"0.7676313042081616\" style\u003d\"border: 2px solid rgb(125, 157, 1);\" tabnumber\u003d\"0\" tagorder\u003d\"0\"\u003e30Oct/01Nov 2017\u003c/fecha_pago_vencimiento\u003e\u003c/fecha_vencimiento\u003e \u003cstrike_ begin\u003d\"98\" class\u003d\"extraction-tag ml-tag\" confidence\u003d\"1/13\" data-value\u003d\"18.00\" end\u003d\"103\" ml-tagorder\u003d\"0\" score\u003d\"0.7106254534393349\" style\u003d\"border: 2px solid rgb(125, 157, 1);\" tabnumber\u003d\"0\" tagorder\u003d\"0\"\u003e18.00\u003c/strike_\u003e; \u003cspot_forward begin\u003d\"105\" class\u003d\"extraction-tag ml-tag\" confidence\u003d\"1/13\" data-value\u003d\"forward\" end\u003d\"108\" ml-tagorder\u003d\"0\" score\u003d\"0.5523701479913546\" style\u003d\"border: 2px solid rgb(125, 157, 1);\" tabnumber\u003d\"0\" tagorder\u003d\"0\"\u003eFwd\u003c/spot_forward\u003e Prem \u003cprecio begin\u003d\"114\" class\u003d\"extraction-tag ml-tag\" confidence\u003d\"1/13\" data-value\u003d\"0.5155\" end\u003d\"124\" ml-tagorder\u003d\"0\" score\u003d\"0.8702565885112219\" style\u003d\"border: 2px solid rgb(125, 157, 1);\" tabnumber\u003d\"0\" tagorder\u003d\"0\"\u003e0.5155%\u003cdivisa_prima begin\u003d\"121\" class\u003d\"extraction-tag ml-tag\" confidence\u003d\"1/13\" data-value\u003d\"USD\" end\u003d\"124\" ml-tagorder\u003d\"0\" score\u003d\"0.7874879599594574\" style\u003d\"border: 2px solid rgb(125, 157, 1);\" tabnumber\u003d\"0\" tagorder\u003d\"0\"\u003eUSD\u003c/divisa_prima\u003e\u003c/precio\u003e\u003c/span\u003e\u003c/p\u003e \n \n \n\u003cp\u003e\u003cspan\u003e\u003cestrategia begin\u003d\"126\" class\u003d\"extraction-tag ml-tag\" confidence\u003d\"1/13\" data-value\u003d\"Buys\" end\u003d\"130\" ml-tagorder\u003d\"1\" score\u003d\"0.6863892463612093\" style\u003d\"border: 2px solid rgb(125, 157, 1);\" tabnumber\u003d\"1\" tagorder\u003d\"1\"\u003eBuys\u003c/estrategia\u003e \u003cnominal1 begin\u003d\"131\" class\u003d\"extraction-tag ml-tag\" confidence\u003d\"1/13\" data-value\u003d\"5000000,00\" end\u003d\"136\" ml-tagorder\u003d\"1\" score\u003d\"0.6333791955255826\" style\u003d\"border: 2px solid rgb(125, 157, 1);\" tabnumber\u003d\"1\" tagorder\u003d\"1\"\u003e5mios\u003c/nominal1\u003e USDMXN value Nov01 2017 18.3270\u003c/span\u003e\u003c/p\u003e \n \n \n\u003cp\u003e\u003c/p\u003e \n \n \n\u003cp\u003e\u003cspan\u003eUn saludo,\u003c/span\u003e\u003c/p\u003e \n \n \n\u003cp\u003e\u003cspan\u003eMaria Eugenia\u003c/span\u003e\u003c/p\u003e \n \n \n\u003cp\u003e\u003c/p\u003e \n \n \n\u003cp\u003e\u003c/p\u003e \n \n \n\u003c/div\u003e\n\n\n\u003cdiv\u003e\u003cp\u003e\u003cspan\u003e\u003cfont\u003eAntes de imprimir este mensaje o sus documentos anexos, aseg?rese de que es necesario. Proteger el medio ambiente est? en nuestras manos. Before printing this e-mail or attachments, be sure it is necessary. It is in our hands to protect the environment.\u003c/font\u003e\u003c/span\u003e\u003c/p\u003e \n \n \n\u003c/div\u003e\n\n\n\u003cmeta-manual-answer data-code\u003d\"id_operacion\" data-na\u003d\"true\"\u003e\u003c/meta-manual-answer\u003e\u003cmeta-manual-answer data-code\u003d\"contrapartida\" data-na\u003d\"true\" tabnumber\u003d\"0\"\u003e\u003c/meta-manual-answer\u003e\u003cmeta-manual-answer data-code\u003d\"contrapartida_corta\" data-na\u003d\"true\" tabnumber\u003d\"0\"\u003e\u003c/meta-manual-answer\u003e\u003cmeta-manual-answer data-code\u003d\"tipo_de_opcion\" data-na\u003d\"true\" tabnumber\u003d\"0\"\u003e\u003c/meta-manual-answer\u003e\u003cmeta-manual-answer data-code\u003d\"nominal2\" data-na\u003d\"true\" tabnumber\u003d\"0\"\u003e\u003c/meta-manual-answer\u003e\u003cmeta-manual-answer data-code\u003d\"prima\" data-na\u003d\"true\" tabnumber\u003d\"0\"\u003e\u003c/meta-manual-answer\u003e\u003cmeta-manual-answer data-code\u003d\"fecha_pago_prima\" data-na\u003d\"true\" tabnumber\u003d\"0\"\u003e\u003c/meta-manual-answer\u003e\u003cmeta-manual-answer data-code\u003d\"fecha_inicio\" data-na\u003d\"true\" tabnumber\u003d\"0\"\u003e\u003c/meta-manual-answer\u003e\u003cmeta-manual-answer data-code\u003d\"uti_usi\" data-na\u003d\"true\" tabnumber\u003d\"0\"\u003e\u003c/meta-manual-answer\u003e\u003cmeta-manual-answer data-code\u003d\"cash_delivery\" data-na\u003d\"true\" tabnumber\u003d\"0\"\u003e\u003c/meta-manual-answer\u003e\u003cmeta-manual-answer data-code\u003d\"barrier\" data-na\u003d\"true\" tabnumber\u003d\"0\"\u003e\u003c/meta-manual-answer\u003e\u003cmeta-manual-answer data-code\u003d\"barrier_start_date\" data-na\u003d\"true\" tabnumber\u003d\"0\"\u003e\u003c/meta-manual-answer\u003e\u003cmeta-manual-answer data-code\u003d\"estilo_barrera\" data-na\u003d\"true\" tabnumber\u003d\"0\"\u003e\u003c/meta-manual-answer\u003e\u003cmeta-manual-answer data-code\u003d\"rebate\" data-na\u003d\"true\" tabnumber\u003d\"0\"\u003e\u003c/meta-manual-answer\u003e\u003cmeta-manual-answer data-code\u003d\"id_operacion\" 