{"finalScore":0.6954190218161734,"sumScore":9.735866305426429,"tagsCounter":14.0,"taggedText":"\u003cdocument\u003eU \u003cestrategia begin\u003d\"2\" class\u003d\"extraction-tag ml-tag\" confidence\u003d\"1/14\" data-value\u003d\"BUYY\" end\u003d\"6\" ml-tagorder\u003d\"0\" score\u003d\"0.7178463988598636\" style\u003d\"border: 2px solid rgb(125, 157, 1);\" tabnumber\u003d\"0\" tagorder\u003d\"0\"\u003eBUYY\u003c/estrategia\u003e\u003cdiv class\u003d\"groupTabPosition active-tab-index\" data-content\u003d\"1\"\u003e\u003c/div\u003e\n\n\n FROM ODVXTD GDUEKXDC TST HKAIQM 5 MIO EUR PER LEG OF A \u003cstrike_ begin\u003d\"63\" class\u003d\"extraction-tag ml-tag\" confidence\u003d\"1/14\" data-value\u003d\"23.0710\" end\u003d\"70\" ml-tagorder\u003d\"0\" score\u003d\"0.7684985710199937\" style\u003d\"border: 2px solid rgb(125, 157, 1);\" tabnumber\u003d\"0\" tagorder\u003d\"0\"\u003e23.0710\u003c/strike_\u003e \u003cdivisa2 begin\u003d\"71\" class\u003d\"extraction-tag ml-tag\" confidence\u003d\"1/14\" data-value\u003d\"MXN\" end\u003d\"77\" ml-tagorder\u003d\"0\" score\u003d\"0.8578814374260622\" style\u003d\"border: 2px solid rgb(125, 157, 1);\" tabnumber\u003d\"0\" tagorder\u003d\"0\"\u003e\u003cdivisa1 begin\u003d\"71\" class\u003d\"extraction-tag ml-tag\" confidence\u003d\"1/14\" data-value\u003d\"EUR\" end\u003d\"77\" ml-tagorder\u003d\"0\" score\u003d\"0.5908279734002755\" style\u003d\"border: 2px solid rgb(125, 157, 1);\" tabnumber\u003d\"0\" tagorder\u003d\"0\"\u003eEURMXN\u003c/divisa1\u003e\u003c/divisa2\u003e \u003ctipo_de_opcion begin\u003d\"78\" class\u003d\"extraction-tag ml-tag\" confidence\u003d\"1/14\" data-value\u003d\"STRADDLE\" end\u003d\"86\" ml-tagorder\u003d\"0\" score\u003d\"0.7459035410643183\" style\u003d\"border: 2px solid rgb(125, 157, 1);\" tabnumber\u003d\"0\" tagorder\u003d\"0\"\u003eSTRADDLE\u003c/tipo_de_opcion\u003e EXP[IRY 16 РІР\u0026sbquo;вЂњ \u003cfecha_pago_vencimiento begin\u003d\"106\" class\u003d\"extraction-tag ml-tag\" confidence\u003d\"1/14\" data-value\u003d\"21\" end\u003d\"108\" ml-tagorder\u003d\"0\" score\u003d\"0.6603689497716551\" style\u003d\"border: 2px solid rgb(125, 157, 1);\" tabnumber\u003d\"0\" tagorder\u003d\"0\"\u003e21\u003c/fecha_pago_vencimiento\u003e FEB 2018 MEX CUT \u003cspot_forward begin\u003d\"126\" class\u003d\"extraction-tag ml-tag\" confidence\u003d\"1/14\" data-value\u003d\"Spot\" end\u003d\"130\" ml-tagorder\u003d\"0\" score\u003d\"0.586428721155936\" style\u003d\"border: 2px solid rgb(125, 157, 1);\" tabnumber\u003d\"0\" tagorder\u003d\"0\"\u003eSPOT\u003c/spot_forward\u003e 22.733 VOL 11.3 SWAP 3380.0 DEPO 0.00 PRICE TOTAL 3.625% \u003cdivisa_prima begin\u003d\"188\" class\u003d\"extraction-tag ml-tag\" confidence\u003d\"1/14\" data-value\u003d\"EUR\" end\u003d\"191\" ml-tagorder\u003d\"0\" score\u003d\"0.7084640850250029\" style\u003d\"border: 2px solid rgb(125, 157, 1);\" tabnumber\u003d\"0\" tagorder\u003d\"0\"\u003eEUR\u003c/divisa_prima\u003e E/S \u003cprecio begin\u003d\"196\" class\u003d\"extraction-tag ml-tag\" confidence\u003d\"1/14\" data-value\u003d\"1.8125\" end\u003d\"202\" ml-tagorder\u003d\"0\" score\u003d\"0.7921665942569696\" style\u003d\"border: 2px solid rgb(125, 157, 1);\" tabnumber\u003d\"0\" tagorder\u003d\"0\"\u003e1.8125\u003c/precio\u003e PREMV ALUE \u003cfecha_pago_prima begin\u003d\"214\" class\u003d\"extraction-tag ml-tag\" confidence\u003d\"1/14\" data-value\u003d\"02/21/2018\" end\u003d\"221\" ml-tagorder\u003d\"0\" score\u003d\"0.7068820148128732\" style\u003d\"border: 2px solid rgb(125, 157, 1);\" tabnumber\u003d\"0\" tagorder\u003d\"0\"\u003e21FEB18\u003c/fecha_pago_prima\u003e HEDGE U BUY 0.5 MIO EUR AT 23.0710 VAL 21FEB18 EUR \u003copcion1 begin\u003d\"273\" class\u003d\"extraction-tag ml-tag\" confidence\u003d\"1/14\" data-value\u003d\"CALL\" end\u003d\"277\" ml-tagorder\u003d\"0\" score\u003d\"0.5028596506623233\" style\u003d\"border: 2px solid rgb(125, 157, 1);\" tabnumber\u003d\"0\" tagorder\u003d\"0\"\u003eCALL\u003c/opcion1\u003e \u003cuti_usi begin\u003d\"278\" class\u003d\"extraction-tag ml-tag\" confidence\u003d\"1/14\" data-value\u003d\"1010000283M035X20171219XFO003046054593X1XX\" end\u003d\"320\" ml-tagorder\u003d\"0\" score\u003d\"0.7241506903278448\" style\u003d\"border: 2px solid rgb(125, 157, 1);\" tabnumber\u003d\"0\" tagorder\u003d\"0\"\u003e1010000283M035X20171219XFO003046054593X1XX\u003c/uti_usi\u003e EUR \u003copcion1 begin\u003d\"325\" class\u003d\"extraction-tag ml-tag\" confidence\u003d\"1/14\" data-value\u003d\"PUT\" end\u003d\"328\" ml-tagorder\u003d\"1\" score\u003d\"0.6482799174275012\" style\u003d\"border: 2px solid rgb(125, 157, 1);\" tabnumber\u003d\"1\" tagorder\u003d\"1\"\u003ePUT\u003c/opcion1\u003e \u003cuti_usi begin\u003d\"329\" class\u003d\"extraction-tag ml-tag\" confidence\u003d\"1/14\" data-value\u003d\"1010000283M035X20171219XFO003046054593X2XX\" end\u003d\"371\" ml-tagorder\u003d\"1\" score\u003d\"0.7253077602158075\" style\u003d\"border: 2px solid rgb(125, 157, 1);\" tabnumber\u003d\"1\" tagorder\u003d\"1\"\u003e1010000283M035X20171219XFO003046054593X2XX\u003c/uti_usi\u003e Regards, Thomas Purcell BGC Partners FX Options (212) 829-5497 All transaction details sent to you are for your convenience only. All transactions are subject to final terms as indicated on the confirmation provided by BGC Derivatives Markets, LP _____ http://www.bgcpartners.com CONFIDENTIAL: This e-mail has been sent to you by one of the BGC entities (collectively BGC) Please see important legal information and disclaimer relating to this mail at the following links: http://www.bgcpartners.com/disclaimers/ Please see for BGC Disclosures The link contains company and FCA registration numbers. This e-mail, including its contents and attachments, if any, are confidential. If you are not the named recipient please notify the sender and immediately delete it. You may not disseminate, distribute, or forward this e-mail message or disclose its contents to anybody else. Copyright and any other intellectual property rights in its contents are the sole property of BGC and its affiliates. E-mail transmission cannot be guaranteed to be secure or error-free. The sender therefore does not accept liability for any errors or omissions in the contents of this message which arise as a result of e-mail transmission. If verification is required please request a hard-copy version. Although we routinely screen for viruses, addressees should check this e-mail and any attachments for viruses. We make no representation or warranty as to the absence of viruses in this e-mail or any attachments. Please note that to ensure regulatory compliance and for the protection of our customers and business, we may monitor and read e-mails sent to and from our server(s). The registered offices of the BGC entities are at 1 Churchill Place, London, E14 5RD. For any issues arising from this email please reply to the sender. The FCA register appears at http://www.FCA.org.uk/register/. The FCA regulates the financial services industry in the United Kingdom and is located at 25 The North Colonnade, Canary Wharf, London, E14 5HS. BGC Financial LP CFTC Rule 1.55(K) Firm Specific Disclosure Statement \u003cmeta-manual-answer data-code\u003d\"id_operacion\" data-na\u003d\"true\"\u003e\u003c/meta-manual-answer\u003e\u003cmeta-manual-answer data-code\u003d\"contrapartida_corta\" data-na\u003d\"true\" tabnumber\u003d\"0\"\u003e\u003c/meta-manual-answer\u003e\u003cmeta-manual-answer data-code\u003d\"opcion2\" data-na\u003d\"true\" tabnumber\u003d\"0\"\u003e\u003c/meta-manual-answer\u003e\u003cmeta-manual-answer data-code\u003d\"nominal2\" data-na\u003d\"true\" tabnumber\u003d\"0\"\u003e\u003c/meta-manual-answer\u003e\u003cmeta-manual-answer data-code\u003d\"prima\" data-na\u003d\"true\" tabnumber\u003d\"0\"\u003e\u003c/meta-manual-answer\u003e\u003cmeta-manual-answer data-code\u003d\"fecha_inicio\" data-na\u003d\"true\" 