{"finalScore":0.6923085697437806,"sumScore":13.846171394875613,"tagsCounter":20.0,"taggedText":"\u003cdocument\u003eCustomer Receives \u003cprecio begin\u003d\"18\" class\u003d\"extraction-tag ml-tag\" confidence\u003d\"1/21\" data-value\u003d\"0.4470\" end\u003d\"24\" ml-tagorder\u003d\"0\" score\u003d\"0.5875991977428583\" style\u003d\"border: 2px solid rgb(125, 157, 1);\" tabnumber\u003d\"0\" tagorder\u003d\"0\"\u003e0.4470\u003c/precio\u003e % of EUR face Customer Receives Premium EUR 22,350.00 on 29-Jan-18 Trade Time: Thu \u003cfecha_inicio begin\u003d\"108\" class\u003d\"extraction-tag ml-tag\" confidence\u003d\"1/21\" data-value\u003d\"01/25/2014\" end\u003d\"132\" ml-tagorder\u003d\"0\" score\u003d\"0.695847187700942\" style\u003d\"border: 2px solid rgb(125, 157, 1);\" tabnumber\u003d\"0\" tagorder\u003d\"0\"\u003eJan 25 14:33:46 GMT 2018\u003c/fecha_inicio\u003e Buy/Sell: Counterparty \u003cestrategia begin\u003d\"156\" class\u003d\"extraction-tag ml-tag\" confidence\u003d\"1/21\" data-value\u003d\"sells\" end\u003d\"161\" ml-tagorder\u003d\"0\" score\u003d\"0.7256479578087709\" style\u003d\"border: 2px solid rgb(125, 157, 1);\" tabnumber\u003d\"0\" tagorder\u003d\"0\"\u003esells\u003c/estrategia\u003e/\u003ccontrapartida_corta begin\u003d\"162\" class\u003d\"extraction-tag ml-tag\" confidence\u003d\"1/21\" data-value\u003d\"LXM\" end\u003d\"165\" ml-tagorder\u003d\"0\" score\u003d\"0.5653612813693246\" style\u003d\"border: 2px solid rgb(125, 157, 1);\" tabnumber\u003d\"0\" tagorder\u003d\"0\"\u003e\u003ccontrapartida begin\u003d\"162\" class\u003d\"extraction-tag ml-tag\" confidence\u003d\"1/21\" data-value\u003d\"LXM\" end\u003d\"165\" ml-tagorder\u003d\"0\" score\u003d\"0.6524650225738116\" style\u003d\"border: 2px solid rgb(125, 157, 1);\" tabnumber\u003d\"0\" tagorder\u003d\"0\"\u003eLXM\u003c/contrapartida\u003e\u003c/contrapartida_corta\u003e buys FX Pair: EURUSD Put/Call: \u003copcion2 begin\u003d\"197\" class\u003d\"extraction-tag ml-tag\" confidence\u003d\"1/21\" data-value\u003d\"CALL\" end\u003d\"201\" ml-tagorder\u003d\"0\" score\u003d\"0.688751759274912\" style\u003d\"border: 2px solid rgb(125, 157, 1);\" tabnumber\u003d\"0\" tagorder\u003d\"0\"\u003e\u003copcion1 begin\u003d\"197\" class\u003d\"extraction-tag ml-tag\" confidence\u003d\"1/21\" data-value\u003d\"CALL\" end\u003d\"201\" ml-tagorder\u003d\"0\" score\u003d\"0.690699482492855\" style\u003d\"border: 2px solid rgb(125, 157, 1);\" tabnumber\u003d\"0\" tagorder\u003d\"0\"\u003eCall\u003c/opcion1\u003e\u003c/opcion2\u003e on \u003cdivisa1 begin\u003d\"205\" class\u003d\"extraction-tag ml-tag\" confidence\u003d\"1/21\" data-value\u003d\"EUR\" end\u003d\"208\" ml-tagorder\u003d\"0\" score\u003d\"0.5560875472973767\" style\u003d\"border: 2px solid rgb(125, 157, 1);\" tabnumber\u003d\"0\" tagorder\u003d\"0\"\u003eEUR\u003c/divisa1\u003e Strike: \u003cstrike_ begin\u003d\"217\" class\u003d\"extraction-tag ml-tag\" confidence\u003d\"1/21\" data-value\u003d\"1.2600\" end\u003d\"223\" ml-tagorder\u003d\"0\" score\u003d\"0.7989828091713127\" style\u003d\"border: 2px solid rgb(125, 157, 1);\" tabnumber\u003d\"0\" tagorder\u003d\"0\"\u003e1.2600\u003c/strike_\u003e Expiration Date: Wed \u003cfecha_vencimiento begin\u003d\"245\" class\u003d\"extraction-tag ml-tag\" confidence\u003d\"1/21\" data-value\u003d\"02/14/2018\" end\u003d\"254\" ml-tagorder\u003d\"0\" score\u003d\"0.8042490027940618\" style\u003d\"border: 2px solid rgb(125, 157, 1);\" tabnumber\u003d\"0\" tagorder\u003d\"0\"\u003e14Feb2018\u003c/fecha_vencimiento\u003e Settlement Date: Fri \u003cfecha_pago_vencimiento begin\u003d\"276\" class\u003d\"extraction-tag ml-tag\" confidence\u003d\"1/21\" data-value\u003d\"02/16/2018\" end\u003d\"285\" ml-tagorder\u003d\"0\" score\u003d\"0.7131948333475605\" style\u003d\"border: 2px solid rgb(125, 157, 1);\" tabnumber\u003d\"0\" tagorder\u003d\"0\"\u003e16Feb2018\u003c/fecha_pago_vencimiento\u003e Quantity: \u003cnominal1 begin\u003d\"296\" class\u003d\"extraction-tag ml-tag\" confidence\u003d\"1/21\" data-value\u003d\"5000000,00\" end\u003d\"308\" ml-tagorder\u003d\"0\" score\u003d\"0.6835504785298319\" style\u003d\"border: 2px solid rgb(125, 157, 1);\" tabnumber\u003d\"0\" tagorder\u003d\"0\"\u003e5,000,000.00\u003c/nominal1\u003e EUR Other Quantity: \u003cnominal2 begin\u003d\"329\" class\u003d\"extraction-tag ml-tag\" confidence\u003d\"1/21\" data-value\u003d\"6300000,00\" end\u003d\"341\" ml-tagorder\u003d\"0\" score\u003d\"0.7001838964779907\" style\u003d\"border: 2px solid rgb(125, 157, 1);\" tabnumber\u003d\"0\" tagorder\u003d\"0\"\u003e6,300,000.00\u003c/nominal2\u003e \u003cdivisa2 begin\u003d\"342\" class\u003d\"extraction-tag ml-tag\" confidence\u003d\"1/21\" data-value\u003d\"USD\" end\u003d\"345\" ml-tagorder\u003d\"0\" score\u003d\"0.6052769810707974\" style\u003d\"border: 2px solid rgb(125, 157, 1);\" tabnumber\u003d\"0\" tagorder\u003d\"0\"\u003eUSD\u003c/divisa2\u003e Premium: \u003cprima begin\u003d\"355\" class\u003d\"extraction-tag ml-tag\" confidence\u003d\"1/21\" data-value\u003d\"22350,00\" end\u003d\"364\" ml-tagorder\u003d\"0\" score\u003d\"0.7108505240182352\" style\u003d\"border: 2px solid rgb(125, 157, 1);\" tabnumber\u003d\"0\" tagorder\u003d\"0\"\u003e22,350.00\u003c/prima\u003e \u003cdivisa_prima begin\u003d\"365\" class\u003d\"extraction-tag ml-tag\" confidence\u003d\"1/21\" data-value\u003d\"EUR\" end\u003d\"368\" ml-tagorder\u003d\"0\" score\u003d\"0.7195859516399888\" style\u003d\"border: 2px solid rgb(125, 157, 1);\" tabnumber\u003d\"0\" tagorder\u003d\"0\"\u003eEUR\u003c/divisa_prima\u003e Premium Date: Mon \u003cfecha_pago_prima begin\u003d\"387\" class\u003d\"extraction-tag ml-tag\" confidence\u003d\"1/21\" data-value\u003d\"01/29/2018\" end\u003d\"396\" ml-tagorder\u003d\"0\" score\u003d\"0.7621222976287476\" style\u003d\"border: 2px solid rgb(125, 157, 1);\" tabnumber\u003d\"0\" tagorder\u003d\"0\"\u003e29Jan2018\u003c/fecha_pago_prima\u003e Settlement Type: \u003ccash_delivery begin\u003d\"414\" class\u003d\"extraction-tag ml-tag\" confidence\u003d\"1/21\" data-value\u003d\"\" end\u003d\"422\" ml-tagorder\u003d\"0\" score\u003d\"0.7294558644934604\" style\u003d\"border: 2px solid rgb(125, 157, 1);\" tabnumber\u003d\"0\" tagorder\u003d\"0\"\u003ePhysical\u003c/cash_delivery\u003e Settlement Ccy: N/A Instrument Type: \u003ctipo_de_opcion begin\u003d\"460\" class\u003d\"extraction-tag ml-tag\" confidence\u003d\"1/21\" data-value\u003d\"Vanilla\" end\u003d\"467\" ml-tagorder\u003d\"0\" score\u003d\"0.7284060050556025\" style\u003d\"border: 2px solid rgb(125, 157, 1);\" tabnumber\u003d\"0\" tagorder\u003d\"0\"\u003eVanilla\u003c/tipo_de_opcion\u003e Settlement Location: LONDON Expiration Cut: NYC Volatility: 8.368/8.637 ла\u0026mdash;ла\u0026sbquo; Mid 8.503 Depo: Denominated 0.99904275 ла\u0026mdash;ла\u0026sbquo; Asset 1.00011971 Spot Rate: 1.24860 Forward Rate: 1.249939 Forward Pts: 13.43 Trade ID: MDFXO_1-250L0F Account: BANCO SANTANDER MADRID UTI: \u003cuti_usi begin\u003d\"729\" class\u003d\"extraction-tag ml-tag\" confidence\u003d\"1/21\" data-value\u003d\"GFXFXO0000000000000000001ZBBJU0R\" end\u003d\"761\" ml-tagorder\u003d\"0\" score\u003d\"0.7278533143871716\" style\u003d\"border: 2px solid rgb(125, 157, 1);\" tabnumber\u003d\"0\" tagorder\u003d\"0\"\u003eGFXFXO0000000000000000001ZBBJU0R\u003c/uti_usi\u003e USI: GFXFXO0000000000000000001ZBBJU0R DO NOT REPLY - This is a system generated message. If you have any questions about this message please contact J.P. Morgan FX \u0026amp; Commodities e-Trading Client Services Hotline: Europe +44-207-777-4422 North America +1 877 339 5762 Japan +81 3 6736 7888 Asia ex-Japan +65 6882 7222 * email: fxc.ecs@jpmorgan.com \u0026lt;mailto:fxc.ecs@jpmorgan.com\u0026gt; . This message is provided for informational purposes only and is subject to change without notice. It is not intended as research, a recommendation, advice, offer or solicitation to buy or sell any financial product or service, nor a 