{"finalScore":0.7222845611767746,"sumScore":11.556552978828394,"tagsCounter":16.0,"taggedText":"\u003cdocument\u003eCustomer Pays \u003cprecio begin\u003d\"14\" class\u003d\"extraction-tag ml-tag\" confidence\u003d\"1/17\" data-value\u003d\"0.2030\" end\u003d\"20\" ml-tagorder\u003d\"0\" score\u003d\"0.6739310026703588\" style\u003d\"border: 2px solid rgb(125, 157, 1);\" tabnumber\u003d\"0\" tagorder\u003d\"0\"\u003e0.2030\u003c/precio\u003e % of USD face Customer Pays Premium USD 16,240.00 on 25-Jan-18 Trade Time: Tue Jan 23 21:16:10 GMT 2018 Buy/Sell: Counterparty \u003cestrategia begin\u003d\"148\" class\u003d\"extraction-tag ml-tag\" confidence\u003d\"1/17\" data-value\u003d\"buys\" end\u003d\"152\" ml-tagorder\u003d\"0\" score\u003d\"0.7137430571645788\" style\u003d\"border: 2px solid rgb(125, 157, 1);\" tabnumber\u003d\"0\" tagorder\u003d\"0\"\u003ebuys\u003c/estrategia\u003e/\u003ccontrapartida begin\u003d\"153\" class\u003d\"extraction-tag ml-tag\" confidence\u003d\"1/17\" data-value\u003d\"XSU\" end\u003d\"156\" ml-tagorder\u003d\"0\" score\u003d\"0.744651810036203\" style\u003d\"border: 2px solid rgb(125, 157, 1);\" tabnumber\u003d\"0\" tagorder\u003d\"0\"\u003eXSU\u003c/contrapartida\u003e sells FX Pair: USDSEK Put/Call: \u003copcion2 begin\u003d\"189\" class\u003d\"extraction-tag ml-tag\" confidence\u003d\"1/17\" data-value\u003d\"PUT\" end\u003d\"192\" ml-tagorder\u003d\"0\" score\u003d\"0.6742073246343491\" style\u003d\"border: 2px solid rgb(125, 157, 1);\" tabnumber\u003d\"0\" tagorder\u003d\"0\"\u003e\u003copcion1 begin\u003d\"189\" class\u003d\"extraction-tag ml-tag\" confidence\u003d\"1/17\" data-value\u003d\"PUT\" end\u003d\"192\" ml-tagorder\u003d\"0\" score\u003d\"0.6957475147508358\" style\u003d\"border: 2px solid rgb(125, 157, 1);\" tabnumber\u003d\"0\" tagorder\u003d\"0\"\u003ePut\u003c/opcion1\u003e\u003c/opcion2\u003e on USD Strike: \u003cstrike_ begin\u003d\"208\" class\u003d\"extraction-tag ml-tag\" confidence\u003d\"1/17\" data-value\u003d\"7.9500\" end\u003d\"214\" ml-tagorder\u003d\"0\" score\u003d\"0.6786325504234496\" style\u003d\"border: 2px solid rgb(125, 157, 1);\" tabnumber\u003d\"0\" tagorder\u003d\"0\"\u003e7.9500\u003c/strike_\u003e Expiration Date: Tue \u003cfecha_vencimiento begin\u003d\"236\" class\u003d\"extraction-tag ml-tag\" confidence\u003d\"1/17\" data-value\u003d\"01/30/2018\" end\u003d\"245\" ml-tagorder\u003d\"0\" score\u003d\"0.7948395272004546\" style\u003d\"border: 2px solid rgb(125, 157, 1);\" tabnumber\u003d\"0\" tagorder\u003d\"0\"\u003e30Jan2018\u003c/fecha_vencimiento\u003e Settlement Date: Thu \u003cfecha_pago_vencimiento begin\u003d\"267\" class\u003d\"extraction-tag ml-tag\" confidence\u003d\"1/17\" data-value\u003d\"02/01/2018\" end\u003d\"276\" ml-tagorder\u003d\"0\" score\u003d\"0.7308152462179432\" style\u003d\"border: 2px solid rgb(125, 157, 1);\" tabnumber\u003d\"0\" tagorder\u003d\"0\"\u003e01Feb2018\u003c/fecha_pago_vencimiento\u003e Quantity: \u003cnominal1 begin\u003d\"287\" class\u003d\"extraction-tag ml-tag\" confidence\u003d\"1/17\" data-value\u003d\"8000000,00\" end\u003d\"299\" ml-tagorder\u003d\"0\" score\u003d\"0.696037604600442\" style\u003d\"border: 2px solid rgb(125, 157, 1);\" tabnumber\u003d\"0\" tagorder\u003d\"0\"\u003e8,000,000.00\u003c/nominal1\u003e USD Other Quantity: \u003cnominal2 begin\u003d\"320\" class\u003d\"extraction-tag ml-tag\" confidence\u003d\"1/17\" data-value\u003d\"63600000,00\" end\u003d\"333\" ml-tagorder\u003d\"0\" score\u003d\"0.7658658105947004\" style\u003d\"border: 2px solid rgb(125, 157, 1);\" tabnumber\u003d\"0\" tagorder\u003d\"0\"\u003e63,600,000.00\u003c/nominal2\u003e SEK Premium: \u003cprima begin\u003d\"347\" class\u003d\"extraction-tag ml-tag\" confidence\u003d\"1/17\" data-value\u003d\"16240,00\" end\u003d\"356\" ml-tagorder\u003d\"0\" score\u003d\"0.6985846426388833\" style\u003d\"border: 2px solid rgb(125, 157, 1);\" tabnumber\u003d\"0\" tagorder\u003d\"0\"\u003e16,240.00\u003c/prima\u003e \u003cdivisa_prima begin\u003d\"357\" class\u003d\"extraction-tag ml-tag\" confidence\u003d\"1/17\" data-value\u003d\"USD\" end\u003d\"360\" ml-tagorder\u003d\"0\" score\u003d\"0.741885590525648\" style\u003d\"border: 2px solid rgb(125, 157, 1);\" tabnumber\u003d\"0\" tagorder\u003d\"0\"\u003eUSD\u003c/divisa_prima\u003e Premium Date: Thu \u003cfecha_pago_prima begin\u003d\"379\" class\u003d\"extraction-tag ml-tag\" confidence\u003d\"1/17\" data-value\u003d\"01/25/2018\" end\u003d\"388\" ml-tagorder\u003d\"0\" score\u003d\"0.7641657862435168\" style\u003d\"border: 2px solid rgb(125, 157, 1);\" tabnumber\u003d\"0\" tagorder\u003d\"0\"\u003e25Jan2018\u003c/fecha_pago_prima\u003e Settlement Type: \u003ccash_delivery begin\u003d\"406\" class\u003d\"extraction-tag ml-tag\" confidence\u003d\"1/17\" data-value\u003d\"\" end\u003d\"414\" ml-tagorder\u003d\"0\" score\u003d\"0.7271861916910236\" style\u003d\"border: 2px solid rgb(125, 157, 1);\" tabnumber\u003d\"0\" tagorder\u003d\"0\"\u003ePhysical\u003c/cash_delivery\u003e Settlement Ccy: N/A Instrument Type: \u003ctipo_de_opcion begin\u003d\"452\" class\u003d\"extraction-tag ml-tag\" confidence\u003d\"1/17\" data-value\u003d\"Vanilla\" end\u003d\"459\" ml-tagorder\u003d\"0\" score\u003d\"0.7284060050556025\" style\u003d\"border: 2px solid rgb(125, 157, 1);\" tabnumber\u003d\"0\" tagorder\u003d\"0\"\u003eVanilla\u003c/tipo_de_opcion\u003e Settlement Location: LONDON Expiration Cut: NYC Volatility: 7.197/8.363 ла\u0026mdash;ла\u0026sbquo; Mid 7.780 Depo: Denominated 1.00012499 ла\u0026mdash;ла\u0026sbquo; Asset 0.99966264 Spot Rate: 8.00673 Forward Rate: 8.003002 Forward Pts: -37.30 Trade ID: MDFXO_1-24H50D Account: BANCO SANTANDER MADRID UTI: \u003cuti_usi begin\u003d\"722\" class\u003d\"extraction-tag ml-tag\" confidence\u003d\"1/17\" data-value\u003d\"GFXFXO0000000000000000001ZBADF0N\" end\u003d\"754\" ml-tagorder\u003d\"0\" score\u003d\"0.7278533143804055\" style\u003d\"border: 2px solid rgb(125, 157, 1);\" tabnumber\u003d\"0\" tagorder\u003d\"0\"\u003eGFXFXO0000000000000000001ZBADF0N\u003c/uti_usi\u003e USI: GFXFXO0000000000000000001ZBADF0N DO NOT REPLY - This is a system generated message. If you have any questions about this message please contact J.P. Morgan FX \u0026amp; Commodities e-Trading Client Services Hotline: Europe +44-207-777-4422 North America +1 877 339 5762 Japan +81 3 6736 7888 Asia ex-Japan +65 6882 7222 * email: fxc.ecs@jpmorgan.com \u0026lt;mailto:fxc.ecs@jpmorgan.com\u0026gt; . This message is provided for informational purposes only and is subject to change without notice. It is not intended as research, a recommendation, advice, offer or solicitation to buy or sell any financial product or service, nor a confirmation of terms. The recipient should rely solely on the final transaction documentation containing the definitive terms and conditions of the transaction, which in the event of an inconsistency, will override the information in this message. Please consult your own advisors regarding legal, tax, accounting or any other aspects including suitability implications for your particular circumstances. J.P. Morgan disclaims any responsibility or liability whatsoever for the quality, accuracy or completeness of the information herein, and for any reliance on, or uses to which, the information in this message is put. This message is specific for the recipient and may not be reproduced, redistributed or transmitted, in whole or in part, without the prior written consent of J.P. Morgan. If you are not the intended recipient, you are not authorized to use the information in this message in any way, please delete this message and notify the sender immediately. Any unauthorized use is strictly prohibited. J.P. Morgan is a marketing name for investment banking businesses of J.P. Morgan Chase \u0026amp; Co. and its subsidiaries and affiliates worldwide. For additional regulatory information, please consult: https://www.jpmorgan.com/disclosures. \u003cmeta-manual-answer 