{"finalScore":0.6810549362629944,"sumScore":13.621098725259888,"tagsCounter":20.0,"taggedText":"\u003cdocument\u003e\u003cstyle type\u003d\"text/css\"\u003e\u003c/style\u003e\u003cfecha_inicio begin\u003d\"0\" class\u003d\"extraction-tag ml-tag\" confidence\u003d\"1/20\" data-value\u003d\"11/29/2007\" end\u003d\"24\" ml-tagorder\u003d\"0\" score\u003d\"0.6480553759405819\" style\u003d\"border: 2px solid rgb(125, 157, 1);\" tabnumber\u003d\"0\" tagorder\u003d\"0\"\u003eNov 29 07:56:57 GMT 2017\u003c/fecha_inicio\u003e \u003cstrong\u003eBuy/Sell\u003c/strong\u003e: Counterparty \u003cestrategia begin\u003d\"48\" class\u003d\"extraction-tag ml-tag\" confidence\u003d\"1/20\" data-value\u003d\"buys\" end\u003d\"52\" ml-tagorder\u003d\"0\" score\u003d\"0.6886430798940477\" style\u003d\"border: 2px solid rgb(125, 157, 1);\" tabnumber\u003d\"0\" tagorder\u003d\"0\"\u003ebuys\u003c/estrategia\u003e/\u003ccontrapartida begin\u003d\"53\" class\u003d\"extraction-tag ml-tag\" confidence\u003d\"1/20\" data-value\u003d\"EAD\" end\u003d\"56\" ml-tagorder\u003d\"0\" score\u003d\"0.7271861006707342\" style\u003d\"border: 2px solid rgb(125, 157, 1);\" tabnumber\u003d\"0\" tagorder\u003d\"0\"\u003eEAD\u003c/contrapartida\u003e sells \u003cstrong\u003eFX Pair\u003c/strong\u003e: \u003cdivisa2 begin\u003d\"72\" class\u003d\"extraction-tag ml-tag\" confidence\u003d\"1/20\" data-value\u003d\"USD\" end\u003d\"78\" ml-tagorder\u003d\"0\" score\u003d\"0.5217103752655237\" style\u003d\"border: 2px solid rgb(125, 157, 1);\" tabnumber\u003d\"0\" tagorder\u003d\"0\"\u003eGBPUSD\u003c/divisa2\u003e \u003cstrong\u003ePut/Call\u003c/strong\u003e: \u003copcion2 begin\u003d\"89\" class\u003d\"extraction-tag ml-tag\" confidence\u003d\"1/20\" data-value\u003d\"CALL\" end\u003d\"93\" ml-tagorder\u003d\"0\" score\u003d\"0.6888534181673126\" style\u003d\"border: 2px solid rgb(125, 157, 1);\" tabnumber\u003d\"0\" tagorder\u003d\"0\"\u003e\u003copcion1 begin\u003d\"89\" class\u003d\"extraction-tag ml-tag\" confidence\u003d\"1/20\" data-value\u003d\"CALL\" end\u003d\"93\" ml-tagorder\u003d\"0\" score\u003d\"0.7256800256273174\" style\u003d\"border: 2px solid rgb(125, 157, 1);\" tabnumber\u003d\"0\" tagorder\u003d\"0\"\u003eCall\u003c/opcion1\u003e\u003c/opcion2\u003e on \u003cdivisa1 begin\u003d\"97\" class\u003d\"extraction-tag ml-tag\" confidence\u003d\"1/20\" data-value\u003d\"GBP\" end\u003d\"100\" ml-tagorder\u003d\"0\" score\u003d\"0.5430279230929964\" style\u003d\"border: 2px solid rgb(125, 157, 1);\" tabnumber\u003d\"0\" tagorder\u003d\"0\"\u003eGBP\u003c/divisa1\u003e \u003cstrong\u003eStrike\u003c/strong\u003e: \u003cstrike_ begin\u003d\"109\" class\u003d\"extraction-tag ml-tag\" confidence\u003d\"1/20\" data-value\u003d\"1.3700\" end\u003d\"115\" ml-tagorder\u003d\"0\" score\u003d\"0.8226152005842361\" style\u003d\"border: 2px solid rgb(125, 157, 1);\" tabnumber\u003d\"0\" tagorder\u003d\"0\"\u003e1.3700\u003c/strike_\u003e \u003cstrong\u003eExpiration Date\u003c/strong\u003e: Wed \u003cfecha_vencimiento begin\u003d\"137\" class\u003d\"extraction-tag ml-tag\" confidence\u003d\"1/20\" data-value\u003d\"12/20/2017\" end\u003d\"146\" ml-tagorder\u003d\"0\" score\u003d\"0.7769042414538044\" style\u003d\"border: 2px solid rgb(125, 157, 1);\" tabnumber\u003d\"0\" tagorder\u003d\"0\"\u003e20Dec2017\u003c/fecha_vencimiento\u003e \u003cstrong\u003eSettlement Date\u003c/strong\u003e: Fri \u003cfecha_pago_vencimiento begin\u003d\"168\" class\u003d\"extraction-tag ml-tag\" confidence\u003d\"1/20\" data-value\u003d\"12/22/2017\" end\u003d\"177\" ml-tagorder\u003d\"0\" score\u003d\"0.7678776386947964\" style\u003d\"border: 2px solid rgb(125, 157, 1);\" tabnumber\u003d\"0\" tagorder\u003d\"0\"\u003e22Dec2017\u003c/fecha_pago_vencimiento\u003e \u003cstrong\u003eQuantity\u003c/strong\u003e: \u003cnominal1 begin\u003d\"188\" class\u003d\"extraction-tag ml-tag\" confidence\u003d\"1/20\" data-value\u003d\"100000000,00\" end\u003d\"202\" ml-tagorder\u003d\"0\" score\u003d\"0.6307879632545034\" style\u003d\"border: 2px solid rgb(125, 157, 1);\" tabnumber\u003d\"0\" tagorder\u003d\"0\"\u003e100,000,000.00\u003c/nominal1\u003e GBP \u003cstrong\u003eOther Quantity\u003c/strong\u003e: \u003cnominal2 begin\u003d\"223\" class\u003d\"extraction-tag ml-tag\" confidence\u003d\"1/20\" data-value\u003d\"137000000,00\" end\u003d\"237\" ml-tagorder\u003d\"0\" score\u003d\"0.736046558560954\" style\u003d\"border: 2px solid rgb(125, 157, 1);\" tabnumber\u003d\"0\" tagorder\u003d\"0\"\u003e137,000,000.00\u003c/nominal2\u003e \u003cdivisa2 begin\u003d\"238\" class\u003d\"extraction-tag ml-tag\" confidence\u003d\"1/20\" data-value\u003d\"USD\" end\u003d\"241\" ml-tagorder\u003d\"1\" score\u003d\"0.5093341325845825\" style\u003d\"border: 2px solid rgb(125, 157, 1);\" tabnumber\u003d\"1\" tagorder\u003d\"1\"\u003eUSD\u003c/divisa2\u003e \u003cstrong\u003ePremium\u003c/strong\u003e: \u003cprima begin\u003d\"251\" class\u003d\"extraction-tag ml-tag\" confidence\u003d\"1/20\" data-value\u003d\"173000,00\" end\u003d\"261\" ml-tagorder\u003d\"0\" score\u003d\"0.7806222994228442\" style\u003d\"border: 2px solid rgb(125, 157, 1);\" tabnumber\u003d\"0\" tagorder\u003d\"0\"\u003e173,000.00\u003c/prima\u003e \u003cdivisa_prima begin\u003d\"262\" class\u003d\"extraction-tag ml-tag\" confidence\u003d\"1/20\" data-value\u003d\"GBP\" end\u003d\"265\" ml-tagorder\u003d\"0\" score\u003d\"0.6816408433903088\" style\u003d\"border: 2px solid rgb(125, 157, 1);\" tabnumber\u003d\"0\" tagorder\u003d\"0\"\u003eGBP\u003c/divisa_prima\u003e \u003cstrong\u003ePremium Date\u003c/strong\u003e: Fri \u003cfecha_pago_prima begin\u003d\"284\" class\u003d\"extraction-tag ml-tag\" confidence\u003d\"1/20\" data-value\u003d\"12/01/2017\" end\u003d\"293\" ml-tagorder\u003d\"0\" score\u003d\"0.7225652840749914\" style\u003d\"border: 2px solid rgb(125, 157, 1);\" tabnumber\u003d\"0\" tagorder\u003d\"0\"\u003e01Dec2017\u003c/fecha_pago_prima\u003e \u003cstrong\u003eSettlement Type\u003c/strong\u003e: \u003ccash_delivery begin\u003d\"311\" class\u003d\"extraction-tag ml-tag\" confidence\u003d\"1/20\" data-value\u003d\"\" end\u003d\"319\" ml-tagorder\u003d\"0\" score\u003d\"0.7165036208780386\" style\u003d\"border: 2px solid rgb(125, 157, 1);\" tabnumber\u003d\"0\" tagorder\u003d\"0\"\u003ePhysical\u003c/cash_delivery\u003e \u003cstrong\u003eSettlement Ccy\u003c/strong\u003e: N/A \u003cstrong\u003eInstrument Type\u003c/strong\u003e: \u003ctipo_de_opcion begin\u003d\"357\" class\u003d\"extraction-tag ml-tag\" confidence\u003d\"1/20\" data-value\u003d\"Vanilla\" end\u003d\"364\" ml-tagorder\u003d\"0\" score\u003d\"0.7224646188939572\" style\u003d\"border: 2px solid rgb(125, 157, 1);\" tabnumber\u003d\"0\" tagorder\u003d\"0\"\u003eVanilla\u003c/tipo_de_opcion\u003e \u003cstrong\u003eSettlement Location\u003c/strong\u003e: LONDON \u003cstrong\u003eExpiration Cut\u003c/strong\u003e: NYC \u003cstrong\u003eVolatility\u003c/strong\u003e: 8.051/8.580 ла\u0026mdash;ла\u0026sbquo; Mid 8.316 \u003cstrong\u003eDepo\u003c/strong\u003e: Denominated 0.99893742 ла\u0026mdash;ла\u0026sbquo; Asset 0.99952802 \u003cstrong\u003eSpot Rate\u003c/strong\u003e: 1.34129 \u003cstrong\u003eForward Rate\u003c/strong\u003e: 1.342080 \u003cstrong\u003eForward Pts\u003c/strong\u003e: 7.93 \u003cstrong\u003eTrade ID\u003c/strong\u003e: MDFXO_1-1T150F \u003cstrong\u003eAccount\u003c/strong\u003e: BANCO SANTANDER SA \u003cstrong\u003eUTI\u003c/strong\u003e: \u003cuti_usi begin\u003d\"621\" class\u003d\"extraction-tag ml-tag\" confidence\u003d\"1/20\" data-value\u003d\"GFXFXO0000000000000000001ZALJA0U\" end\u003d\"653\" ml-tagorder\u003d\"0\" score\u003d\"0.7109389493587256\" style\u003d\"border: 2px solid rgb(125, 157, 1);\" tabnumber\u003d\"0\" tagorder\u003d\"0\"\u003eGFXFXO0000000000000000001ZALJA0U\u003c/uti_usi\u003e \u003cstrong\u003eUSI\u003c/strong\u003e: GFXFXO0000000000000000001ZALJA0U \u003cstrong\u003eBuy/Sell\u003c/strong\u003e: Counterparty sells GBP/ buys USD \u003cstrong\u003eFX 