{"finalScore":0.6791004615666907,"sumScore":10.865607385067051,"tagsCounter":16.0,"taggedText":"\u003cdocument\u003e\u003cstyle type\u003d\"text/css\"\u003e\u003c/style\u003e\u003cp\u003e\u003cfont\u003e\u003ccontrapartida begin\u003d\"80\" class\u003d\"extraction-tag ml-tag\" confidence\u003d\"1/16\" data-value\u003d\"Wxahdsgv Uijv\" end\u003d\"93\" ml-tagorder\u003d\"0\" score\u003d\"0.7054757615860864\" style\u003d\"border: 2px solid rgb(125, 157, 1);\" tabnumber\u003d\"0\" tagorder\u003d\"0\"\u003e\u003cbase\u003e\u003c/base\u003e\u003cmeta content\u003d\"text-html; charset\u003dutf-8\"\u003e\u003c/meta\u003eWxahdsgv Uijv\u003c/contrapartida\u003e (Autobahn FX) Trade ID : FXOPA0253HFG Execution Time : \u003cfecha_inicio begin\u003d\"149\" class\u003d\"extraction-tag ml-tag\" confidence\u003d\"1/16\" data-value\u003d\"01/12/2017\" end\u003d\"160\" ml-tagorder\u003d\"0\" score\u003d\"0.7000319049347916\" style\u003d\"border: 2px solid rgb(125, 157, 1);\" tabnumber\u003d\"0\" tagorder\u003d\"0\"\u003e12-JAN-2017\u003c/fecha_inicio\u003e 08:50 Client ID : Santander Central Hispano Madrid (EU0309260) User ID : JOSEMARIA.AGUIRRE Ccy Pair : EURUSD User Buys/Sells : \u003cestrategia begin\u003d\"288\" class\u003d\"extraction-tag ml-tag\" confidence\u003d\"1/16\" data-value\u003d\"BUY\" end\u003d\"291\" ml-tagorder\u003d\"0\" score\u003d\"0.6483081701207354\" style\u003d\"border: 2px solid rgb(125, 157, 1);\" tabnumber\u003d\"0\" tagorder\u003d\"0\"\u003eBUY\u003c/estrategia\u003e \u003cdivisa1 begin\u003d\"292\" class\u003d\"extraction-tag ml-tag\" confidence\u003d\"1/16\" data-value\u003d\"EUR\" end\u003d\"295\" ml-tagorder\u003d\"0\" score\u003d\"0.5223764262028628\" style\u003d\"border: 2px solid rgb(125, 157, 1);\" tabnumber\u003d\"0\" tagorder\u003d\"0\"\u003eEUR\u003c/divisa1\u003e \u003copcion1 begin\u003d\"296\" class\u003d\"extraction-tag ml-tag\" confidence\u003d\"1/16\" data-value\u003d\"CALL\" end\u003d\"300\" ml-tagorder\u003d\"0\" score\u003d\"0.6846942604623119\" style\u003d\"border: 2px solid rgb(125, 157, 1);\" tabnumber\u003d\"0\" tagorder\u003d\"0\"\u003eCALL\u003c/opcion1\u003e \u003cuti_usi begin\u003d\"301\" class\u003d\"extraction-tag ml-tag\" confidence\u003d\"1/16\" data-value\u003d\"CCY1\" end\u003d\"305\" ml-tagorder\u003d\"0\" score\u003d\"0.5373284455735293\" style\u003d\"border: 2px solid rgb(125, 157, 1);\" tabnumber\u003d\"0\" tagorder\u003d\"0\"\u003eCCY1\u003c/uti_usi\u003e amount per leg : \u003cnominal1 begin\u003d\"323\" class\u003d\"extraction-tag ml-tag\" confidence\u003d\"1/16\" data-value\u003d\"15000000,00\" end\u003d\"333\" ml-tagorder\u003d\"0\" score\u003d\"0.6357129898616234\" style\u003d\"border: 2px solid rgb(125, 157, 1);\" tabnumber\u003d\"0\" tagorder\u003d\"0\"\u003e15,000,000\u003c/nominal1\u003e EUR CCY2 amount per leg : \u003cnominal2 begin\u003d\"360\" class\u003d\"extraction-tag ml-tag\" confidence\u003d\"1/16\" data-value\u003d\"16200000,00\" end\u003d\"370\" ml-tagorder\u003d\"0\" score\u003d\"0.5640117991907193\" style\u003d\"border: 2px solid rgb(125, 157, 1);\" tabnumber\u003d\"0\" tagorder\u003d\"0\"\u003e\u003cnominal1 begin\u003d\"360\" class\u003d\"extraction-tag ml-tag\" confidence\u003d\"1/16\" data-value\u003d\"16200000,00\" end\u003d\"370\" ml-tagorder\u003d\"1\" score\u003d\"0.5328310019593115\" style\u003d\"border: 2px solid rgb(125, 157, 1);\" tabnumber\u003d\"1\" tagorder\u003d\"1\"\u003e16,200,000\u003c/nominal1\u003e\u003c/nominal2\u003e USD Expiry Date : \u003cfecha_vencimiento begin\u003d\"389\" class\u003d\"extraction-tag ml-tag\" confidence\u003d\"1/16\" data-value\u003d\"02/15/2017\" end\u003d\"398\" ml-tagorder\u003d\"0\" score\u003d\"0.7592816757942427\" style\u003d\"border: 2px solid rgb(125, 157, 1);\" tabnumber\u003d\"0\" tagorder\u003d\"0\"\u003e15-FEB-17\u003c/fecha_vencimiento\u003e Zone Cut : NY Settlement Date : \u003cfecha_pago_vencimiento begin\u003d\"431\" class\u003d\"extraction-tag ml-tag\" confidence\u003d\"1/16\" data-value\u003d\"02/17/2017\" end\u003d\"440\" ml-tagorder\u003d\"0\" score\u003d\"0.7534734402490815\" style\u003d\"border: 2px solid rgb(125, 157, 1);\" tabnumber\u003d\"0\" tagorder\u003d\"0\"\u003e17-FEB-17\u003c/fecha_pago_vencimiento\u003e Strike : \u003cstrike_ begin\u003d\"450\" class\u003d\"extraction-tag ml-tag\" confidence\u003d\"1/16\" data-value\u003d\"1.0800\" end\u003d\"456\" ml-tagorder\u003d\"0\" score\u003d\"0.7980164662562526\" style\u003d\"border: 2px solid rgb(125, 157, 1);\" tabnumber\u003d\"0\" tagorder\u003d\"0\"\u003e1.0800\u003c/strike_\u003e Delta : 34% Spot : 1.06541 Fwd : 13.46 Vol : 9.76% Price(%CCY1) : \u003cprecio begin\u003d\"523\" class\u003d\"extraction-tag ml-tag\" confidence\u003d\"1/16\" data-value\u003d\"0.6770\" end\u003d\"530\" ml-tagorder\u003d\"0\" score\u003d\"0.8037806309396757\" style\u003d\"border: 2px solid rgb(125, 157, 1);\" tabnumber\u003d\"0\" tagorder\u003d\"0\"\u003e0.6770%\u003c/precio\u003e EUR Pips(CCY2) : 72.1 Premium Amount : USER PAYS (\u003cprima begin\u003d\"581\" class\u003d\"extraction-tag ml-tag\" confidence\u003d\"1/16\" data-value\u003d\"108150,00\" end\u003d\"588\" ml-tagorder\u003d\"0\" score\u003d\"0.7537377999422209\" style\u003d\"border: 2px solid rgb(125, 157, 1);\" tabnumber\u003d\"0\" tagorder\u003d\"0\"\u003e108,150\u003c/prima\u003e) \u003cdivisa_prima begin\u003d\"590\" class\u003d\"extraction-tag ml-tag\" confidence\u003d\"1/16\" data-value\u003d\"USD\" end\u003d\"593\" ml-tagorder\u003d\"0\" score\u003d\"0.7247888368152166\" style\u003d\"border: 2px solid rgb(125, 157, 1);\" tabnumber\u003d\"0\" tagorder\u003d\"0\"\u003eUSD\u003c/divisa_prima\u003e Premium Date : \u003cfecha_pago_prima begin\u003d\"609\" class\u003d\"extraction-tag ml-tag\" confidence\u003d\"1/16\" data-value\u003d\"01/17/2017\" end\u003d\"618\" ml-tagorder\u003d\"0\" score\u003d\"0.7417577751783899\" style\u003d\"border: 2px solid rgb(125, 157, 1);\" tabnumber\u003d\"0\" tagorder\u003d\"0\"\u003e17-JAN-17\u003c/fecha_pago_prima\u003e Hedge Type / Value Date : SPOT / 17-JAN-17 Hedge Rate : 1.06541 Hedge Amount : USER SELLS EUR 5,150,000\u003c/font\u003e\u003c/p\u003e \n \n \n\u003cmeta-manual-answer data-code\u003d\"id_operacion\" data-na\u003d\"true\"\u003e\u003c/meta-manual-answer\u003e\u003cmeta-manual-answer data-code\u003d\"contrapartida_corta\" data-na\u003d\"true\" tabnumber\u003d\"0\"\u003e\u003c/meta-manual-answer\u003e\u003cmeta-manual-answer data-code\u003d\"tipo_de_opcion\" data-na\u003d\"true\" tabnumber\u003d\"0\"\u003e\u003c/meta-manual-answer\u003e\u003cmeta-manual-answer data-code\u003d\"opcion2\" data-na\u003d\"true\" tabnumber\u003d\"0\"\u003e\u003c/meta-manual-answer\u003e\u003cmeta-manual-answer data-code\u003d\"uti_usi\" data-na\u003d\"true\" tabnumber\u003d\"0\"\u003e\u003c/meta-manual-answer\u003e\u003cmeta-manual-answer data-code\u003d\"barrier\" data-na\u003d\"true\" tabnumber\u003d\"0\"\u003e\u003c/meta-manual-answer\u003e\u003cmeta-manual-answer data-code\u003d\"barrier_start_date\" data-na\u003d\"true\" tabnumber\u003d\"0\"\u003e\u003c/meta-manual-answer\u003e\u003cmeta-manual-answer data-code\u003d\"tipo_barrera\" data-na\u003d\"true\" tabnumber\u003d\"0\"\u003e\u003c/meta-manual-answer\u003e\u003cmeta-manual-answer data-code\u003d\"estilo_barrera\" data-na\u003d\"true\" tabnumber\u003d\"0\"\u003e\u003c/meta-manual-answer\u003e\u003cmeta-manual-answer data-code\u003d\"rebate\" data-na\u003d\"true\" tabnumber\u003d\"0\"\u003e\u003c/meta-manual-answer\u003e\u003cmeta-manual-answer data-code\u003d\"spot_forward\" data-na\u003d\"true\" tabnumber\u003d\"0\"\u003e\u003c/meta-manual-answer\u003e\u003cmeta-manual-answer data-code\u003d\"id_operacion\" data-na\u003d\"true\"\u003e\u003c/meta-manual-answer\u003e\u003cmeta-manual-answer data-code\u003d\"contrapartida_corta\" data-na\u003d\"true\" tabnumber\u003d\"0\"\u003e\u003c/meta-manual-answer\u003e\u003cmeta-manual-answer data-code\u003d\"tipo_de_opcion\" data-na\u003d\"true\" 