{"finalScore":0.6406308119920177,"sumScore":10.250092991872283,"tagsCounter":16.0,"taggedText":"\u003cdocument\u003e_____ Hi Guys , \u003ctipo_de_opcion begin\u003d\"16\" class\u003d\"extraction-tag ml-tag\" confidence\u003d\"1/16\" data-value\u003d\"Vanilla\" end\u003d\"23\" ml-tagorder\u003d\"0\" score\u003d\"0.6559073089950932\" style\u003d\"border: 2px solid rgb(125, 157, 1);\" tabnumber\u003d\"0\" tagorder\u003d\"0\"\u003eVanilla\u003c/tipo_de_opcion\u003e Option You \u003cestrategia begin\u003d\"35\" class\u003d\"extraction-tag ml-tag\" confidence\u003d\"1/16\" data-value\u003d\"sold\" end\u003d\"39\" ml-tagorder\u003d\"0\" score\u003d\"0.8225400102874749\" style\u003d\"border: 2px solid rgb(125, 157, 1);\" tabnumber\u003d\"0\" tagorder\u003d\"0\"\u003esold\u003c/estrategia\u003e a \u003cdivisa1 begin\u003d\"42\" class\u003d\"extraction-tag ml-tag\" confidence\u003d\"1/16\" data-value\u003d\"EUR\" end\u003d\"45\" ml-tagorder\u003d\"0\" score\u003d\"0.5715719679007071\" style\u003d\"border: 2px solid rgb(125, 157, 1);\" tabnumber\u003d\"0\" tagorder\u003d\"0\"\u003eEUR\u003c/divisa1\u003e \u003copcion1 begin\u003d\"46\" class\u003d\"extraction-tag ml-tag\" confidence\u003d\"1/16\" data-value\u003d\"PUT\" end\u003d\"49\" ml-tagorder\u003d\"0\" score\u003d\"0.704850004934328\" style\u003d\"border: 2px solid rgb(125, 157, 1);\" tabnumber\u003d\"0\" tagorder\u003d\"0\"\u003ePut\u003c/opcion1\u003e/\u003cdivisa2 begin\u003d\"50\" class\u003d\"extraction-tag ml-tag\" confidence\u003d\"1/16\" data-value\u003d\"USD\" end\u003d\"53\" ml-tagorder\u003d\"0\" score\u003d\"0.6424885521791399\" style\u003d\"border: 2px solid rgb(125, 157, 1);\" tabnumber\u003d\"0\" tagorder\u003d\"0\"\u003eUSD\u003c/divisa2\u003e \u003copcion2 begin\u003d\"54\" class\u003d\"extraction-tag ml-tag\" confidence\u003d\"1/16\" data-value\u003d\"CALL\" end\u003d\"58\" ml-tagorder\u003d\"0\" score\u003d\"0.7035049738661548\" style\u003d\"border: 2px solid rgb(125, 157, 1);\" tabnumber\u003d\"0\" tagorder\u003d\"0\"\u003eCall\u003c/opcion2\u003e European style option Strike : \u003cstrike_ begin\u003d\"90\" class\u003d\"extraction-tag ml-tag\" confidence\u003d\"1/16\" data-value\u003d\"1.1850\" end\u003d\"96\" ml-tagorder\u003d\"0\" score\u003d\"0.6845057808799347\" style\u003d\"border: 2px solid rgb(125, 157, 1);\" tabnumber\u003d\"0\" tagorder\u003d\"0\"\u003e1.1850\u003c/strike_\u003e Amount : \u003cnominal2 begin\u003d\"106\" class\u003d\"extraction-tag ml-tag\" confidence\u003d\"1/16\" data-value\u003d\"100000000,00\" end\u003d\"117\" ml-tagorder\u003d\"0\" score\u003d\"0.51774378567955\" style\u003d\"border: 2px solid rgb(125, 157, 1);\" tabnumber\u003d\"0\" tagorder\u003d\"0\"\u003e\u003cnominal1 begin\u003d\"106\" class\u003d\"extraction-tag ml-tag\" confidence\u003d\"1/16\" data-value\u003d\"100000000,00\" end\u003d\"117\" ml-tagorder\u003d\"0\" score\u003d\"0.6104341699474044\" style\u003d\"border: 2px solid rgb(125, 157, 1);\" tabnumber\u003d\"0\" tagorder\u003d\"0\"\u003e100,000,000\u003c/nominal1\u003e\u003c/nominal2\u003e EUR Expiry Date: Tue \u003cfecha_vencimiento begin\u003d\"139\" class\u003d\"extraction-tag ml-tag\" confidence\u003d\"1/16\" data-value\u003d\"04/03/2018\" end\u003d\"147\" ml-tagorder\u003d\"0\" score\u003d\"0.6217107350395817\" style\u003d\"border: 2px solid rgb(125, 157, 1);\" tabnumber\u003d\"0\" tagorder\u003d\"0\"\u003e3 Apr 18\u003c/fecha_vencimiento\u003e at 10am NY Delivery : Thu \u003cfecha_pago_vencimiento begin\u003d\"174\" class\u003d\"extraction-tag ml-tag\" confidence\u003d\"1/16\" data-value\u003d\"04/05/2018\" end\u003d\"182\" ml-tagorder\u003d\"0\" score\u003d\"0.648844482918749\" style\u003d\"border: 2px solid rgb(125, 157, 1);\" tabnumber\u003d\"0\" tagorder\u003d\"0\"\u003e5 Apr 18\u003c/fecha_pago_vencimiento\u003e We pay \u003cprecio begin\u003d\"190\" class\u003d\"extraction-tag ml-tag\" confidence\u003d\"1/16\" data-value\u003d\"0.4956\" end\u003d\"197\" ml-tagorder\u003d\"0\" score\u003d\"0.7677462145898135\" style\u003d\"border: 2px solid rgb(125, 157, 1);\" tabnumber\u003d\"0\" tagorder\u003d\"0\"\u003e0.4956%\u003c/precio\u003e of EUR or \u003cprima begin\u003d\"208\" class\u003d\"extraction-tag ml-tag\" confidence\u003d\"1/16\" data-value\u003d\"495600,00\" end\u003d\"215\" ml-tagorder\u003d\"0\" score\u003d\"0.674088291465538\" style\u003d\"border: 2px solid rgb(125, 157, 1);\" tabnumber\u003d\"0\" tagorder\u003d\"0\"\u003e495,600\u003c/prima\u003e \u003cdivisa_prima begin\u003d\"216\" class\u003d\"extraction-tag ml-tag\" confidence\u003d\"1/16\" data-value\u003d\"EUR\" end\u003d\"219\" ml-tagorder\u003d\"0\" score\u003d\"0.637625268211143\" style\u003d\"border: 2px solid rgb(125, 157, 1);\" tabnumber\u003d\"0\" tagorder\u003d\"0\"\u003eEUR\u003c/divisa_prima\u003e at Thu 5 Apr 18 Forward Hedge You sold a EUR/USD Forward Outright Forward Rate : 1.21044 Amount : \u003cnominal1 begin\u003d\"318\" class\u003d\"extraction-tag ml-tag\" confidence\u003d\"1/16\" data-value\u003d\"24000000,00\" end\u003d\"328\" ml-tagorder\u003d\"1\" score\u003d\"0.49053887447453837\" style\u003d\"border: 2px solid rgb(125, 157, 1);\" tabnumber\u003d\"1\" tagorder\u003d\"1\"\u003e24,000,000\u003c/nominal1\u003e EUR \u003ccash_delivery begin\u003d\"333\" class\u003d\"extraction-tag ml-tag\" confidence\u003d\"1/16\" data-value\u003d\"Delivery\" end\u003d\"341\" ml-tagorder\u003d\"0\" score\u003d\"0.49599257050313417\" style\u003d\"border: 2px solid rgb(125, 157, 1);\" tabnumber\u003d\"0\" tagorder\u003d\"0\"\u003eDelivery\u003c/cash_delivery\u003e : Thu 5 Apr 18 Kind regards, Gautier Chauvin Р\u0026mdash;Р\u0026sbquo; Foreign Exchange Sales ABN AMRO Р\u0026mdash;Р\u0026sbquo; Global Markets 3, Avenue Hoche Р\u0026mdash;Р\u0026sbquo; 75008 Paris Р\u0026mdash;Р\u0026sbquo; FR Tel: +33 (0)1 56 21 85 84 - Mobile: +33 (0)6 33 36 08 02 This message has been sent by ABN AMRO Bank N.V., which has its seat at Gustav Mahlerlaan 10 (1082 PP) Amsterdam, the Netherlands, and is registered in the Commercial Register of Amsterdam under number 34334259. Le pr?sent message est envoy? par ABN AMRO Bank N.V., dont le si?ge social est situ? au 10 Gustav Mahlerlaan, 1082 PP Amsterdam, Pays-Bas, et est inscrite au registre du commerce dРІР\u0026sbquo;в\u0026bdquo;ўAmsterdam sous le num?ro 34334259. \u003cmeta-manual-answer data-code\u003d\"id_operacion\" data-na\u003d\"true\"\u003e\u003c/meta-manual-answer\u003e\u003cmeta-manual-answer data-code\u003d\"contrapartida\" data-na\u003d\"true\" tabnumber\u003d\"0\"\u003e\u003c/meta-manual-answer\u003e\u003cmeta-manual-answer data-code\u003d\"contrapartida_corta\" data-na\u003d\"true\" tabnumber\u003d\"0\"\u003e\u003c/meta-manual-answer\u003e\u003cmeta-manual-answer data-code\u003d\"nominal2\" data-na\u003d\"true\" tabnumber\u003d\"0\"\u003e\u003c/meta-manual-answer\u003e\u003cmeta-manual-answer data-code\u003d\"fecha_inicio\" data-na\u003d\"true\" tabnumber\u003d\"0\"\u003e\u003c/meta-manual-answer\u003e\u003cmeta-manual-answer data-code\u003d\"uti_usi\" data-na\u003d\"true\" tabnumber\u003d\"0\"\u003e\u003c/meta-manual-answer\u003e\u003cmeta-manual-answer data-code\u003d\"cash_delivery\" data-na\u003d\"true\" tabnumber\u003d\"0\"\u003e\u003c/meta-manual-answer\u003e\u003cmeta-manual-answer data-code\u003d\"barrier\" data-na\u003d\"true\" tabnumber\u003d\"0\"\u003e\u003c/meta-manual-answer\u003e\u003cmeta-manual-answer data-code\u003d\"barrier_start_date\" data-na\u003d\"true\" tabnumber\u003d\"0\"\u003e\u003c/meta-manual-answer\u003e\u003cmeta-manual-answer data-code\u003d\"estilo_barrera\" data-na\u003d\"true\" tabnumber\u003d\"0\"\u003e\u003c/meta-manual-answer\u003e\u003cmeta-manual-answer data-code\u003d\"rebate\" data-na\u003d\"true\" tabnumber\u003d\"0\"\u003e\u003c/meta-manual-answer\u003e\u003cmeta-manual-answer data-code\u003d\"spot_forward\" data-na\u003d\"true\" tabnumber\u003d\"0\"\u003e\u003c/meta-manual-answer\u003e\u003cmeta-manual-answer data-code\u003d\"id_operacion\" 