{"finalScore":0.6475416626436017,"sumScore":18.131166554020847,"tagsCounter":28.0,"taggedText":"\u003cdocument\u003eHIHIHIHIHIIHIHIHIHIHIHI UR CPTY FOR THIS IS CREDIT SUISSE AG LONDON BRANCH Namespace: 1010000274 Option Details Leg 2681365 USI Value: GFIBLTL2681365 UTI Value: \u003cuti_usi begin\u003d\"161\" class\u003d\"extraction-tag ml-tag\" confidence\u003d\"1/16\" data-value\u003d\"GFIBLTL2681365\" end\u003d\"175\" ml-tagorder\u003d\"0\" score\u003d\"0.6742697026236899\" style\u003d\"border: 2px solid rgb(125, 157, 1);\" tabnumber\u003d\"0\" tagorder\u003d\"0\"\u003eGFIBLTL2681365\u003c/uti_usi\u003e Original Leg ID: Block Size: No Reporting Counterparty: Yes Customer Buy/Sell: \u003cestrategia begin\u003d\"255\" class\u003d\"extraction-tag ml-tag\" confidence\u003d\"1/16\" data-value\u003d\"Sell\" end\u003d\"259\" ml-tagorder\u003d\"0\" score\u003d\"0.5913179978065725\" style\u003d\"border: 2px solid rgb(125, 157, 1);\" tabnumber\u003d\"0\" tagorder\u003d\"0\"\u003eSell\u003c/estrategia\u003e Currency Pair: \u003cdivisa2 begin\u003d\"275\" class\u003d\"extraction-tag ml-tag\" confidence\u003d\"1/16\" data-value\u003d\"MXN\" end\u003d\"281\" ml-tagorder\u003d\"0\" score\u003d\"0.681009950400242\" style\u003d\"border: 2px solid rgb(125, 157, 1);\" tabnumber\u003d\"0\" tagorder\u003d\"0\"\u003eUSDMXN\u003c/divisa2\u003e Amount (M): \u003cnominal2 begin\u003d\"294\" class\u003d\"extraction-tag ml-tag\" confidence\u003d\"1/16\" data-value\u003d\"30,00\" end\u003d\"296\" ml-tagorder\u003d\"0\" score\u003d\"0.48611698809954595\" style\u003d\"border: 2px solid rgb(125, 157, 1);\" tabnumber\u003d\"0\" tagorder\u003d\"0\"\u003e\u003cnominal1 begin\u003d\"294\" class\u003d\"extraction-tag ml-tag\" confidence\u003d\"1/16\" data-value\u003d\"30,00\" end\u003d\"296\" ml-tagorder\u003d\"0\" score\u003d\"0.49837577394268107\" style\u003d\"border: 2px solid rgb(125, 157, 1);\" tabnumber\u003d\"0\" tagorder\u003d\"0\"\u003e30\u003c/nominal1\u003e\u003c/nominal2\u003e USD Call/Put: \u003cdivisa1 begin\u003d\"311\" class\u003d\"extraction-tag ml-tag\" confidence\u003d\"1/16\" data-value\u003d\"MXN\" end\u003d\"314\" ml-tagorder\u003d\"0\" score\u003d\"0.5119146687873503\" style\u003d\"border: 2px solid rgb(125, 157, 1);\" tabnumber\u003d\"0\" tagorder\u003d\"0\"\u003eMXN\u003c/divisa1\u003e \u003copcion1 begin\u003d\"315\" class\u003d\"extraction-tag ml-tag\" confidence\u003d\"1/16\" data-value\u003d\"CALL\" end\u003d\"319\" ml-tagorder\u003d\"0\" score\u003d\"0.7118615640905949\" style\u003d\"border: 2px solid rgb(125, 157, 1);\" tabnumber\u003d\"0\" tagorder\u003d\"0\"\u003eCall\u003c/opcion1\u003e Tenor: 1 Month Expiry Date: \u003cfecha_vencimiento begin\u003d\"348\" class\u003d\"extraction-tag ml-tag\" confidence\u003d\"1/16\" data-value\u003d\"11/14/2017\" end\u003d\"359\" ml-tagorder\u003d\"0\" score\u003d\"0.8144607065085651\" style\u003d\"border: 2px solid rgb(125, 157, 1);\" tabnumber\u003d\"0\" tagorder\u003d\"0\"\u003e14 Nov 2017\u003c/fecha_vencimiento\u003e \u003ccash_delivery begin\u003d\"360\" class\u003d\"extraction-tag ml-tag\" confidence\u003d\"1/16\" data-value\u003d\"Delivery\" end\u003d\"368\" ml-tagorder\u003d\"0\" score\u003d\"0.6245228852483757\" style\u003d\"border: 2px solid rgb(125, 157, 1);\" tabnumber\u003d\"0\" tagorder\u003d\"0\"\u003eDelivery\u003c/cash_delivery\u003e Date: \u003cfecha_pago_vencimiento begin\u003d\"375\" class\u003d\"extraction-tag ml-tag\" confidence\u003d\"1/16\" data-value\u003d\"11/16/2017\" end\u003d\"386\" ml-tagorder\u003d\"0\" score\u003d\"0.7397043166672506\" style\u003d\"border: 2px solid rgb(125, 157, 1);\" tabnumber\u003d\"0\" tagorder\u003d\"0\"\u003e16 Nov 2017\u003c/fecha_pago_vencimiento\u003e Cut: 12:30 New York Strike: \u003cstrike_ begin\u003d\"415\" class\u003d\"extraction-tag ml-tag\" confidence\u003d\"1/16\" data-value\u003d\"18.7500\" end\u003d\"422\" ml-tagorder\u003d\"0\" score\u003d\"0.7337023470169095\" style\u003d\"border: 2px solid rgb(125, 157, 1);\" tabnumber\u003d\"0\" tagorder\u003d\"0\"\u003e18.7500\u003c/strike_\u003e Delta(%): 44 Spot: 18.7460 Swap: 1015 Depo(%): 0 USD Vol(%): 10.80 Price: \u003cprecio begin\u003d\"497\" class\u003d\"extraction-tag ml-tag\" confidence\u003d\"1/16\" data-value\u003d\"1.05\" end\u003d\"501\" ml-tagorder\u003d\"0\" score\u003d\"0.6354610947381095\" style\u003d\"border: 2px solid rgb(125, 157, 1);\" tabnumber\u003d\"0\" tagorder\u003d\"0\"\u003e1.05\u003c/precio\u003e PCT USD Premium Amount: \u003cprima begin\u003d\"526\" class\u003d\"extraction-tag ml-tag\" confidence\u003d\"1/16\" data-value\u003d\"315000,00\" end\u003d\"532\" ml-tagorder\u003d\"0\" score\u003d\"0.7437631068130071\" style\u003d\"border: 2px solid rgb(125, 157, 1);\" tabnumber\u003d\"0\" tagorder\u003d\"0\"\u003e315000\u003c/prima\u003e \u003cdivisa_prima begin\u003d\"533\" class\u003d\"extraction-tag ml-tag\" confidence\u003d\"1/16\" data-value\u003d\"USD\" end\u003d\"536\" ml-tagorder\u003d\"0\" score\u003d\"0.7315747401644126\" style\u003d\"border: 2px solid rgb(125, 157, 1);\" tabnumber\u003d\"0\" tagorder\u003d\"0\"\u003eUSD\u003c/divisa_prima\u003e Premium Delivery Date: \u003cfecha_pago_prima begin\u003d\"560\" class\u003d\"extraction-tag ml-tag\" confidence\u003d\"1/16\" data-value\u003d\"11/16/2017\" end\u003d\"571\" ml-tagorder\u003d\"0\" score\u003d\"0.8008209909848897\" style\u003d\"border: 2px solid rgb(125, 157, 1);\" tabnumber\u003d\"0\" tagorder\u003d\"0\"\u003e16 Nov 2017\u003c/fecha_pago_prima\u003e Hedge Details 421482 USI Value: GFIBLTH421482 UTI Value: GFIBLTH421482 Original Id: Reporting Counterparty: No Customer Buy/Sell: Sell Currency Pair: USDMXN Amount (M): 14.4 USD Hedge Rate: 18.8475 Hedge Delivery: 16 Nov 2017 ************************************************************************** ************** UR CPTY FOR THIS IS CREDIT SUISSE AG LONDON BRANCH Namespace: 1010000274 Option Details Leg 2681366 USI Value: GFIBLTL2681366 UTI Value: \u003cuti_usi begin\u003d\"1025\" class\u003d\"extraction-tag ml-tag\" confidence\u003d\"1/16\" data-value\u003d\"GFIBLTL2681366\" end\u003d\"1039\" ml-tagorder\u003d\"1\" score\u003d\"0.6742697026236899\" style\u003d\"border: 2px solid rgb(125, 157, 1);\" tabnumber\u003d\"1\" tagorder\u003d\"1\"\u003eGFIBLTL2681366\u003c/uti_usi\u003e Original Leg ID: Block Size: No Reporting Counterparty: No Customer Buy/Sell: \u003cestrategia begin\u003d\"1118\" class\u003d\"extraction-tag ml-tag\" confidence\u003d\"1/16\" data-value\u003d\"Buy\" end\u003d\"1121\" ml-tagorder\u003d\"1\" score\u003d\"0.6682424774529375\" style\u003d\"border: 2px solid rgb(125, 157, 1);\" tabnumber\u003d\"1\" tagorder\u003d\"1\"\u003eBuy\u003c/estrategia\u003e Currency Pair: \u003cdivisa2 begin\u003d\"1137\" class\u003d\"extraction-tag ml-tag\" confidence\u003d\"1/16\" data-value\u003d\"MXN\" end\u003d\"1143\" ml-tagorder\u003d\"1\" score\u003d\"0.6140519909562259\" style\u003d\"border: 2px solid rgb(125, 157, 1);\" tabnumber\u003d\"1\" tagorder\u003d\"1\"\u003eUSDMXN\u003c/divisa2\u003e Amount (M): 30 USD Call/Put: \u003cdivisa1 begin\u003d\"1173\" class\u003d\"extraction-tag ml-tag\" confidence\u003d\"1/16\" data-value\u003d\"MXN\" end\u003d\"1176\" ml-tagorder\u003d\"1\" score\u003d\"0.5119146687873503\" style\u003d\"border: 2px solid rgb(125, 157, 1);\" tabnumber\u003d\"1\" tagorder\u003d\"1\"\u003eMXN\u003c/divisa1\u003e \u003copcion1 begin\u003d\"1177\" class\u003d\"extraction-tag ml-tag\" confidence\u003d\"1/16\" data-value\u003d\"CALL\" end\u003d\"1181\" ml-tagorder\u003d\"1\" score\u003d\"0.7118615640905949\" style\u003d\"border: 2px solid rgb(125, 157, 1);\" tabnumber\u003d\"1\" tagorder\u003d\"1\"\u003eCall\u003c/opcion1\u003e Tenor: Odd Date Expiry Date: \u003cfecha_vencimiento begin\u003d\"1211\" class\u003d\"extraction-tag ml-tag\" confidence\u003d\"1/16\" data-value\u003d\"12/13/2017\" end\u003d\"1222\" ml-tagorder\u003d\"1\" score\u003d\"0.7472678376480522\" style\u003d\"border: 2px solid rgb(125, 157, 1);\" tabnumber\u003d\"1\" 