{"finalScore":0.7184190292298677,"sumScore":10.776285438448015,"tagsCounter":15.0,"taggedText":"\u003cdocument\u003e\u003cstyle type\u003d\"text/css\"\u003e\u003c/style\u003e\u003cdiv\u003e\u003c/div\u003e\n\u003cspan\u003e\u003cmeta content\u003d\"text-html; charset\u003dutf-8\"\u003e\u003c/meta\u003e\u003cbase\u003e\u003c/base\u003eTRADE CAPTURE NOTIFICATION\u003c/span\u003e for product 31180248\u003cdiv\u003e\u003cstrong\u003eSANTMADRIOPTI \u003cestrategia begin\u003d\"120\" class\u003d\"extraction-tag ml-tag\" confidence\u003d\"1/15\" data-value\u003d\"sells\" end\u003d\"125\" ml-tagorder\u003d\"0\" score\u003d\"0.7641093811041612\" style\u003d\"border: 2px solid rgb(125, 157, 1);\" tabnumber\u003d\"0\" tagorder\u003d\"0\"\u003esells\u003c/estrategia\u003e a \u003cdivisa2 begin\u003d\"128\" class\u003d\"extraction-tag ml-tag\" confidence\u003d\"1/15\" data-value\u003d\"GBP\" end\u003d\"134\" ml-tagorder\u003d\"0\" score\u003d\"0.6958413662166806\" style\u003d\"border: 2px solid rgb(125, 157, 1);\" tabnumber\u003d\"0\" tagorder\u003d\"0\"\u003e\u003cdivisa1 begin\u003d\"128\" class\u003d\"extraction-tag ml-tag\" confidence\u003d\"1/15\" data-value\u003d\"EUR\" end\u003d\"134\" ml-tagorder\u003d\"0\" score\u003d\"0.6708170771593449\" style\u003d\"border: 2px solid rgb(125, 157, 1);\" tabnumber\u003d\"0\" tagorder\u003d\"0\"\u003eEURGBP\u003c/divisa1\u003e\u003c/divisa2\u003e European \u003copcion1 begin\u003d\"144\" class\u003d\"extraction-tag ml-tag\" confidence\u003d\"1/15\" data-value\u003d\"PUT\" end\u003d\"147\" ml-tagorder\u003d\"0\" score\u003d\"0.7350530488012477\" style\u003d\"border: 2px solid rgb(125, 157, 1);\" tabnumber\u003d\"0\" tagorder\u003d\"0\"\u003ePut\u003c/opcion1\u003e\u003c/strong\u003e\u003c/div\u003e\n\n\n \u003cstrong\u003eTrade Date:\u003c/strong\u003e \u003cfecha_inicio begin\u003d\"161\" class\u003d\"extraction-tag ml-tag\" confidence\u003d\"1/15\" data-value\u003d\"01/18/2018\" end\u003d\"170\" ml-tagorder\u003d\"0\" score\u003d\"0.7491226523815165\" style\u003d\"border: 2px solid rgb(125, 157, 1);\" tabnumber\u003d\"0\" tagorder\u003d\"0\"\u003e18Jan2018\u003c/fecha_inicio\u003e \u003cstrong\u003eTrade Reference:\u003c/strong\u003e 51440214 \u003cstrong\u003eAmount:\u003c/strong\u003e EUR \u003cnominal2 begin\u003d\"209\" class\u003d\"extraction-tag ml-tag\" confidence\u003d\"1/15\" data-value\u003d\"20000000,00\" end\u003d\"222\" ml-tagorder\u003d\"0\" score\u003d\"0.6408729211203887\" style\u003d\"border: 2px solid rgb(125, 157, 1);\" tabnumber\u003d\"0\" tagorder\u003d\"0\"\u003e\u003cnominal1 begin\u003d\"209\" class\u003d\"extraction-tag ml-tag\" confidence\u003d\"1/15\" data-value\u003d\"20000000,00\" end\u003d\"222\" ml-tagorder\u003d\"0\" score\u003d\"0.7287615888875766\" style\u003d\"border: 2px solid rgb(125, 157, 1);\" tabnumber\u003d\"0\" tagorder\u003d\"0\"\u003e20,000,000.00\u003c/nominal1\u003e\u003c/nominal2\u003e \u003cstrong\u003eStrike:\u003c/strong\u003e \u003cstrike_ begin\u003d\"231\" class\u003d\"extraction-tag ml-tag\" confidence\u003d\"1/15\" data-value\u003d\"0.8833\" end\u003d\"237\" ml-tagorder\u003d\"0\" score\u003d\"0.7703044533773479\" style\u003d\"border: 2px solid rgb(125, 157, 1);\" tabnumber\u003d\"0\" tagorder\u003d\"0\"\u003e0.8833\u003c/strike_\u003e \u003cstrong\u003eMarket:\u003c/strong\u003e New York 10:00am \u003cstrong\u003eExpiry Date:\u003c/strong\u003e \u003cfecha_vencimiento begin\u003d\"276\" class\u003d\"extraction-tag ml-tag\" confidence\u003d\"1/15\" data-value\u003d\"02/20/2018\" end\u003d\"285\" ml-tagorder\u003d\"0\" score\u003d\"0.7790338247707145\" style\u003d\"border: 2px solid rgb(125, 157, 1);\" tabnumber\u003d\"0\" tagorder\u003d\"0\"\u003e20Feb2018\u003c/fecha_vencimiento\u003e \u003cstrong\u003e\u003ccash_delivery begin\u003d\"286\" class\u003d\"extraction-tag ml-tag\" confidence\u003d\"1/15\" data-value\u003d\"Delivery\" end\u003d\"294\" ml-tagorder\u003d\"0\" score\u003d\"0.5703832284783367\" style\u003d\"border: 2px solid rgb(125, 157, 1);\" tabnumber\u003d\"0\" tagorder\u003d\"0\"\u003eDelivery\u003c/cash_delivery\u003e Date:\u003c/strong\u003e \u003cfecha_pago_vencimiento begin\u003d\"301\" class\u003d\"extraction-tag ml-tag\" confidence\u003d\"1/15\" data-value\u003d\"02/22/2018\" end\u003d\"310\" ml-tagorder\u003d\"0\" score\u003d\"0.7583926040971124\" style\u003d\"border: 2px solid rgb(125, 157, 1);\" tabnumber\u003d\"0\" tagorder\u003d\"0\"\u003e22Feb2018\u003c/fecha_pago_vencimiento\u003e \u003cstrong\u003ePremium:\u003c/strong\u003e \u003cdivisa_prima begin\u003d\"320\" class\u003d\"extraction-tag ml-tag\" confidence\u003d\"1/15\" data-value\u003d\"EUR\" end\u003d\"323\" ml-tagorder\u003d\"0\" score\u003d\"0.7439645975983155\" style\u003d\"border: 2px solid rgb(125, 157, 1);\" tabnumber\u003d\"0\" tagorder\u003d\"0\"\u003eEUR\u003c/divisa_prima\u003e \u003cprima begin\u003d\"324\" class\u003d\"extraction-tag ml-tag\" confidence\u003d\"1/15\" data-value\u003d\"149700,00\" end\u003d\"334\" ml-tagorder\u003d\"0\" score\u003d\"0.7626021751661537\" style\u003d\"border: 2px solid rgb(125, 157, 1);\" tabnumber\u003d\"0\" tagorder\u003d\"0\"\u003e149,700.00\u003c/prima\u003e payable to SANTMADRIOPTI on \u003cfecha_pago_prima begin\u003d\"363\" class\u003d\"extraction-tag ml-tag\" confidence\u003d\"1/15\" data-value\u003d\"01/22/2018\" end\u003d\"372\" ml-tagorder\u003d\"0\" score\u003d\"0.764338560396925\" style\u003d\"border: 2px solid rgb(125, 157, 1);\" tabnumber\u003d\"0\" tagorder\u003d\"0\"\u003e22Jan2018\u003c/fecha_pago_prima\u003e \u003cstrong\u003eVolatility:\u003c/strong\u003e 6.29 \u003cstrong\u003eSpot Reference:\u003c/strong\u003e 0.8827 \u003cstrong\u003eForward Points:\u003c/strong\u003e 0.00072\u003cdiv\u003e\u003cstrong\u003eSANTMADRIOPTI sells EUR against GBP\u003c/strong\u003e\u003c/div\u003e\n\n\n \u003cstrong\u003eTrade Date:\u003c/strong\u003e 18Jan2018 \u003cstrong\u003eTrade Reference:\u003c/strong\u003e 51440215 \u003cstrong\u003eAmount:\u003c/strong\u003e EUR \u003cnominal2 begin\u003d\"533\" class\u003d\"extraction-tag ml-tag\" confidence\u003d\"1/15\" data-value\u003d\"10000000,00\" end\u003d\"546\" ml-tagorder\u003d\"1\" score\u003d\"0.6426879588921931\" style\u003d\"border: 2px solid rgb(125, 157, 1);\" tabnumber\u003d\"1\" tagorder\u003d\"1\"\u003e10,000,000.00\u003c/nominal2\u003e \u003cstrong\u003eExchange Rate:\u003c/strong\u003e 0.88342 \u003cstrong\u003eDelivery Date:\u003c/strong\u003e 22Feb2018 \u003cstrong\u003eVolatility:\u003c/strong\u003e 0 \u003cstrong\u003eSpot Reference:\u003c/strong\u003e 0.8827 \u003cstrong\u003eForward Points:\u003c/strong\u003e 0.00072 \u003cstrong\u003ePre-Confirmation Disclaimer\u003c/strong\u003e\u003cdiv\u003eThis Pre-Confirmation is for information only and the sole purpose of this Pre-Confirmation is to set forth the financial terms of this transaction. This Pre-Confirmation does not constitute a legally binding contract, including a Confirmation as defined in the applicable ISDA Definitions. The information contained in this Pre-Confirmation may be supplemented and/or modified in case of error. You will shortly receive a Confirmation and/or other document summarising all the terms and conditions of this transaction. Although the information contained in this Pre-Confirmation is believed to be reliable, we make no representation as to the accuracy or completeness of any information contained in this Pre-Confirmation or otherwise provided by us. Citigroup is not acting and has not acted as your advisor or agent. Citigroup does not provide and has not provided accounting, tax or legal advice.\u003c/div\u003e\n\n\n \u003cstrong\u003eLegal Disclaimer\u003c/strong\u003e\u003cdiv\u003eThis e-mail message is sent to you by a member of Citigroup. It may contain legally privileged, confidential or proprietary information. If you are not the intended recipient, please notify the sender immediately, delete this message from your system and do not copy, transfer or disclose this message or 