{"finalScore":0.7804332269915614,"sumScore":9.365198723898736,"tagsCounter":12.0,"taggedText":"\u003cdocument\u003e \u003cstyle\u003e\u003c/style\u003e\u003cdiv class\u003d\"WordSection1\"\u003e\u003cp class\u003d\"MsoNormal\"\u003e\u003cspan style\u003d\"font-size:12.0pt;color:#44546A\"\u003e\u003cmeta content\u003d\"text/html; charset\u003diso-8859-1\" http-equiv\u003d\"Content-Type\"\u003e\u003c/meta\u003e\u003cmeta content\u003d\"Microsoft Word 15 (filtered medium)\" name\u003d\"Generator\"\u003e\u003c/meta\u003e\u003c/span\u003e\u003c/p\u003e \u003cp\u003e\u003c/p\u003e \n \n \n\u003cp\u003e\u003c/p\u003e \n \n \n \u003cp class\u003d\"MsoNormal\"\u003e\u003cspan style\u003d\"font-size:12.0pt;color:#44546A\"\u003e\u003c/span\u003e\u003c/p\u003e \n \n\u003cp\u003e\u0026nbsp;\u003c/p\u003e \n \n \n\u003cp\u003e\u003c/p\u003e \n \n \n \u003cp class\u003d\"MsoNormal\"\u003e\u003cspan style\u003d\"font-size:12.0pt;color:#44546A\"\u003e17,487,161\u003c/span\u003e\u003c/p\u003e \n \n\u003cp\u003e\u003c/p\u003e \n \n \n\u003cp\u003e\u003c/p\u003e \n \n \n \u003cp class\u003d\"MsoNormal\"\u003e\u003cspan style\u003d\"font-size:12.0pt;color:#44546A\"\u003e17,487,159\u003c/span\u003e\u003c/p\u003e \n \n\u003cp\u003e\u003c/p\u003e \n \n \n\u003cp\u003e\u003c/p\u003e \n \n \n \u003cp class\u003d\"MsoNormal\"\u003e\u003cspan style\u003d\"font-size:12.0pt;color:#44546A\"\u003e\u003c/span\u003e\u003c/p\u003e \n \n\u003cp\u003e\u0026nbsp;\u003c/p\u003e \n \n \n\u003cp\u003e\u003c/p\u003e \n \n \n \u003cp class\u003d\"MsoNormal\"\u003e\u003cspan style\u003d\"font-size:12.0pt;color:#44546A\"\u003eSan MAdrid\u003c/span\u003e\u003c/p\u003e \n \n\u003cp\u003e\u003c/p\u003e \n \n \n\u003cp\u003e\u003c/p\u003e \n \n \n \u003cp class\u003d\"MsoNormal\"\u003e\u003cspan style\u003d\"font-size:12.0pt;color:#44546A\"\u003e\u003cestrategia begin\u003d\"78\" class\u003d\"extraction-tag ml-tag\" confidence\u003d\"1/13\" data-value\u003d\"Buys\" end\u003d\"82\" ml-tagorder\u003d\"0\" score\u003d\"0.7713539506980811\" style\u003d\"border: 2px solid rgb(125, 157, 1);\" tabnumber\u003d\"0\" tagorder\u003d\"0\"\u003eBuys\u003c/estrategia\u003e \u003cnominal1 begin\u003d\"83\" class\u003d\"extraction-tag ml-tag\" confidence\u003d\"1/13\" data-value\u003d\"20000000,00\" end\u003d\"89\" ml-tagorder\u003d\"0\" score\u003d\"0.8605475910358917\" style\u003d\"border: 2px solid rgb(125, 157, 1);\" tabnumber\u003d\"0\" tagorder\u003d\"0\"\u003e20mios\u003c/nominal1\u003e \u003copcion2 begin\u003d\"90\" class\u003d\"extraction-tag ml-tag\" confidence\u003d\"1/13\" data-value\u003d\"PUT\" end\u003d\"103\" ml-tagorder\u003d\"0\" score\u003d\"0.72689956032011\" style\u003d\"border: 2px solid rgb(125, 157, 1);\" tabnumber\u003d\"0\" tagorder\u003d\"0\"\u003e\u003copcion1 begin\u003d\"90\" class\u003d\"extraction-tag ml-tag\" confidence\u003d\"1/13\" data-value\u003d\"CALL\" end\u003d\"103\" ml-tagorder\u003d\"0\" score\u003d\"0.7805818761981668\" style\u003d\"border: 2px solid rgb(125, 157, 1);\" tabnumber\u003d\"0\" tagorder\u003d\"0\"\u003e\u003cdivisa2 begin\u003d\"90\" class\u003d\"extraction-tag ml-tag\" confidence\u003d\"1/13\" data-value\u003d\"MXN\" end\u003d\"103\" ml-tagorder\u003d\"0\" score\u003d\"0.7866976690910675\" style\u003d\"border: 2px solid rgb(125, 157, 1);\" tabnumber\u003d\"0\" tagorder\u003d\"0\"\u003e\u003cdivisa1 begin\u003d\"90\" class\u003d\"extraction-tag ml-tag\" confidence\u003d\"1/13\" data-value\u003d\"USD\" end\u003d\"103\" ml-tagorder\u003d\"0\" score\u003d\"0.703300675832921\" style\u003d\"border: 2px solid rgb(125, 157, 1);\" tabnumber\u003d\"0\" tagorder\u003d\"0\"\u003eUSDCallMXNput\u003c/divisa1\u003e\u003c/divisa2\u003e\u003c/opcion1\u003e\u003c/opcion2\u003e \u003cfecha_vencimiento begin\u003d\"104\" class\u003d\"extraction-tag ml-tag\" confidence\u003d\"1/13\" data-value\u003d\"12/27/2018\" end\u003d\"112\" ml-tagorder\u003d\"0\" score\u003d\"0.8654766474260912\" style\u003d\"border: 2px solid rgb(125, 157, 1);\" tabnumber\u003d\"0\" tagorder\u003d\"0\"\u003e\u003cfecha_pago_vencimiento begin\u003d\"104\" class\u003d\"extraction-tag ml-tag\" confidence\u003d\"1/13\" data-value\u003d\"12/29/2018\" end\u003d\"112\" ml-tagorder\u003d\"0\" score\u003d\"0.7810854648419385\" style\u003d\"border: 2px solid rgb(125, 157, 1);\" tabnumber\u003d\"0\" tagorder\u003d\"0\"\u003e27/29Dec\u003c/fecha_pago_vencimiento\u003e\u003c/fecha_vencimiento\u003e \u003cstrike_ begin\u003d\"113\" class\u003d\"extraction-tag ml-tag\" confidence\u003d\"1/13\" data-value\u003d\"19.6670\" end\u003d\"120\" ml-tagorder\u003d\"0\" score\u003d\"0.8117258820429171\" style\u003d\"border: 2px solid rgb(125, 157, 1);\" tabnumber\u003d\"0\" tagorder\u003d\"0\"\u003e19.6670\u003c/strike_\u003e; \u003cspot_forward begin\u003d\"122\" class\u003d\"extraction-tag ml-tag\" confidence\u003d\"1/13\" data-value\u003d\"forward\" end\u003d\"125\" ml-tagorder\u003d\"0\" score\u003d\"0.6846549872959983\" style\u003d\"border: 2px solid rgb(125, 157, 1);\" tabnumber\u003d\"0\" tagorder\u003d\"0\"\u003eFwd\u003c/spot_forward\u003e Prem \u003cprecio begin\u003d\"131\" class\u003d\"extraction-tag ml-tag\" confidence\u003d\"1/13\" data-value\u003d\"0.1570\" end\u003d\"140\" ml-tagorder\u003d\"0\" score\u003d\"0.8106001637201298\" style\u003d\"border: 2px solid rgb(125, 157, 1);\" tabnumber\u003d\"0\" tagorder\u003d\"0\"\u003e.1570%\u003cdivisa_prima begin\u003d\"137\" class\u003d\"extraction-tag ml-tag\" confidence\u003d\"1/13\" data-value\u003d\"USD\" end\u003d\"140\" ml-tagorder\u003d\"0\" score\u003d\"0.7822742553954228\" style\u003d\"border: 2px solid rgb(125, 157, 1);\" tabnumber\u003d\"0\" tagorder\u003d\"0\"\u003eUSD\u003c/divisa_prima\u003e\u003c/precio\u003e\u003c/span\u003e\u003c/p\u003e \n \n\u003cp\u003e\u003c/p\u003e \n \n \n\u003cp\u003e\u003c/p\u003e \n \n \n \u003cp class\u003d\"MsoNormal\"\u003e\u003cspan style\u003d\"font-size:12.0pt;color:#44546A\"\u003eSells 6mios USDMXN at 19.5690 value 29Dec\u003c/span\u003e\u003c/p\u003e \n \n\u003cp\u003e\u003c/p\u003e \n \n \n\u003cp\u003e\u003c/p\u003e \n \n \n \u003cp class\u003d\"MsoNormal\"\u003e\u003cspan style\u003d\"font-size:12.0pt;color:#44546A\"\u003e\u003c/span\u003e\u003c/p\u003e \n \n\u003cp\u003e\u0026nbsp;\u003c/p\u003e \n \n \n\u003cp\u003e\u003c/p\u003e \n \n \n \u003cp class\u003d\"MsoNormal\"\u003e\u003cspan style\u003d\"font-size:12.0pt;color:#44546A\"\u003e\u003c/span\u003e\u003c/p\u003e \n \n\u003cp\u003e\u0026nbsp;\u003c/p\u003e \n \n \n\u003cp\u003e\u003c/p\u003e \n \n \n \u003cp class\u003d\"MsoNormal\"\u003e\u003cspan lang\u003d\"ES\" style\u003d\"color:#44546A;mso-fareast-language:EN-GB\"\u003eUn saludo,\u003c/span\u003e\u003c/p\u003e \n \n\u003cp\u003e\u003c/p\u003e \n \n \n\u003cp\u003e\u003c/p\u003e \n \n \n \u003cp class\u003d\"MsoNormal\"\u003e\u003cspan lang\u003d\"ES\" style\u003d\"color:#44546A;mso-fareast-language:EN-GB\"\u003eMaria Eugenia\u003c/span\u003e\u003c/p\u003e \n \n\u003cp\u003e\u003c/p\u003e \n \n \n\u003cp\u003e\u003c/p\u003e \n \n \n \u003cp class\u003d\"MsoNormal\"\u003e\u003cspan style\u003d\"font-size:12.0pt\"\u003e\u003c/span\u003e\u003c/p\u003e \n \n\u003cp\u003e\u0026nbsp;\u003c/p\u003e \n \n \n\u003cp\u003e\u003c/p\u003e \n \n \n \u003cp class\u003d\"MsoNormal\"\u003e\u003cspan style\u003d\"font-size:12.0pt\"\u003e\u003c/span\u003e\u003c/p\u003e \n \n\u003cp\u003e\u0026nbsp;\u003c/p\u003e \n \n \n\u003cp\u003e\u003c/p\u003e \n \n \n \u003c/div\u003e\n\n\n \u003cbr\u003e\u003c/br\u003e \u003chr color\u003d\"green\"\u003e\u003c/hr\u003e \u003cbr\u003e\u003c/br\u003e \u003cdiv class\u003d\"WordSection1\"\u003e \u003cp class\u003d\"MsoNormal\"\u003e\u003cspan Arial\",\"sans-serif\"\"\u003d\"\" style\u003d\"font-size:10.0pt;font-family:\"\u003e\u003cfont color\u003d\"green\"\u003eAntes de imprimir este mensaje o sus documentos anexos, aseg?rese de que es necesario.\u003cbr\u003e\u003c/br\u003e Proteger el medio ambiente est? en nuestras manos. \u003cbr\u003e\u003c/br\u003e 