{"finalScore":0.6728077081335453,"sumScore":18.838615827739268,"tagsCounter":28.0,"taggedText":"\u003cdocument\u003e15:16:12 Santander Madrid \u003cestrategia begin\u003d\"26\" class\u003d\"extraction-tag ml-tag\" confidence\u003d\"1/17\" data-value\u003d\"buys\" end\u003d\"30\" ml-tagorder\u003d\"0\" score\u003d\"0.6714978177171684\" style\u003d\"border: 2px solid rgb(125, 157, 1);\" tabnumber\u003d\"0\" tagorder\u003d\"0\"\u003ebuys\u003c/estrategia\u003e USD \u003cnominal1 begin\u003d\"35\" class\u003d\"extraction-tag ml-tag\" confidence\u003d\"1/17\" data-value\u003d\"100000000,00\" end\u003d\"41\" ml-tagorder\u003d\"0\" score\u003d\"0.7089454829203126\" style\u003d\"border: 2px solid rgb(125, 157, 1);\" tabnumber\u003d\"0\" tagorder\u003d\"0\"\u003e100 MM\u003c/nominal1\u003e of a \u003cdivisa1 begin\u003d\"47\" class\u003d\"extraction-tag ml-tag\" confidence\u003d\"1/17\" data-value\u003d\"USD\" end\u003d\"50\" ml-tagorder\u003d\"0\" score\u003d\"0.6708419801936412\" style\u003d\"border: 2px solid rgb(125, 157, 1);\" tabnumber\u003d\"0\" tagorder\u003d\"0\"\u003eUSD\u003c/divisa1\u003e \u003copcion1 begin\u003d\"51\" class\u003d\"extraction-tag ml-tag\" confidence\u003d\"1/17\" data-value\u003d\"PUT\" end\u003d\"54\" ml-tagorder\u003d\"0\" score\u003d\"0.670673448807441\" style\u003d\"border: 2px solid rgb(125, 157, 1);\" tabnumber\u003d\"0\" tagorder\u003d\"0\"\u003eput\u003c/opcion1\u003e/\u003cdivisa2 begin\u003d\"55\" class\u003d\"extraction-tag ml-tag\" confidence\u003d\"1/17\" data-value\u003d\"MXN\" end\u003d\"58\" ml-tagorder\u003d\"0\" score\u003d\"0.7172491997962723\" style\u003d\"border: 2px solid rgb(125, 157, 1);\" tabnumber\u003d\"0\" tagorder\u003d\"0\"\u003eMXN\u003c/divisa2\u003e \u003copcion2 begin\u003d\"59\" class\u003d\"extraction-tag ml-tag\" confidence\u003d\"1/17\" data-value\u003d\"CALL\" end\u003d\"63\" ml-tagorder\u003d\"0\" score\u003d\"0.6937683686284232\" style\u003d\"border: 2px solid rgb(125, 157, 1);\" tabnumber\u003d\"0\" tagorder\u003d\"0\"\u003ecall\u003c/opcion2\u003e, strike \u003cstrike_ begin\u003d\"72\" class\u003d\"extraction-tag ml-tag\" confidence\u003d\"1/17\" data-value\u003d\"18.12\" end\u003d\"77\" ml-tagorder\u003d\"0\" score\u003d\"0.8409856663194102\" style\u003d\"border: 2px solid rgb(125, 157, 1);\" tabnumber\u003d\"0\" tagorder\u003d\"0\"\u003e18.12\u003c/strike_\u003e, expiry \u003cfecha_vencimiento begin\u003d\"86\" class\u003d\"extraction-tag ml-tag\" confidence\u003d\"1/17\" data-value\u003d\"07/23/2018\" end\u003d\"98\" ml-tagorder\u003d\"0\" score\u003d\"0.690455166742359\" style\u003d\"border: 2px solid rgb(125, 157, 1);\" tabnumber\u003d\"0\" tagorder\u003d\"0\"\u003eJuly-23-2018\u003c/fecha_vencimiento\u003e, \u003ccash_delivery begin\u003d\"100\" class\u003d\"extraction-tag ml-tag\" confidence\u003d\"1/17\" data-value\u003d\"Delivery\" end\u003d\"108\" ml-tagorder\u003d\"0\" score\u003d\"0.6498693438411843\" style\u003d\"border: 2px solid rgb(125, 157, 1);\" tabnumber\u003d\"0\" tagorder\u003d\"0\"\u003edelivery\u003c/cash_delivery\u003e \u003cfecha_pago_vencimiento begin\u003d\"109\" class\u003d\"extraction-tag ml-tag\" confidence\u003d\"1/17\" data-value\u003d\"07/25/2018\" end\u003d\"121\" ml-tagorder\u003d\"0\" score\u003d\"0.5018800802008081\" style\u003d\"border: 2px solid rgb(125, 157, 1);\" tabnumber\u003d\"0\" tagorder\u003d\"0\"\u003eJuly-25-2018\u003c/fecha_pago_vencimiento\u003e, for \u003cprecio begin\u003d\"127\" class\u003d\"extraction-tag ml-tag\" confidence\u003d\"1/17\" data-value\u003d\"1.638\" end\u003d\"132\" ml-tagorder\u003d\"0\" score\u003d\"0.7196754592910174\" style\u003d\"border: 2px solid rgb(125, 157, 1);\" tabnumber\u003d\"0\" tagorder\u003d\"0\"\u003e1.638\u003c/precio\u003e % of USD notional (\u003cfecha_pago_prima begin\u003d\"152\" class\u003d\"extraction-tag ml-tag\" confidence\u003d\"1/17\" data-value\u003d\"spot premium\" end\u003d\"164\" ml-tagorder\u003d\"0\" score\u003d\"0.618831945888134\" style\u003d\"border: 2px solid rgb(125, 157, 1);\" tabnumber\u003d\"0\" tagorder\u003d\"0\"\u003e\u003cspot_forward begin\u003d\"152\" class\u003d\"extraction-tag ml-tag\" confidence\u003d\"1/17\" data-value\u003d\"Spot\" end\u003d\"156\" ml-tagorder\u003d\"0\" score\u003d\"0.6178821348274578\" style\u003d\"border: 2px solid rgb(125, 157, 1);\" tabnumber\u003d\"0\" tagorder\u003d\"0\"\u003espot\u003c/spot_forward\u003e premium\u003c/fecha_pago_prima\u003e \u003d \u003cdivisa_prima begin\u003d\"167\" class\u003d\"extraction-tag ml-tag\" confidence\u003d\"1/17\" data-value\u003d\"USD\" end\u003d\"170\" ml-tagorder\u003d\"0\" score\u003d\"0.6183870981697223\" style\u003d\"border: 2px solid rgb(125, 157, 1);\" tabnumber\u003d\"0\" tagorder\u003d\"0\"\u003eUSD\u003c/divisa_prima\u003e \u003cprima begin\u003d\"171\" class\u003d\"extraction-tag ml-tag\" confidence\u003d\"1/17\" data-value\u003d\"1638000,00\" end\u003d\"178\" ml-tagorder\u003d\"0\" score\u003d\"0.8018550071325644\" style\u003d\"border: 2px solid rgb(125, 157, 1);\" tabnumber\u003d\"0\" tagorder\u003d\"0\"\u003e1638000\u003c/prima\u003e, vol \u003d 15.7) Santander Madrid buys USD \u003cnominal1 begin\u003d\"218\" class\u003d\"extraction-tag ml-tag\" confidence\u003d\"1/17\" data-value\u003d\"100000000,00\" end\u003d\"224\" ml-tagorder\u003d\"1\" score\u003d\"0.6949261958628152\" style\u003d\"border: 2px solid rgb(125, 157, 1);\" tabnumber\u003d\"1\" tagorder\u003d\"1\"\u003e100 MM\u003c/nominal1\u003e of a \u003cdivisa1 begin\u003d\"230\" class\u003d\"extraction-tag ml-tag\" confidence\u003d\"1/17\" data-value\u003d\"USD\" end\u003d\"233\" ml-tagorder\u003d\"1\" score\u003d\"0.6731599360207885\" style\u003d\"border: 2px solid rgb(125, 157, 1);\" tabnumber\u003d\"1\" tagorder\u003d\"1\"\u003eUSD\u003c/divisa1\u003e \u003copcion1 begin\u003d\"234\" class\u003d\"extraction-tag ml-tag\" confidence\u003d\"1/17\" data-value\u003d\"CALL\" end\u003d\"238\" ml-tagorder\u003d\"1\" score\u003d\"0.693889026617938\" style\u003d\"border: 2px solid rgb(125, 157, 1);\" tabnumber\u003d\"1\" tagorder\u003d\"1\"\u003ecall\u003c/opcion1\u003e/MXN \u003copcion2 begin\u003d\"243\" class\u003d\"extraction-tag ml-tag\" confidence\u003d\"1/17\" data-value\u003d\"PUT\" end\u003d\"246\" ml-tagorder\u003d\"1\" score\u003d\"0.6539915637405056\" style\u003d\"border: 2px solid rgb(125, 157, 1);\" tabnumber\u003d\"1\" tagorder\u003d\"1\"\u003eput\u003c/opcion2\u003e, strike \u003cstrike_ begin\u003d\"255\" class\u003d\"extraction-tag ml-tag\" confidence\u003d\"1/17\" data-value\u003d\"21.05\" end\u003d\"260\" ml-tagorder\u003d\"1\" score\u003d\"0.8026039231777534\" style\u003d\"border: 2px solid rgb(125, 157, 1);\" tabnumber\u003d\"1\" tagorder\u003d\"1\"\u003e21.05\u003c/strike_\u003e, expiry July-23-2018, \u003ccash_delivery begin\u003d\"283\" class\u003d\"extraction-tag ml-tag\" confidence\u003d\"1/17\" data-value\u003d\"Delivery\" end\u003d\"291\" ml-tagorder\u003d\"1\" score\u003d\"0.6498693438411843\" style\u003d\"border: 2px solid rgb(125, 157, 1);\" tabnumber\u003d\"1\" tagorder\u003d\"1\"\u003edelivery\u003c/cash_delivery\u003e \u003cfecha_pago_vencimiento begin\u003d\"292\" class\u003d\"extraction-tag ml-tag\" confidence\u003d\"1/17\" data-value\u003d\"07/25/2018\" end\u003d\"304\" ml-tagorder\u003d\"1\" score\u003d\"0.5018800802008081\" style\u003d\"border: 2px solid rgb(125, 157, 1);\" tabnumber\u003d\"1\" tagorder\u003d\"1\"\u003eJuly-25-2018\u003c/fecha_pago_vencimiento\u003e, for \u003cprecio begin\u003d\"310\" class\u003d\"extraction-tag ml-tag\" confidence\u003d\"1/17\" data-value\u003d\"1.638\" end\u003d\"315\" ml-tagorder\u003d\"1\" score\u003d\"0.7196754592910174\" style\u003d\"border: 2px solid rgb(125, 157, 1);\" tabnumber\u003d\"1\" tagorder\u003d\"1\"\u003e1.638\u003c/precio\u003e % of USD notional (\u003cfecha_pago_prima begin\u003d\"335\" class\u003d\"extraction-tag ml-tag\" confidence\u003d\"1/17\" data-value\u003d\"spot premium\" end\u003d\"347\" ml-tagorder\u003d\"1\" 