{"finalScore":0.6992486494237339,"sumScore":9.789481091932274,"tagsCounter":14.0,"taggedText":"\u003cdocument\u003e\u003cstyle type\u003d\"text/css\"\u003e\u003c/style\u003e\u003cdiv\u003e\u003cp\u003e\u003cestrategia begin\u003d\"17\" class\u003d\"extraction-tag ml-tag\" confidence\u003d\"1/14\" data-value\u003d\"BUYS\" end\u003d\"21\" ml-tagorder\u003d\"0\" score\u003d\"0.6894662744692203\" style\u003d\"border: 2px solid rgb(125, 157, 1);\" tabnumber\u003d\"0\" tagorder\u003d\"0\"\u003e\u003cbase\u003e\u003c/base\u003e\u003cmeta content\u003d\"text-html; charset\u003dutf-8\"\u003e\u003c/meta\u003eBUYS\u003c/estrategia\u003e \u003cnominal1 begin\u003d\"22\" class\u003d\"extraction-tag ml-tag\" confidence\u003d\"1/14\" data-value\u003d\"10000000,00\" end\u003d\"25\" ml-tagorder\u003d\"0\" score\u003d\"0.6639459441021945\" style\u003d\"border: 2px solid rgb(125, 157, 1);\" tabnumber\u003d\"0\" tagorder\u003d\"0\"\u003e10M\u003c/nominal1\u003e USD PER LEG FROM BANCO SANTANDER\u003c/p\u003e \n \n \n\u003cp\u003e\u003cstrike_ begin\u003d\"60\" class\u003d\"extraction-tag ml-tag\" confidence\u003d\"1/14\" data-value\u003d\"18.8620\" end\u003d\"67\" ml-tagorder\u003d\"0\" score\u003d\"0.7787376823720189\" style\u003d\"border: 2px solid rgb(125, 157, 1);\" tabnumber\u003d\"0\" tagorder\u003d\"0\"\u003e18.8620\u003c/strike_\u003e \u003cdivisa2 begin\u003d\"68\" class\u003d\"extraction-tag ml-tag\" confidence\u003d\"1/14\" data-value\u003d\"MXN\" end\u003d\"74\" ml-tagorder\u003d\"0\" score\u003d\"0.6275360468526093\" style\u003d\"border: 2px solid rgb(125, 157, 1);\" tabnumber\u003d\"0\" tagorder\u003d\"0\"\u003e\u003cdivisa1 begin\u003d\"68\" class\u003d\"extraction-tag ml-tag\" confidence\u003d\"1/14\" data-value\u003d\"USD\" end\u003d\"74\" ml-tagorder\u003d\"0\" score\u003d\"0.6383070097561923\" style\u003d\"border: 2px solid rgb(125, 157, 1);\" tabnumber\u003d\"0\" tagorder\u003d\"0\"\u003eUSDMXN\u003c/divisa1\u003e\u003c/divisa2\u003e \u003ctipo_de_opcion begin\u003d\"75\" class\u003d\"extraction-tag ml-tag\" confidence\u003d\"1/14\" data-value\u003d\"STRADDLE\" end\u003d\"83\" ml-tagorder\u003d\"0\" score\u003d\"0.7332661694167618\" style\u003d\"border: 2px solid rgb(125, 157, 1);\" tabnumber\u003d\"0\" tagorder\u003d\"0\"\u003eSTRADDLE\u003c/tipo_de_opcion\u003e\u003c/p\u003e \n \n \n\u003cp\u003e\u003cfecha_vencimiento begin\u003d\"85\" class\u003d\"extraction-tag ml-tag\" confidence\u003d\"1/14\" data-value\u003d\"01/06/2018\" end\u003d\"88\" ml-tagorder\u003d\"0\" score\u003d\"0.5776867924121956\" style\u003d\"border: 2px solid rgb(125, 157, 1);\" tabnumber\u003d\"0\" tagorder\u003d\"0\"\u003e\u003cfecha_pago_vencimiento begin\u003d\"85\" class\u003d\"extraction-tag ml-tag\" confidence\u003d\"1/14\" data-value\u003d\"01/06/2018\" end\u003d\"88\" ml-tagorder\u003d\"0\" score\u003d\"0.6495391837538342\" style\u003d\"border: 2px solid rgb(125, 157, 1);\" tabnumber\u003d\"0\" tagorder\u003d\"0\"\u003e1-6\u003c/fecha_pago_vencimiento\u003e\u003c/fecha_vencimiento\u003e FEB 2018\u003c/p\u003e \n \n \n\u003cp\u003eVOL 11.35\u003c/p\u003e \n \n \n\u003cp\u003e\u003c/p\u003e \n \n \n\u003cp\u003ePX TOT: 3.64% USD\u003c/p\u003e \n \n \n\u003cp\u003eE/S: \u003cprecio begin\u003d\"136\" class\u003d\"extraction-tag ml-tag\" confidence\u003d\"1/14\" data-value\u003d\"1.82\" end\u003d\"141\" ml-tagorder\u003d\"0\" score\u003d\"0.8073848145879648\" style\u003d\"border: 2px solid rgb(125, 157, 1);\" tabnumber\u003d\"0\" tagorder\u003d\"0\"\u003e1.82%\u003c/precio\u003e \u003cdivisa_prima begin\u003d\"142\" class\u003d\"extraction-tag ml-tag\" confidence\u003d\"1/14\" data-value\u003d\"USD\" end\u003d\"145\" ml-tagorder\u003d\"0\" score\u003d\"0.71795630671882\" style\u003d\"border: 2px solid rgb(125, 157, 1);\" tabnumber\u003d\"0\" tagorder\u003d\"0\"\u003eUSD\u003c/divisa_prima\u003e\u003c/p\u003e \n \n \n\u003cp\u003eSPOT: 18.6605\u003c/p\u003e \n \n \n\u003cp\u003eSWAP: 2015\u003c/p\u003e \n \n \n\u003cp\u003eDEPO: 0.0\u003c/p\u003e \n \n \n\u003cp\u003e\u003c/p\u003e \n \n \n\u003cp\u003e\u003ccash_delivery begin\u003d\"187\" class\u003d\"extraction-tag ml-tag\" confidence\u003d\"1/14\" data-value\u003d\"\" end\u003d\"192\" ml-tagorder\u003d\"0\" score\u003d\"0.6562964839426157\" style\u003d\"border: 2px solid rgb(125, 157, 1);\" tabnumber\u003d\"0\" tagorder\u003d\"0\"\u003eHEDGE\u003c/cash_delivery\u003e MS BUYS 1.2M USD FROM SANT @ 18.8620\u003c/p\u003e \n \n \n\u003cp\u003ePREM AND HEDGE VALUED \u003cfecha_pago_prima begin\u003d\"253\" class\u003d\"extraction-tag ml-tag\" confidence\u003d\"1/14\" data-value\u003d\"02/06/2018\" end\u003d\"263\" ml-tagorder\u003d\"0\" score\u003d\"0.7238066330030696\" style\u003d\"border: 2px solid rgb(125, 157, 1);\" tabnumber\u003d\"0\" tagorder\u003d\"0\"\u003e6 FEB 2018\u003c/fecha_pago_prima\u003e\u003c/p\u003e \n \n \n\u003cp\u003e\u003c/p\u003e \n \n \n\u003cp\u003eMP: \u003cspan\u003e\u003cuti_usi begin\u003d\"271\" class\u003d\"extraction-tag ml-tag\" confidence\u003d\"1/14\" data-value\u003d\"1010000283M035X20171204XFO003045812229X1XX\" end\u003d\"313\" ml-tagorder\u003d\"0\" score\u003d\"0.7547805410362707\" style\u003d\"border: 2px solid rgb(125, 157, 1);\" tabnumber\u003d\"0\" tagorder\u003d\"0\"\u003e1010000283M035X20171204XFO003045812229X1XX\u003c/uti_usi\u003e\u003c/span\u003e\u003c/p\u003e \n \n \n\u003cp\u003eMC: \u003cspan\u003e\u003cuti_usi begin\u003d\"319\" class\u003d\"extraction-tag ml-tag\" confidence\u003d\"1/14\" data-value\u003d\"1010000283M035X20171204XFO003045812229X2XX\" end\u003d\"361\" ml-tagorder\u003d\"1\" score\u003d\"0.7707712095085058\" style\u003d\"border: 2px solid rgb(125, 157, 1);\" tabnumber\u003d\"1\" tagorder\u003d\"1\"\u003e1010000283M035X20171204XFO003045812229X2XX\u003c/uti_usi\u003e\u003c/span\u003e\u003c/p\u003e \n \n \n\u003cp\u003e\u003c/p\u003e \n \n \n\u003cp\u003e\u003cstrong\u003eJames Hatton\u003c/strong\u003e\u003c/p\u003e \n \n \n\u003cp\u003eBGC Partners\u003c/p\u003e \n \n \n\u003cp\u003eFX Options\u003c/p\u003e \n \n \n\u003cp\u003e1-212-829-5497- Desk\u003c/p\u003e \n \n \n\u003cp\u003e\u003c/p\u003e \n \n \n\u003cp\u003eAll transaction details sent to you are for your convenience only. All transactions are subject to final terms as indicated on the confirmation provided by BGC Derivatives Markets, LP\u003c/p\u003e \n \n \n\u003cp\u003e\u003c/p\u003e \n \n \n\u003c/div\u003e\n\n\n http://www.bgcpartners.com CONFIDENTIAL: This e-mail has been sent to you by one of the BGC entities (collectively BGC) Please see important legal information and disclaimer relating to this mail at the following links: http://www.bgcpartners.com/disclaimers/ Please see for BGC Disclosures The link contains company and FCA registration numbers. This e-mail, including its contents and attachments, if any, are confidential. If you are not the named recipient please notify the sender and immediately delete it. You may not disseminate, distribute, or forward this e-mail message or disclose its contents to anybody else. Copyright and any other intellectual property rights in its contents are the sole property of BGC and its affiliates. E-mail transmission cannot be guaranteed to be secure or error-free. The sender therefore does not accept liability for any errors or omissions in the contents of this message which arise as a result of e-mail transmission. If verification is required please request a hard-copy version. Although we routinely screen for viruses, addressees should check this e-mail and any attachments for viruses. We make no representation or warranty as to the absence of viruses in this e-mail or any attachments. Please note that to ensure regulatory compliance and for the protection of our customers and business, we may monitor and read e-mails sent to and from our server(s). The registered offices of the BGC entities are at 1 Churchill Place, London, E14 5RD. For any issues arising from this email please reply to the sender. The FCA register appears at 