{"finalScore":0.6618551088234637,"sumScore":9.927826632351955,"tagsCounter":15.0,"taggedText":"\u003cdocument\u003e_____ Hi Guys, \u003ctipo_de_opcion begin\u003d\"15\" class\u003d\"extraction-tag ml-tag\" confidence\u003d\"1/15\" data-value\u003d\"Vanilla\" end\u003d\"22\" ml-tagorder\u003d\"0\" score\u003d\"0.6559073089950932\" style\u003d\"border: 2px solid rgb(125, 157, 1);\" tabnumber\u003d\"0\" tagorder\u003d\"0\"\u003eVanilla\u003c/tipo_de_opcion\u003e Option You \u003cestrategia begin\u003d\"34\" class\u003d\"extraction-tag ml-tag\" confidence\u003d\"1/15\" data-value\u003d\"sold\" end\u003d\"38\" ml-tagorder\u003d\"0\" score\u003d\"0.8225400102874749\" style\u003d\"border: 2px solid rgb(125, 157, 1);\" tabnumber\u003d\"0\" tagorder\u003d\"0\"\u003esold\u003c/estrategia\u003e a \u003cdivisa1 begin\u003d\"41\" class\u003d\"extraction-tag ml-tag\" confidence\u003d\"1/15\" data-value\u003d\"EUR\" end\u003d\"44\" ml-tagorder\u003d\"0\" score\u003d\"0.5882397671966807\" style\u003d\"border: 2px solid rgb(125, 157, 1);\" tabnumber\u003d\"0\" tagorder\u003d\"0\"\u003eEUR\u003c/divisa1\u003e \u003copcion1 begin\u003d\"45\" class\u003d\"extraction-tag ml-tag\" confidence\u003d\"1/15\" data-value\u003d\"CALL\" end\u003d\"49\" ml-tagorder\u003d\"0\" score\u003d\"0.7157149739084744\" style\u003d\"border: 2px solid rgb(125, 157, 1);\" tabnumber\u003d\"0\" tagorder\u003d\"0\"\u003eCall\u003c/opcion1\u003e/\u003cdivisa2 begin\u003d\"50\" class\u003d\"extraction-tag ml-tag\" confidence\u003d\"1/15\" data-value\u003d\"USD\" end\u003d\"53\" ml-tagorder\u003d\"0\" score\u003d\"0.6785253566025273\" style\u003d\"border: 2px solid rgb(125, 157, 1);\" tabnumber\u003d\"0\" tagorder\u003d\"0\"\u003eUSD\u003c/divisa2\u003e \u003copcion2 begin\u003d\"54\" class\u003d\"extraction-tag ml-tag\" confidence\u003d\"1/15\" data-value\u003d\"PUT\" end\u003d\"57\" ml-tagorder\u003d\"0\" score\u003d\"0.7561692957394281\" style\u003d\"border: 2px solid rgb(125, 157, 1);\" tabnumber\u003d\"0\" tagorder\u003d\"0\"\u003ePut\u003c/opcion2\u003e European style option Strike : \u003cstrike_ begin\u003d\"89\" class\u003d\"extraction-tag ml-tag\" confidence\u003d\"1/15\" data-value\u003d\"1.2350\" end\u003d\"95\" ml-tagorder\u003d\"0\" score\u003d\"0.6845057808799347\" style\u003d\"border: 2px solid rgb(125, 157, 1);\" tabnumber\u003d\"0\" tagorder\u003d\"0\"\u003e1.2350\u003c/strike_\u003e Amount : \u003cnominal1 begin\u003d\"105\" class\u003d\"extraction-tag ml-tag\" confidence\u003d\"1/15\" data-value\u003d\"50000000,00\" end\u003d\"115\" ml-tagorder\u003d\"0\" score\u003d\"0.7312017921837553\" style\u003d\"border: 2px solid rgb(125, 157, 1);\" tabnumber\u003d\"0\" tagorder\u003d\"0\"\u003e50,000,000\u003c/nominal1\u003e EUR Expiry Date: Thu \u003cfecha_vencimiento begin\u003d\"137\" class\u003d\"extraction-tag ml-tag\" confidence\u003d\"1/15\" data-value\u003d\"07/12/2018\" end\u003d\"146\" ml-tagorder\u003d\"0\" score\u003d\"0.6922566911770246\" style\u003d\"border: 2px solid rgb(125, 157, 1);\" tabnumber\u003d\"0\" tagorder\u003d\"0\"\u003e12 Jul 18\u003c/fecha_vencimiento\u003e at 10am NY Delivery : Mon 16 Jul 18 We pay \u003cprecio begin\u003d\"190\" class\u003d\"extraction-tag ml-tag\" confidence\u003d\"1/15\" data-value\u003d\"1.6650\" end\u003d\"197\" ml-tagorder\u003d\"0\" score\u003d\"0.691952169276429\" style\u003d\"border: 2px solid rgb(125, 157, 1);\" tabnumber\u003d\"0\" tagorder\u003d\"0\"\u003e1.6650%\u003c/precio\u003e of EUR or \u003cprima begin\u003d\"208\" class\u003d\"extraction-tag ml-tag\" confidence\u003d\"1/15\" data-value\u003d\"832500,00\" end\u003d\"215\" ml-tagorder\u003d\"0\" score\u003d\"0.6786634910005751\" style\u003d\"border: 2px solid rgb(125, 157, 1);\" tabnumber\u003d\"0\" tagorder\u003d\"0\"\u003e832,500\u003c/prima\u003e \u003cdivisa_prima begin\u003d\"216\" class\u003d\"extraction-tag ml-tag\" confidence\u003d\"1/15\" data-value\u003d\"EUR\" end\u003d\"219\" ml-tagorder\u003d\"0\" score\u003d\"0.6857034993554085\" style\u003d\"border: 2px solid rgb(125, 157, 1);\" tabnumber\u003d\"0\" tagorder\u003d\"0\"\u003eEUR\u003c/divisa_prima\u003e at Mon \u003cfecha_pago_prima begin\u003d\"227\" class\u003d\"extraction-tag ml-tag\" confidence\u003d\"1/15\" data-value\u003d\"07/16/2018\" end\u003d\"236\" ml-tagorder\u003d\"0\" score\u003d\"0.5568584504501021\" style\u003d\"border: 2px solid rgb(125, 157, 1);\" tabnumber\u003d\"0\" tagorder\u003d\"0\"\u003e16 Jul 18\u003c/fecha_pago_prima\u003e Forward Hedge You bought a EUR/USD Forward Outright Forward Rate : 1.227375 Amount : \u003cnominal1 begin\u003d\"322\" class\u003d\"extraction-tag ml-tag\" confidence\u003d\"1/15\" data-value\u003d\"21000000,00\" end\u003d\"332\" ml-tagorder\u003d\"1\" score\u003d\"0.4935954747959142\" style\u003d\"border: 2px solid rgb(125, 157, 1);\" tabnumber\u003d\"1\" tagorder\u003d\"1\"\u003e21,000,000\u003c/nominal1\u003e EUR \u003ccash_delivery begin\u003d\"337\" class\u003d\"extraction-tag ml-tag\" confidence\u003d\"1/15\" data-value\u003d\"Delivery\" end\u003d\"345\" ml-tagorder\u003d\"0\" score\u003d\"0.49599257050313417\" style\u003d\"border: 2px solid rgb(125, 157, 1);\" tabnumber\u003d\"0\" tagorder\u003d\"0\"\u003eDelivery\u003c/cash_delivery\u003e : Mon 16 Jul 18 Gautier Chauvin Р\u0026mdash;Р\u0026sbquo; Foreign Exchange Sales ABN AMRO Р\u0026mdash;Р\u0026sbquo; Global Markets 3, Avenue Hoche Р\u0026mdash;Р\u0026sbquo; 75008 Paris Р\u0026mdash;Р\u0026sbquo; FR Tel: +33 (0)1 56 21 85 84 - Mobile: +33 (0)6 33 36 08 02 This message has been sent by ABN AMRO Bank N.V., which has its seat at Gustav Mahlerlaan 10 (1082 PP) Amsterdam, the Netherlands, and is registered in the Commercial Register of Amsterdam under number 34334259. Le pr?sent message est envoy? par ABN AMRO Bank N.V., dont le si?ge social est situ? au 10 Gustav Mahlerlaan, 1082 PP Amsterdam, Pays-Bas, et est inscrite au registre du commerce dРІР\u0026sbquo;в\u0026bdquo;ўAmsterdam sous le num?ro 34334259. \u003cmeta-manual-answer data-code\u003d\"id_operacion\" data-na\u003d\"true\"\u003e\u003c/meta-manual-answer\u003e\u003cmeta-manual-answer data-code\u003d\"contrapartida\" data-na\u003d\"true\" tabnumber\u003d\"0\"\u003e\u003c/meta-manual-answer\u003e\u003cmeta-manual-answer data-code\u003d\"contrapartida_corta\" data-na\u003d\"true\" tabnumber\u003d\"0\"\u003e\u003c/meta-manual-answer\u003e\u003cmeta-manual-answer data-code\u003d\"tipo_de_opcion\" data-na\u003d\"true\" tabnumber\u003d\"0\"\u003e\u003c/meta-manual-answer\u003e\u003cmeta-manual-answer data-code\u003d\"nominal2\" data-na\u003d\"true\" tabnumber\u003d\"0\"\u003e\u003c/meta-manual-answer\u003e\u003cmeta-manual-answer data-code\u003d\"fecha_inicio\" data-na\u003d\"true\" tabnumber\u003d\"0\"\u003e\u003c/meta-manual-answer\u003e\u003cmeta-manual-answer data-code\u003d\"uti_usi\" data-na\u003d\"true\" tabnumber\u003d\"0\"\u003e\u003c/meta-manual-answer\u003e\u003cmeta-manual-answer data-code\u003d\"cash_delivery\" data-na\u003d\"true\" tabnumber\u003d\"0\"\u003e\u003c/meta-manual-answer\u003e\u003cmeta-manual-answer data-code\u003d\"barrier\" data-na\u003d\"true\" tabnumber\u003d\"0\"\u003e\u003c/meta-manual-answer\u003e\u003cmeta-manual-answer data-code\u003d\"barrier_start_date\" data-na\u003d\"true\" tabnumber\u003d\"0\"\u003e\u003c/meta-manual-answer\u003e\u003cmeta-manual-answer data-code\u003d\"estilo_barrera\" data-na\u003d\"true\" tabnumber\u003d\"0\"\u003e\u003c/meta-manual-answer\u003e\u003cmeta-manual-answer data-code\u003d\"rebate\" data-na\u003d\"true\" tabnumber\u003d\"0\"\u003e\u003c/meta-manual-answer\u003e\u003cmeta-manual-answer data-code\u003d\"spot_forward\" data-na\u003d\"true\" tabnumber\u003d\"0\"\u003e\u003c/meta-manual-answer\u003e\u003cmeta-manual-answer data-code\u003d\"id_operacion\" data-na\u003d\"true\"\u003e\u003c/meta-manual-answer\u003e\u003cmeta-manual-answer data-code\u003d\"contrapartida\" data-na\u003d\"true\" tabnumber\u003d\"0\"\u003e\u003c/meta-manual-answer\u003e\u003cmeta-manual-answer 