{"finalScore":0.6889402003682444,"sumScore":12.4009236066284,"tagsCounter":18.0,"taggedText":"\u003cdocument\u003e\u003cstyle type\u003d\"text/css\"\u003e\u003c/style\u003e\u003cp\u003e\u003cfont\u003e\u003cfecha_inicio begin\u003d\"338\" class\u003d\"extraction-tag ml-tag\" confidence\u003d\"1/17\" data-value\u003d\"05/30/2017\" end\u003d\"349\" ml-tagorder\u003d\"0\" score\u003d\"0.753644267653188\" style\u003d\"border: 2px solid rgb(125, 157, 1);\" tabnumber\u003d\"0\" tagorder\u003d\"0\"\u003e\u003cbase\u003e\u003c/base\u003e\u003cmeta content\u003d\"text-html; charset\u003dutf-8\"\u003e\u003c/meta\u003e30 May 2017\u003c/fecha_inicio\u003e BofAML Entity : \u003ccontrapartida begin\u003d\"366\" class\u003d\"extraction-tag ml-tag\" confidence\u003d\"1/17\" data-value\u003d\"Umkokan Ygatd Lrdpkcuqtuzxc\" end\u003d\"393\" ml-tagorder\u003d\"0\" score\u003d\"0.621403176566763\" style\u003d\"border: 2px solid rgb(125, 157, 1);\" tabnumber\u003d\"0\" tagorder\u003d\"0\"\u003eUmkokan Ygatd Lrdpkcuqtuzxc\u003c/contrapartida\u003e Client : BANCO SANTANDER S.A. Structure Mid Premium : 36,497.78 GBP TOTAL Premium : BANCO SANTANDER S.A. RECEIVES \u003cdivisa_prima begin\u003d\"508\" class\u003d\"extraction-tag ml-tag\" confidence\u003d\"1/17\" data-value\u003d\"GBP\" end\u003d\"511\" ml-tagorder\u003d\"0\" score\u003d\"0.6998551250156055\" style\u003d\"border: 2px solid rgb(125, 157, 1);\" tabnumber\u003d\"0\" tagorder\u003d\"0\"\u003eGBP\u003c/divisa_prima\u003e \u003cprima begin\u003d\"512\" class\u003d\"extraction-tag ml-tag\" confidence\u003d\"1/17\" data-value\u003d\"31500,00\" end\u003d\"521\" ml-tagorder\u003d\"0\" score\u003d\"0.5142291756432851\" style\u003d\"border: 2px solid rgb(125, 157, 1);\" tabnumber\u003d\"0\" tagorder\u003d\"0\"\u003e31,500.00\u003c/prima\u003e from Merrill Lynch on 01-Jun-17 1. BANCO SANTANDER S.A. \u003cestrategia begin\u003d\"578\" class\u003d\"extraction-tag ml-tag\" confidence\u003d\"1/17\" data-value\u003d\"SELLS\" end\u003d\"583\" ml-tagorder\u003d\"0\" score\u003d\"0.7761739320937733\" style\u003d\"border: 2px solid rgb(125, 157, 1);\" tabnumber\u003d\"0\" tagorder\u003d\"0\"\u003eSELLS\u003c/estrategia\u003e a \u003cdivisa1 begin\u003d\"586\" class\u003d\"extraction-tag ml-tag\" confidence\u003d\"1/17\" data-value\u003d\"GBP\" end\u003d\"589\" ml-tagorder\u003d\"0\" score\u003d\"0.7107960362600368\" style\u003d\"border: 2px solid rgb(125, 157, 1);\" tabnumber\u003d\"0\" tagorder\u003d\"0\"\u003eGBP\u003c/divisa1\u003e \u003copcion1 begin\u003d\"590\" class\u003d\"extraction-tag ml-tag\" confidence\u003d\"1/17\" data-value\u003d\"CALL\" end\u003d\"594\" ml-tagorder\u003d\"0\" score\u003d\"0.6559846890452332\" style\u003d\"border: 2px solid rgb(125, 157, 1);\" tabnumber\u003d\"0\" tagorder\u003d\"0\"\u003eCall\u003c/opcion1\u003e/\u003cdivisa2 begin\u003d\"595\" class\u003d\"extraction-tag ml-tag\" confidence\u003d\"1/17\" data-value\u003d\"CHF\" end\u003d\"598\" ml-tagorder\u003d\"0\" score\u003d\"0.7204964645351126\" style\u003d\"border: 2px solid rgb(125, 157, 1);\" tabnumber\u003d\"0\" tagorder\u003d\"0\"\u003eCHF\u003c/divisa2\u003e \u003copcion2 begin\u003d\"599\" class\u003d\"extraction-tag ml-tag\" confidence\u003d\"1/17\" data-value\u003d\"PUT\" end\u003d\"602\" ml-tagorder\u003d\"0\" score\u003d\"0.7828299893686277\" style\u003d\"border: 2px solid rgb(125, 157, 1);\" tabnumber\u003d\"0\" tagorder\u003d\"0\"\u003ePut\u003c/opcion2\u003e Notional : GBP \u003cnominal2 begin\u003d\"618\" class\u003d\"extraction-tag ml-tag\" confidence\u003d\"1/17\" data-value\u003d\"10000000,00\" end\u003d\"628\" ml-tagorder\u003d\"0\" score\u003d\"0.6061608102430844\" style\u003d\"border: 2px solid rgb(125, 157, 1);\" tabnumber\u003d\"0\" tagorder\u003d\"0\"\u003e\u003cnominal1 begin\u003d\"618\" class\u003d\"extraction-tag ml-tag\" confidence\u003d\"1/17\" data-value\u003d\"10000000,00\" end\u003d\"628\" ml-tagorder\u003d\"0\" score\u003d\"0.7281989243459231\" style\u003d\"border: 2px solid rgb(125, 157, 1);\" tabnumber\u003d\"0\" tagorder\u003d\"0\"\u003e10,000,000\u003c/nominal1\u003e\u003c/nominal2\u003e Strike : \u003cstrike_ begin\u003d\"638\" class\u003d\"extraction-tag ml-tag\" confidence\u003d\"1/17\" data-value\u003d\"1.26750\" end\u003d\"645\" ml-tagorder\u003d\"0\" score\u003d\"0.8556777233029046\" style\u003d\"border: 2px solid rgb(125, 157, 1);\" tabnumber\u003d\"0\" tagorder\u003d\"0\"\u003e1.26750\u003c/strike_\u003e Expiry : \u003cfecha_vencimiento begin\u003d\"655\" class\u003d\"extraction-tag ml-tag\" confidence\u003d\"1/17\" data-value\u003d\"06/20/2017\" end\u003d\"664\" ml-tagorder\u003d\"0\" score\u003d\"0.8527127840290203\" style\u003d\"border: 2px solid rgb(125, 157, 1);\" tabnumber\u003d\"0\" tagorder\u003d\"0\"\u003e20-Jun-17\u003c/fecha_vencimiento\u003e for \u003cfecha_pago_vencimiento begin\u003d\"669\" class\u003d\"extraction-tag ml-tag\" confidence\u003d\"1/17\" data-value\u003d\"06/22/2017\" end\u003d\"678\" ml-tagorder\u003d\"0\" score\u003d\"0.722520728267008\" style\u003d\"border: 2px solid rgb(125, 157, 1);\" tabnumber\u003d\"0\" tagorder\u003d\"0\"\u003e22-Jun-17\u003c/fecha_pago_vencimiento\u003e (NYC 10:00 cut) Price : \u003cprecio begin\u003d\"703\" class\u003d\"extraction-tag ml-tag\" confidence\u003d\"1/17\" data-value\u003d\"0.3150\" end\u003d\"709\" ml-tagorder\u003d\"0\" score\u003d\"0.5409669176215341\" style\u003d\"border: 2px solid rgb(125, 157, 1);\" tabnumber\u003d\"0\" tagorder\u003d\"0\"\u003e0.3150\u003c/precio\u003e %GBP Premium : BANCO SANTANDER S.A. RECEIVES \u003cdivisa_prima begin\u003d\"755\" class\u003d\"extraction-tag ml-tag\" confidence\u003d\"1/17\" data-value\u003d\"GBP\" end\u003d\"758\" ml-tagorder\u003d\"1\" score\u003d\"0.6750357180405038\" style\u003d\"border: 2px solid rgb(125, 157, 1);\" tabnumber\u003d\"1\" tagorder\u003d\"1\"\u003eGBP\u003c/divisa_prima\u003e \u003cprima begin\u003d\"759\" class\u003d\"extraction-tag ml-tag\" confidence\u003d\"1/17\" data-value\u003d\"31500,00\" end\u003d\"768\" ml-tagorder\u003d\"1\" score\u003d\"0.5307697179537869\" style\u003d\"border: 2px solid rgb(125, 157, 1);\" tabnumber\u003d\"1\" tagorder\u003d\"1\"\u003e31,500.00\u003c/prima\u003e from Merrill Lynch on \u003cfecha_pago_prima begin\u003d\"791\" class\u003d\"extraction-tag ml-tag\" confidence\u003d\"1/17\" data-value\u003d\"06/01/2017\" end\u003d\"800\" ml-tagorder\u003d\"0\" score\u003d\"0.653467426643009\" style\u003d\"border: 2px solid rgb(125, 157, 1);\" tabnumber\u003d\"0\" tagorder\u003d\"0\"\u003e01-Jun-17\u003c/fecha_pago_prima\u003e 2. FX Spot : BANCO SANTANDER S.A. BUYS GBP 2,800,000 against CHF at 1.25410 value 01-Jun-17 Thank you for choosing BofAML FX. Regards, Alice Connelly Disclaimer: This communication has been prepared by BofAML sales or trading and does not constitute an official trade confirmation. Unless specified, this is not an offer, solicitation or recommendation to purchase or sell any securities or financial instruments. BofAML is not your advisor and this communication does not constitute advice or a personal recommendation. This communication is subject to the terms contained in the following link: http://corp.bankofamerica.com/business/smb/landing/emaildisclaimer ---------------------------------------------------------------------- This message, and any attachments, is for the intended recipient(s) only, may contain information that is privileged, confidential and/or proprietary and subject to important terms and conditions available at http://www.bankofamerica.com/emaildisclaimer. If you are not the intended recipient, please delete this message.\u003c/font\u003e\u003c/p\u003e \n \n \n\u003cmeta-manual-answer data-code\u003d\"id_operacion\" data-na\u003d\"true\"\u003e\u003c/meta-manual-answer\u003e\u003cmeta-manual-answer data-code\u003d\"contrapartida_corta\" data-na\u003d\"true\" tabnumber\u003d\"0\"\u003e\u003c/meta-manual-answer\u003e\u003cmeta-manual-answer data-code\u003d\"tipo_de_opcion\" data-na\u003d\"true\" 