{"finalScore":0.6474665276862547,"sumScore":14.891730136783858,"tagsCounter":23.0,"taggedText":"\u003cdocument\u003eDeal ID: 308781498 Executor: schub7sp Spot Date: 17-Feb-17 Exercise Type: EUROPEAN Premium Mid: USD -263,000 UBS buys 15-Sep-17 1.255 USD PUT in USD \u003cnominal2 begin\u003d\"149\" class\u003d\"extraction-tag ml-tag\" confidence\u003d\"1/20\" data-value\u003d\"25000000,00\" end\u003d\"159\" ml-tagorder\u003d\"0\" score\u003d\"0.5684436504202472\" style\u003d\"border: 2px solid rgb(125, 157, 1);\" tabnumber\u003d\"0\" tagorder\u003d\"0\"\u003e25,000,000\u003c/nominal2\u003e Strategy: \u003ctipo_de_opcion begin\u003d\"170\" class\u003d\"extraction-tag ml-tag\" confidence\u003d\"1/20\" data-value\u003d\"Vanilla\" end\u003d\"177\" ml-tagorder\u003d\"0\" score\u003d\"0.7393869317007045\" style\u003d\"border: 2px solid rgb(125, 157, 1);\" tabnumber\u003d\"0\" tagorder\u003d\"0\"\u003eVanilla\u003c/tipo_de_opcion\u003e Ticket Number: 33893 Position: Client \u003cestrategia begin\u003d\"216\" class\u003d\"extraction-tag ml-tag\" confidence\u003d\"1/20\" data-value\u003d\"sells\" end\u003d\"221\" ml-tagorder\u003d\"0\" score\u003d\"0.6852708235537601\" style\u003d\"border: 2px solid rgb(125, 157, 1);\" tabnumber\u003d\"0\" tagorder\u003d\"0\"\u003esells\u003c/estrategia\u003e / \u003ccontrapartida_corta begin\u003d\"224\" class\u003d\"extraction-tag ml-tag\" confidence\u003d\"1/20\" data-value\u003d\"UBS\" end\u003d\"227\" ml-tagorder\u003d\"0\" score\u003d\"0.4904925252583208\" style\u003d\"border: 2px solid rgb(125, 157, 1);\" tabnumber\u003d\"0\" tagorder\u003d\"0\"\u003e\u003ccontrapartida begin\u003d\"224\" class\u003d\"extraction-tag ml-tag\" confidence\u003d\"1/20\" data-value\u003d\"UBS\" end\u003d\"227\" ml-tagorder\u003d\"0\" score\u003d\"0.6501021851673725\" style\u003d\"border: 2px solid rgb(125, 157, 1);\" tabnumber\u003d\"0\" tagorder\u003d\"0\"\u003eUBS\u003c/contrapartida\u003e\u003c/contrapartida_corta\u003e buys Option: \u003cdivisa1 begin\u003d\"241\" class\u003d\"extraction-tag ml-tag\" confidence\u003d\"1/20\" data-value\u003d\"USD\" end\u003d\"244\" ml-tagorder\u003d\"0\" score\u003d\"0.6553767444166908\" style\u003d\"border: 2px solid rgb(125, 157, 1);\" tabnumber\u003d\"0\" tagorder\u003d\"0\"\u003eUSD\u003c/divisa1\u003e \u003copcion1 begin\u003d\"245\" class\u003d\"extraction-tag ml-tag\" confidence\u003d\"1/20\" data-value\u003d\"PUT\" end\u003d\"248\" ml-tagorder\u003d\"0\" score\u003d\"0.7563538096559228\" style\u003d\"border: 2px solid rgb(125, 157, 1);\" tabnumber\u003d\"0\" tagorder\u003d\"0\"\u003ePut\u003c/opcion1\u003e / \u003cdivisa2 begin\u003d\"251\" class\u003d\"extraction-tag ml-tag\" confidence\u003d\"1/20\" data-value\u003d\"CAD\" end\u003d\"254\" ml-tagorder\u003d\"0\" score\u003d\"0.6728970945158783\" style\u003d\"border: 2px solid rgb(125, 157, 1);\" tabnumber\u003d\"0\" tagorder\u003d\"0\"\u003eCAD\u003c/divisa2\u003e \u003copcion2 begin\u003d\"255\" class\u003d\"extraction-tag ml-tag\" confidence\u003d\"1/20\" data-value\u003d\"CALL\" end\u003d\"259\" ml-tagorder\u003d\"0\" score\u003d\"0.6771825736290096\" style\u003d\"border: 2px solid rgb(125, 157, 1);\" tabnumber\u003d\"0\" tagorder\u003d\"0\"\u003eCall\u003c/opcion2\u003e Face: USD \u003cnominal1 begin\u003d\"270\" class\u003d\"extraction-tag ml-tag\" confidence\u003d\"1/20\" data-value\u003d\"25000000,00\" end\u003d\"280\" ml-tagorder\u003d\"0\" score\u003d\"0.7220837780404847\" style\u003d\"border: 2px solid rgb(125, 157, 1);\" tabnumber\u003d\"0\" tagorder\u003d\"0\"\u003e25,000,000\u003c/nominal1\u003e Trade Date: \u003cfecha_inicio begin\u003d\"293\" class\u003d\"extraction-tag ml-tag\" confidence\u003d\"1/20\" data-value\u003d\"02/16/2017\" end\u003d\"302\" ml-tagorder\u003d\"0\" score\u003d\"0.6831154829147511\" style\u003d\"border: 2px solid rgb(125, 157, 1);\" tabnumber\u003d\"0\" tagorder\u003d\"0\"\u003e16-Feb-17\u003c/fecha_inicio\u003e Expiry: \u003cfecha_vencimiento begin\u003d\"311\" class\u003d\"extraction-tag ml-tag\" confidence\u003d\"1/20\" data-value\u003d\"09/15/2017\" end\u003d\"320\" ml-tagorder\u003d\"0\" score\u003d\"0.6960942865918094\" style\u003d\"border: 2px solid rgb(125, 157, 1);\" tabnumber\u003d\"0\" tagorder\u003d\"0\"\u003e15-Sep-17\u003c/fecha_vencimiento\u003e Cut: NYORK Delivery: \u003cfecha_pago_vencimiento begin\u003d\"342\" class\u003d\"extraction-tag ml-tag\" confidence\u003d\"1/20\" data-value\u003d\"09/18/2017\" end\u003d\"351\" ml-tagorder\u003d\"0\" score\u003d\"0.5073706215495954\" style\u003d\"border: 2px solid rgb(125, 157, 1);\" tabnumber\u003d\"0\" tagorder\u003d\"0\"\u003e18-Sep-17\u003c/fecha_pago_vencimiento\u003e Strike: \u003cstrike_ begin\u003d\"360\" class\u003d\"extraction-tag ml-tag\" confidence\u003d\"1/20\" data-value\u003d\"1.255\" end\u003d\"365\" ml-tagorder\u003d\"0\" score\u003d\"0.7471109052949994\" style\u003d\"border: 2px solid rgb(125, 157, 1);\" tabnumber\u003d\"0\" tagorder\u003d\"0\"\u003e1.255\u003c/strike_\u003e (CAD per USD) Premium: Client receives / UBS pays Amount: 1.018% USD face or \u003cdivisa_prima begin\u003d\"443\" class\u003d\"extraction-tag ml-tag\" confidence\u003d\"1/20\" data-value\u003d\"USD\" end\u003d\"446\" ml-tagorder\u003d\"0\" score\u003d\"0.6039840512659329\" style\u003d\"border: 2px solid rgb(125, 157, 1);\" tabnumber\u003d\"0\" tagorder\u003d\"0\"\u003eUSD\u003c/divisa_prima\u003e \u003cprima begin\u003d\"447\" class\u003d\"extraction-tag ml-tag\" confidence\u003d\"1/20\" data-value\u003d\"254500,00\" end\u003d\"454\" ml-tagorder\u003d\"0\" score\u003d\"0.5827528852756549\" style\u003d\"border: 2px solid rgb(125, 157, 1);\" tabnumber\u003d\"0\" tagorder\u003d\"0\"\u003e254,500\u003c/prima\u003e [Vol Ref: 8.12] Premium Date: \u003cfecha_pago_prima begin\u003d\"485\" class\u003d\"extraction-tag ml-tag\" confidence\u003d\"1/20\" data-value\u003d\"02/17/2017\" end\u003d\"494\" ml-tagorder\u003d\"0\" score\u003d\"0.7637455649452266\" style\u003d\"border: 2px solid rgb(125, 157, 1);\" tabnumber\u003d\"0\" tagorder\u003d\"0\"\u003e17-Feb-17\u003c/fecha_pago_prima\u003e Settle Method: \u003ccash_delivery begin\u003d\"510\" class\u003d\"extraction-tag ml-tag\" confidence\u003d\"1/20\" data-value\u003d\"\" end\u003d\"518\" ml-tagorder\u003d\"0\" score\u003d\"0.6628271956302841\" style\u003d\"border: 2px solid rgb(125, 157, 1);\" tabnumber\u003d\"0\" tagorder\u003d\"0\"\u003ePhysical\u003c/cash_delivery\u003e Spot Ref: 1.3053 (CAD per USD) USI IssuerID: 1030338960 USI TradeID: INFX0000000000000000003087814991 UTI IssuerID: 1030338960 UTI TradeID: \u003cuti_usi begin\u003d\"659\" class\u003d\"extraction-tag ml-tag\" confidence\u003d\"1/20\" data-value\u003d\"INFX0000000000000000003087814991\" end\u003d\"691\" ml-tagorder\u003d\"0\" score\u003d\"0.710346715554681\" style\u003d\"border: 2px solid rgb(125, 157, 1);\" tabnumber\u003d\"0\" tagorder\u003d\"0\"\u003eINFX0000000000000000003087814991\u003c/uti_usi\u003e --------------------------------------------------------- Hedge: Client sells / \u003ccontrapartida_corta begin\u003d\"772\" class\u003d\"extraction-tag ml-tag\" confidence\u003d\"1/20\" data-value\u003d\"UBS\" end\u003d\"775\" ml-tagorder\u003d\"1\" score\u003d\"0.49651084831335257\" style\u003d\"border: 2px solid rgb(125, 157, 1);\" tabnumber\u003d\"1\" tagorder\u003d\"1\"\u003e\u003ccontrapartida begin\u003d\"772\" class\u003d\"extraction-tag ml-tag\" confidence\u003d\"1/20\" data-value\u003d\"UBS\" end\u003d\"775\" ml-tagorder\u003d\"1\" score\u003d\"0.5565848044842981\" style\u003d\"border: 2px solid rgb(125, 157, 1);\" tabnumber\u003d\"1\" tagorder\u003d\"1\"\u003eUBS\u003c/contrapartida\u003e\u003c/contrapartida_corta\u003e buys forward USD 6,900,000 against CAD 8,985,870 Ticket Number: 19898 Rate: 1.3023 CAD per 1 USD Value Date: \u003cfecha_pago_prima begin\u003d\"885\" class\u003d\"extraction-tag ml-tag\" confidence\u003d\"1/20\" data-value\u003d\"09/18/2017\" end\u003d\"894\" ml-tagorder\u003d\"1\" score\u003d\"0.553349943050199\" 