{"finalScore":0.6892618674379138,"sumScore":12.406713613882449,"tagsCounter":18.0,"taggedText":"\u003cdocument\u003e\u003cstyle type\u003d\"text/css\"\u003e\u003c/style\u003e\u003cdiv\u003e\u003cdiv\u003e\u003ctable style\u003d\"user-select: auto;\"\u003e\u003ctbody\u003e\u003ctr\u003e\u003ctd\u003e\u003cdiv\u003e\u003cstrong\u003e\u003cem\u003e\u003c/em\u003e\u003c/strong\u003e\u003c/div\u003e\n\u003cdiv\u003e\u003cmeta content\u003d\"text-html; charset\u003dutf-8\"\u003e\u003c/meta\u003e\u003cbase\u003e\u003c/base\u003eVAT Registered Number 766 0854 05\u003c/div\u003e\n\n\n\u003c/td\u003e \n \n \n\u003ctd\u003e\u003ctable style\u003d\"user-select: auto;\"\u003e\u003ctbody\u003e\u003ctr\u003e\u003ctd\u003e\u003cdiv\u003eBeaufort House\u003c/div\u003e\n\n\n\u003cdiv\u003e15 St. Botolph Street\u003c/div\u003e\n\n\n\u003cdiv\u003eLondon EC3A 7QX\u003c/div\u003e\n\n\n\u003cdiv\u003eTel: 020 7198 1500\u003c/div\u003e\n\n\n\u003c/td\u003e \n \n \n\u003c/tr\u003e \n \n \n\u003c/tbody\u003e\u003c/table\u003e\n\n\n\u003c/td\u003e \n \n \n\u003c/tr\u003e \n \n \n\u003ctr\u003e\u003ctd colspan\u003d\"3\"\u003e\u003cdiv\u003e\u003cstrong\u003e\u003cem\u003eCURRENCY OPTION CONFIRMATION\u003c/em\u003e\u003c/strong\u003e\u003c/div\u003e\n\n\n\u003c/td\u003e \n \n \n\u003c/tr\u003e \n \n \n\u003c/tbody\u003e\u003c/table\u003e\n\n\n\u003cdiv\u003e\u003ctable style\u003d\"user-select: auto;\"\u003e\u003ctbody\u003e\u003ctr\u003e\u003ctd\u003e\u003cdiv\u003eBanco Santander Madrid\u003c/div\u003e\n\n\n\u003c/td\u003e \n \n \n\u003ctd\u003e\u003cdiv\u003e\u003cstrong\u003eTFS Ref\u003c/strong\u003e\u003c/div\u003e\n\n\n\u003cdiv\u003e\u003cstrong\u003ePage\u003c/strong\u003e\u003c/div\u003e\n\n\n\u003cdiv\u003eDate\u003c/div\u003e\n\n\n\u003cdiv\u003eTime\u003c/div\u003e\n\n\n\u003cdiv\u003eTrader\u003c/div\u003e\n\n\n\u003c/td\u003e \n \n \n\u003ctd\u003e\u003cdiv\u003e\u003cstrong\u003e: 2599782/0/00\u003c/strong\u003e\u003c/div\u003e\n\n\n\u003cdiv\u003e\u003cstrong\u003e: \u003cspan\u003e1\u003c/span\u003e of 1\u003c/strong\u003e\u003c/div\u003e\n\n\n\u003cdiv\u003e: \u003cfecha_inicio begin\u003d\"250\" class\u003d\"extraction-tag ml-tag\" confidence\u003d\"1/18\" data-value\u003d\"08/14/2017\" end\u003d\"261\" ml-tagorder\u003d\"0\" score\u003d\"0.8009275677739155\" style\u003d\"border: 2px solid rgb(125, 157, 1);\" tabnumber\u003d\"0\" tagorder\u003d\"0\"\u003e14 Aug 2017\u003c/fecha_inicio\u003e\u003c/div\u003e\n\n\n\u003cdiv\u003e: 10:33:55 (UTC)\u003c/div\u003e\n\n\n\u003cdiv\u003e: Neil Bardsley\u003c/div\u003e\n\n\n\u003c/td\u003e \n \n \n\u003c/tr\u003e \n \n \n\u003c/tbody\u003e\u003c/table\u003e\n\n\n\u003c/div\u003e\n\n\n\u003cdiv\u003e\u003ctable style\u003d\"user-select: auto;\"\u003e\u003ctbody\u003e\u003ctr\u003e\u003ctd\u003e\u003cdiv\u003eEmail:\u003c/div\u003e\n\n\n\u003c/td\u003e \n \n \n\u003ctd\u003e\u003cdiv\u003efxoptionsmadrid@gruposantander.com\u003c/div\u003e\n\n\n\u003c/td\u003e \n \n \n\u003ctd\u003e\u003cdiv\u003eExtDlvry:\u003c/div\u003e\n\n\n\u003c/td\u003e \n \n \n\u003ctd\u003e\u003cdiv\u003eNot Applicable\u003c/div\u003e\n\n\n\u003c/td\u003e \n \n \n\u003c/tr\u003e \n \n \n\u003c/tbody\u003e\u003c/table\u003e\n\n\n\u003c/div\u003e\n\n\n\u003c/div\u003e\n\n\n\u003c/div\u003e\n\n\n\u003cdiv\u003e\u003ctable style\u003d\"user-select: auto;\"\u003e\u003ctbody\u003e\u003ctr\u003e\u003ctd\u003e\u003cstrong\u003eSef Reportable\u003c/strong\u003e\u003c/td\u003e \n \n \n\u003c/tr\u003e \n \n \n\u003c/tbody\u003e\u003c/table\u003e\n\n\n\u003c/div\u003e\n\n\n\u003cdiv\u003eNo\u003c/div\u003e\n\n\n\u003cdiv\u003e\u003ctable style\u003d\"user-select: auto;\"\u003e\u003ctbody\u003e\u003ctr\u003e\u003ctd\u003e\u003cstrong\u003eOption Details\u003c/strong\u003e\u003c/td\u003e \n \n \n\u003c/tr\u003e \n \n \n\u003c/tbody\u003e\u003c/table\u003e\n\n\n\u003c/div\u003e\n\n\n\u003cdiv\u003eBuyer\u003c/div\u003e\n\n\n\u003cdiv\u003eQDCW Djou UTS Aknvwq\u003c/div\u003e\n\n\n\u003cdiv\u003e\u003cestrategia begin\u003d\"452\" class\u003d\"extraction-tag ml-tag\" confidence\u003d\"1/18\" data-value\u003d\"Seller\" end\u003d\"458\" ml-tagorder\u003d\"0\" score\u003d\"0.5645531074468055\" style\u003d\"border: 2px solid rgb(125, 157, 1);\" tabnumber\u003d\"0\" tagorder\u003d\"0\"\u003eSeller\u003c/estrategia\u003e\u003c/div\u003e\n\n\n\u003cdiv\u003eBanco Santander Madrid\u003c/div\u003e\n\n\n\u003cdiv\u003eCcy vs Ccy\u003c/div\u003e\n\n\n\u003cdiv\u003e\u003cdivisa1 begin\u003d\"493\" class\u003d\"extraction-tag ml-tag\" confidence\u003d\"1/18\" data-value\u003d\"EUR\" end\u003d\"496\" ml-tagorder\u003d\"0\" score\u003d\"0.6121134981652984\" style\u003d\"border: 2px solid rgb(125, 157, 1);\" tabnumber\u003d\"0\" tagorder\u003d\"0\"\u003eEUR\u003c/divisa1\u003e vs \u003cdivisa2 begin\u003d\"500\" class\u003d\"extraction-tag ml-tag\" confidence\u003d\"1/18\" data-value\u003d\"GBP\" end\u003d\"503\" ml-tagorder\u003d\"0\" score\u003d\"0.6907382118256589\" style\u003d\"border: 2px solid rgb(125, 157, 1);\" tabnumber\u003d\"0\" tagorder\u003d\"0\"\u003eGBP\u003c/divisa2\u003e\u003c/div\u003e\n\n\n\u003cdiv\u003eOption\u003c/div\u003e\n\n\n\u003cdiv\u003eEUR \u003copcion1 begin\u003d\"515\" class\u003d\"extraction-tag ml-tag\" confidence\u003d\"1/18\" data-value\u003d\"PUT\" end\u003d\"518\" ml-tagorder\u003d\"0\" score\u003d\"0.715013448408668\" style\u003d\"border: 2px solid rgb(125, 157, 1);\" tabnumber\u003d\"0\" tagorder\u003d\"0\"\u003ePut\u003c/opcion1\u003e\u003c/div\u003e\n\n\n\u003cdiv\u003eAmount\u003c/div\u003e\n\n\n\u003cdiv\u003eEUR \u003cnominal2 begin\u003d\"530\" class\u003d\"extraction-tag ml-tag\" confidence\u003d\"1/18\" data-value\u003d\"20000000,00\" end\u003d\"540\" ml-tagorder\u003d\"0\" score\u003d\"0.5173175445439092\" style\u003d\"border: 2px solid rgb(125, 157, 1);\" tabnumber\u003d\"0\" tagorder\u003d\"0\"\u003e\u003cnominal1 begin\u003d\"530\" class\u003d\"extraction-tag ml-tag\" confidence\u003d\"1/18\" data-value\u003d\"20000000,00\" end\u003d\"540\" ml-tagorder\u003d\"0\" score\u003d\"0.6944031015478319\" style\u003d\"border: 2px solid rgb(125, 157, 1);\" tabnumber\u003d\"0\" tagorder\u003d\"0\"\u003e20,000,000\u003c/nominal1\u003e\u003c/nominal2\u003e\u003c/div\u003e\n\n\n\u003cdiv\u003eExpiry\u003c/div\u003e\n\n\n\u003cdiv\u003eMon \u003cfecha_vencimiento begin\u003d\"552\" class\u003d\"extraction-tag ml-tag\" confidence\u003d\"1/18\" data-value\u003d\"08/21/2017\" end\u003d\"563\" ml-tagorder\u003d\"0\" score\u003d\"0.7752387561415763\" style\u003d\"border: 2px solid rgb(125, 157, 1);\" tabnumber\u003d\"0\" tagorder\u003d\"0\"\u003e21 Aug 2017\u003c/fecha_vencimiento\u003e\u003c/div\u003e\n\n\n\u003cdiv\u003e\u003ccash_delivery begin\u003d\"564\" class\u003d\"extraction-tag ml-tag\" confidence\u003d\"1/18\" data-value\u003d\"Delivery\" end\u003d\"572\" ml-tagorder\u003d\"0\" score\u003d\"0.6662222549505622\" style\u003d\"border: 2px solid rgb(125, 157, 1);\" tabnumber\u003d\"0\" tagorder\u003d\"0\"\u003eDelivery\u003c/cash_delivery\u003e\u003c/div\u003e\n\n\n\u003cdiv\u003eWed \u003cfecha_pago_vencimiento begin\u003d\"577\" class\u003d\"extraction-tag ml-tag\" confidence\u003d\"1/18\" data-value\u003d\"08/23/2017\" end\u003d\"588\" ml-tagorder\u003d\"0\" score\u003d\"0.7815405943266273\" style\u003d\"border: 2px solid rgb(125, 157, 1);\" tabnumber\u003d\"0\" tagorder\u003d\"0\"\u003e23 Aug 2017\u003c/fecha_pago_vencimiento\u003e\u003c/div\u003e\n\n\n\u003cdiv\u003eCut\u003c/div\u003e\n\n\n\u003cdiv\u003eNY 10:00\u003c/div\u003e\n\n\n\u003cdiv\u003eStyle\u003c/div\u003e\n\n\n\u003cdiv\u003eEuropean\u003c/div\u003e\n\n\n\u003cdiv\u003eStrike\u003c/div\u003e\n\n\n\u003cdiv\u003e\u003cstrike_ begin\u003d\"624\" class\u003d\"extraction-tag ml-tag\" confidence\u003d\"1/18\" data-value\u003d\"0.9020\" end\u003d\"630\" ml-tagorder\u003d\"0\" score\u003d\"0.6751173771234712\" style\u003d\"border: 2px solid rgb(125, 157, 1);\" tabnumber\u003d\"0\" 