{"finalScore":0.6766805885358661,"sumScore":12.856931182181455,"tagsCounter":19.0,"taggedText":"\u003cdocument\u003e\u003cstyle type\u003d\"text/css\"\u003e\u003c/style\u003e\u003cp\u003e\u003cfont\u003e\u003cfecha_inicio begin\u003d\"94\" class\u003d\"extraction-tag ml-tag\" confidence\u003d\"1/17\" data-value\u003d\"07/12/2017\" end\u003d\"106\" ml-tagorder\u003d\"0\" score\u003d\"0.5477474259951467\" style\u003d\"border: 2px solid rgb(125, 157, 1);\" tabnumber\u003d\"0\" tagorder\u003d\"0\"\u003e\u003cbase\u003e\u003c/base\u003e\u003cmeta content\u003d\"text-html; charset\u003dutf-8\"\u003e\u003c/meta\u003e12 July 2017\u003c/fecha_inicio\u003e 15:32 To: Bardsley, Neil (SGCB) Subject: #External Sender# 12-Jul-17 02:29:51 PM GMT - \u003ccontrapartida begin\u003d\"194\" class\u003d\"extraction-tag ml-tag\" confidence\u003d\"1/17\" data-value\u003d\"XJV\" end\u003d\"197\" ml-tagorder\u003d\"0\" score\u003d\"0.5301535616184315\" style\u003d\"border: 2px solid rgb(125, 157, 1);\" tabnumber\u003d\"0\" tagorder\u003d\"0\"\u003eXJV\u003c/contrapartida\u003e sells EUR/GBP Vanilla to Client(BSCHPROPIB) XJV Ref. 18104941931-4128126-1499869287345-13949 Spot Ref. 0.885500 GBP per 1 EUR Spot Date: 14-Jul-17 Exercise Type: EUROPEAN \u003ccontrapartida begin\u003d\"369\" class\u003d\"extraction-tag ml-tag\" confidence\u003d\"1/17\" data-value\u003d\"XJV\" end\u003d\"372\" ml-tagorder\u003d\"1\" score\u003d\"0.5242748995310564\" style\u003d\"border: 2px solid rgb(125, 157, 1);\" tabnumber\u003d\"1\" tagorder\u003d\"1\"\u003eXJV\u003c/contrapartida\u003e sells 13-Jul-17 0.881500 EUR Put in EUR 20,000,000 Strategy: \u003ctipo_de_opcion begin\u003d\"434\" class\u003d\"extraction-tag ml-tag\" confidence\u003d\"1/17\" data-value\u003d\"Vanilla\" end\u003d\"441\" ml-tagorder\u003d\"0\" score\u003d\"0.7393869317007045\" style\u003d\"border: 2px solid rgb(125, 157, 1);\" tabnumber\u003d\"0\" tagorder\u003d\"0\"\u003eVanilla\u003c/tipo_de_opcion\u003e Position: Client \u003cestrategia begin\u003d\"459\" class\u003d\"extraction-tag ml-tag\" confidence\u003d\"1/17\" data-value\u003d\"buys\" end\u003d\"463\" ml-tagorder\u003d\"0\" score\u003d\"0.7040928676208416\" style\u003d\"border: 2px solid rgb(125, 157, 1);\" tabnumber\u003d\"0\" tagorder\u003d\"0\"\u003ebuys\u003c/estrategia\u003e / \u003ccontrapartida begin\u003d\"466\" class\u003d\"extraction-tag ml-tag\" confidence\u003d\"1/17\" data-value\u003d\"XJV\" end\u003d\"469\" ml-tagorder\u003d\"2\" score\u003d\"0.7449859901207198\" style\u003d\"border: 2px solid rgb(125, 157, 1);\" tabnumber\u003d\"2\" tagorder\u003d\"2\"\u003eXJV\u003c/contrapartida\u003e sells Option: \u003cdivisa1 begin\u003d\"484\" class\u003d\"extraction-tag ml-tag\" confidence\u003d\"1/17\" data-value\u003d\"EUR\" end\u003d\"487\" ml-tagorder\u003d\"0\" score\u003d\"0.7180528332277405\" style\u003d\"border: 2px solid rgb(125, 157, 1);\" tabnumber\u003d\"0\" tagorder\u003d\"0\"\u003eEUR\u003c/divisa1\u003e \u003copcion1 begin\u003d\"488\" class\u003d\"extraction-tag ml-tag\" confidence\u003d\"1/17\" data-value\u003d\"PUT\" end\u003d\"491\" ml-tagorder\u003d\"0\" score\u003d\"0.7775869658706259\" style\u003d\"border: 2px solid rgb(125, 157, 1);\" tabnumber\u003d\"0\" tagorder\u003d\"0\"\u003ePut\u003c/opcion1\u003e / \u003cdivisa2 begin\u003d\"494\" class\u003d\"extraction-tag ml-tag\" confidence\u003d\"1/17\" data-value\u003d\"GBP\" end\u003d\"497\" ml-tagorder\u003d\"0\" score\u003d\"0.6874994305562379\" style\u003d\"border: 2px solid rgb(125, 157, 1);\" tabnumber\u003d\"0\" tagorder\u003d\"0\"\u003eGBP\u003c/divisa2\u003e \u003copcion2 begin\u003d\"498\" class\u003d\"extraction-tag ml-tag\" confidence\u003d\"1/17\" data-value\u003d\"CALL\" end\u003d\"502\" ml-tagorder\u003d\"0\" score\u003d\"0.6991841691388495\" style\u003d\"border: 2px solid rgb(125, 157, 1);\" tabnumber\u003d\"0\" tagorder\u003d\"0\"\u003eCall\u003c/opcion2\u003e Face: EUR \u003cnominal1 begin\u003d\"513\" class\u003d\"extraction-tag ml-tag\" confidence\u003d\"1/17\" data-value\u003d\"20000000,00\" end\u003d\"523\" ml-tagorder\u003d\"0\" score\u003d\"0.7284383530861023\" style\u003d\"border: 2px solid rgb(125, 157, 1);\" tabnumber\u003d\"0\" tagorder\u003d\"0\"\u003e20,000,000\u003c/nominal1\u003e Trade Date: \u003cfecha_inicio begin\u003d\"536\" class\u003d\"extraction-tag ml-tag\" confidence\u003d\"1/17\" data-value\u003d\"07/12/2017\" end\u003d\"545\" ml-tagorder\u003d\"1\" score\u003d\"0.6865504727314381\" style\u003d\"border: 2px solid rgb(125, 157, 1);\" tabnumber\u003d\"1\" tagorder\u003d\"1\"\u003e12-Jul-17\u003c/fecha_inicio\u003e Expiry: \u003cfecha_vencimiento begin\u003d\"554\" class\u003d\"extraction-tag ml-tag\" confidence\u003d\"1/17\" data-value\u003d\"07/13/2017\" end\u003d\"563\" ml-tagorder\u003d\"0\" score\u003d\"0.7976565178253514\" style\u003d\"border: 2px solid rgb(125, 157, 1);\" tabnumber\u003d\"0\" tagorder\u003d\"0\"\u003e13-Jul-17\u003c/fecha_vencimiento\u003e Cut: NY \u003ccash_delivery begin\u003d\"572\" class\u003d\"extraction-tag ml-tag\" confidence\u003d\"1/17\" data-value\u003d\"Delivery\" end\u003d\"580\" ml-tagorder\u003d\"0\" score\u003d\"0.6167082889511729\" style\u003d\"border: 2px solid rgb(125, 157, 1);\" tabnumber\u003d\"0\" tagorder\u003d\"0\"\u003eDelivery\u003c/cash_delivery\u003e: \u003cfecha_pago_vencimiento begin\u003d\"582\" class\u003d\"extraction-tag ml-tag\" confidence\u003d\"1/17\" data-value\u003d\"07/17/2017\" end\u003d\"591\" ml-tagorder\u003d\"0\" score\u003d\"0.7107642072111195\" style\u003d\"border: 2px solid rgb(125, 157, 1);\" tabnumber\u003d\"0\" tagorder\u003d\"0\"\u003e17-Jul-17\u003c/fecha_pago_vencimiento\u003e Strike: \u003cstrike_ begin\u003d\"600\" class\u003d\"extraction-tag ml-tag\" confidence\u003d\"1/17\" data-value\u003d\"0.881500\" end\u003d\"608\" ml-tagorder\u003d\"0\" score\u003d\"0.6973689690829008\" style\u003d\"border: 2px solid rgb(125, 157, 1);\" tabnumber\u003d\"0\" tagorder\u003d\"0\"\u003e0.881500\u003c/strike_\u003e Premium: Client pays / XJV receives Amount: \u003cprecio begin\u003d\"653\" class\u003d\"extraction-tag ml-tag\" confidence\u003d\"1/17\" data-value\u003d\"0.0620\" end\u003d\"660\" ml-tagorder\u003d\"0\" score\u003d\"0.59262831045991\" style\u003d\"border: 2px solid rgb(125, 157, 1);\" tabnumber\u003d\"0\" tagorder\u003d\"0\"\u003e0.0620%\u003c/precio\u003e EUR face or \u003cdivisa_prima begin\u003d\"673\" class\u003d\"extraction-tag ml-tag\" confidence\u003d\"1/17\" data-value\u003d\"EUR\" end\u003d\"676\" ml-tagorder\u003d\"0\" score\u003d\"0.6630507184829958\" style\u003d\"border: 2px solid rgb(125, 157, 1);\" tabnumber\u003d\"0\" tagorder\u003d\"0\"\u003eEUR\u003c/divisa_prima\u003e \u003cprima begin\u003d\"677\" class\u003d\"extraction-tag ml-tag\" confidence\u003d\"1/17\" data-value\u003d\"12400,00\" end\u003d\"683\" ml-tagorder\u003d\"0\" score\u003d\"0.6908002689701108\" style\u003d\"border: 2px solid rgb(125, 157, 1);\" tabnumber\u003d\"0\" tagorder\u003d\"0\"\u003e12,400\u003c/prima\u003e [Vol Ref: 10.50] Premium Date: 14-Jul-17 --------------------------------------------------------- Hedge: Client (BSCHPROPIB) buys / XJV sells EUR 3,200,000 against GBP 2,833,600 Rate: 0.885500 GBP per 1 EUR Value Date: 14-Jul-17 --------------------------------------------------------- This trade notification is sent to you for information purposes only and does not constitute evidence of the specific transaction to which it relates. You should only rely on the confirmation of such trade that you receive from the Foreign Exchange Operations Department as evidence of the trade between you and XJV. Based on the present E-Mail exchange, and/or on the agreement reached with you, respectively, XJV is entitled to contact you via insecure E-Mail: (a) E-Mails contain substantial risks such as lack of confidentiality, manipulation of content and sender, misdirection, viruses etc. XJV does not accept any liability for damages arising from use of E-mail. Accordingly, XJV recommends to abstain from 