{"finalScore":0.6892375378538615,"sumScore":11.717038143515646,"tagsCounter":17.0,"taggedText":"\u003cdocument\u003eTFS-ICAP London VAT Registered Number 766 0854 05 Beaufort House 15 St. Botolph Street London EC3A 7QX Tel: 020 7198 1500 CURRENCY OPTION CONFIRMATION Banco Santander Madrid TFS Ref Page Date Time Trader : 2597611/0/00 : 1 of 1 : \u003cfecha_inicio begin\u003d\"230\" class\u003d\"extraction-tag ml-tag\" confidence\u003d\"1/18\" data-value\u003d\"01 Aug 2017\" end\u003d\"241\" ml-tagorder\u003d\"0\" score\u003d\"0.782792115151615\" style\u003d\"border: 2px solid rgb(125, 157, 1);\" tabnumber\u003d\"0\" tagorder\u003d\"0\"\u003e01 Aug 2017\u003c/fecha_inicio\u003e : 11:47:04 (UTC) : Howard Buckley Email: fxoptionsmadrid@gruposantander.com ExtDlvry: Not Applicable Sef Reportable No Option Details \u003cestrategia begin\u003d\"376\" class\u003d\"extraction-tag ml-tag\" confidence\u003d\"1/18\" data-value\u003d\"Buyer\" end\u003d\"381\" ml-tagorder\u003d\"0\" score\u003d\"0.7078262490837686\" style\u003d\"border: 2px solid rgb(125, 157, 1);\" tabnumber\u003d\"0\" tagorder\u003d\"0\"\u003eBuyer\u003c/estrategia\u003e Banco Santander Madrid Seller DIE ERSTE Ccy vs Ccy \u003cdivisa1 begin\u003d\"433\" class\u003d\"extraction-tag ml-tag\" confidence\u003d\"1/18\" data-value\u003d\"EUR\" end\u003d\"436\" ml-tagorder\u003d\"0\" score\u003d\"0.5879185953728758\" style\u003d\"border: 2px solid rgb(125, 157, 1);\" tabnumber\u003d\"0\" tagorder\u003d\"0\"\u003eEUR\u003c/divisa1\u003e vs \u003cdivisa2 begin\u003d\"440\" class\u003d\"extraction-tag ml-tag\" confidence\u003d\"1/18\" data-value\u003d\"USD\" end\u003d\"443\" ml-tagorder\u003d\"0\" score\u003d\"0.6932639365905794\" style\u003d\"border: 2px solid rgb(125, 157, 1);\" tabnumber\u003d\"0\" tagorder\u003d\"0\"\u003eUSD\u003c/divisa2\u003e Option EUR \u003copcion1 begin\u003d\"455\" class\u003d\"extraction-tag ml-tag\" confidence\u003d\"1/18\" data-value\u003d\"Put\" end\u003d\"458\" ml-tagorder\u003d\"0\" score\u003d\"0.6817173190467963\" style\u003d\"border: 2px solid rgb(125, 157, 1);\" tabnumber\u003d\"0\" tagorder\u003d\"0\"\u003ePut\u003c/opcion1\u003e Amount EUR \u003cnominal2 begin\u003d\"470\" class\u003d\"extraction-tag ml-tag\" confidence\u003d\"1/18\" data-value\u003d\"20,000,000\" end\u003d\"480\" ml-tagorder\u003d\"0\" score\u003d\"0.517296484852484\" style\u003d\"border: 2px solid rgb(125, 157, 1);\" tabnumber\u003d\"0\" tagorder\u003d\"0\"\u003e\u003cnominal1 begin\u003d\"470\" class\u003d\"extraction-tag ml-tag\" confidence\u003d\"1/18\" data-value\u003d\"20,000,000\" end\u003d\"480\" ml-tagorder\u003d\"0\" score\u003d\"0.690510967241953\" style\u003d\"border: 2px solid rgb(125, 157, 1);\" tabnumber\u003d\"0\" tagorder\u003d\"0\"\u003e20,000,000\u003c/nominal1\u003e\u003c/nominal2\u003e Expiry Wed \u003cfecha_vencimiento begin\u003d\"492\" class\u003d\"extraction-tag ml-tag\" confidence\u003d\"1/18\" data-value\u003d\"01 Aug 2018\" end\u003d\"503\" ml-tagorder\u003d\"0\" score\u003d\"0.6951603510816932\" style\u003d\"border: 2px solid rgb(125, 157, 1);\" tabnumber\u003d\"0\" tagorder\u003d\"0\"\u003e01 Aug 2018\u003c/fecha_vencimiento\u003e \u003ccash_delivery begin\u003d\"504\" class\u003d\"extraction-tag ml-tag\" confidence\u003d\"1/18\" data-value\u003d\"Delivery\" end\u003d\"512\" ml-tagorder\u003d\"0\" score\u003d\"0.566829630143994\" style\u003d\"border: 2px solid rgb(125, 157, 1);\" tabnumber\u003d\"0\" tagorder\u003d\"0\"\u003eDelivery\u003c/cash_delivery\u003e Fri \u003cfecha_pago_vencimiento begin\u003d\"517\" class\u003d\"extraction-tag ml-tag\" confidence\u003d\"1/18\" data-value\u003d\"03 Aug 2018\" end\u003d\"528\" ml-tagorder\u003d\"0\" score\u003d\"0.6683343407773233\" style\u003d\"border: 2px solid rgb(125, 157, 1);\" tabnumber\u003d\"0\" tagorder\u003d\"0\"\u003e03 Aug 2018\u003c/fecha_pago_vencimiento\u003e Cut NY 10:00 Style European Strike \u003cstrike_ begin\u003d\"564\" class\u003d\"extraction-tag ml-tag\" confidence\u003d\"1/18\" data-value\u003d\"1.0500\" end\u003d\"570\" ml-tagorder\u003d\"0\" score\u003d\"0.7721323317557018\" style\u003d\"border: 2px solid rgb(125, 157, 1);\" tabnumber\u003d\"0\" tagorder\u003d\"0\"\u003e1.0500\u003c/strike_\u003e Price \u003cprecio begin\u003d\"577\" class\u003d\"extraction-tag ml-tag\" confidence\u003d\"1/18\" data-value\u003d\"USD per1 EUR (36.75\" end\u003d\"596\" ml-tagorder\u003d\"0\" score\u003d\"0.5760282031532192\" style\u003d\"border: 2px solid rgb(125, 157, 1);\" tabnumber\u003d\"0\" tagorder\u003d\"0\"\u003eUSD per1 EUR (36.75\u003c/precio\u003e) Premium \u003cdivisa_prima begin\u003d\"606\" class\u003d\"extraction-tag ml-tag\" confidence\u003d\"1/18\" data-value\u003d\"USD\" end\u003d\"609\" ml-tagorder\u003d\"0\" score\u003d\"0.7304493429195477\" style\u003d\"border: 2px solid rgb(125, 157, 1);\" tabnumber\u003d\"0\" tagorder\u003d\"0\"\u003eUSD\u003c/divisa_prima\u003e (\u003cprima begin\u003d\"611\" class\u003d\"extraction-tag ml-tag\" confidence\u003d\"1/18\" data-value\u003d\"73,500.00\" end\u003d\"620\" ml-tagorder\u003d\"0\" score\u003d\"0.6929123379744453\" style\u003d\"border: 2px solid rgb(125, 157, 1);\" tabnumber\u003d\"0\" tagorder\u003d\"0\"\u003e73,500.00\u003c/prima\u003e) Premium Style \u003cspot_forward begin\u003d\"636\" class\u003d\"extraction-tag ml-tag\" confidence\u003d\"1/18\" data-value\u003d\"Spot\" end\u003d\"640\" ml-tagorder\u003d\"0\" score\u003d\"0.7878348722582731\" style\u003d\"border: 2px solid rgb(125, 157, 1);\" tabnumber\u003d\"0\" tagorder\u003d\"0\"\u003eSpot\u003c/spot_forward\u003e Vol 9.700% UTI \u003cuti_usi begin\u003d\"656\" class\u003d\"extraction-tag ml-tag\" confidence\u003d\"1/18\" data-value\u003d\"1010000286BSECUFXO-2597611-1\" end\u003d\"684\" ml-tagorder\u003d\"0\" score\u003d\"0.8036036321245555\" style\u003d\"border: 2px solid rgb(125, 157, 1);\" tabnumber\u003d\"0\" tagorder\u003d\"0\"\u003e1010000286BSECUFXO-2597611-1\u003c/uti_usi\u003e Premium Payment You pay USD 73,500.00 Value Date \u003cfecha_pago_prima begin\u003d\"734\" class\u003d\"extraction-tag ml-tag\" confidence\u003d\"1/18\" data-value\u003d\"03 Aug 2017\" end\u003d\"745\" ml-tagorder\u003d\"0\" score\u003d\"0.7624274339868201\" style\u003d\"border: 2px solid rgb(125, 157, 1);\" tabnumber\u003d\"0\" tagorder\u003d\"0\"\u003e03 Aug 2017\u003c/fecha_pago_prima\u003e Delta Payment Buyer Banco Santander Madrid Seller DIE ERSTE Type EURUSD Forward Amount EUR 1,400,000 Rate 1.20610 Value Date 03 Aug 2018 UTI 1010000286BSECUFXO-2597611-2 Brokerage Ccy EUR Amount 300 We have acted as brokers, for your account and risk. For payment of brokerage please refer to our monthly statement. Confirmation queries - telephone 44 (0) 20 7454 9422. Authorised and Regulated by the Financial Conduct Authority. _____ The information herein may have been obtained from various sources. Any opinion expressed may be that of the sender only, is subject to change without notice and should be independently evaluated. Nothing herein constitutes investment advice or an offer, or solicitation of an offer, to buy or sell any financial product. Any data consists of purely indicative prices and should not be relied upon to revalue any commercial positions held by any recipient. Tradition makes no warranty that the data represent or indicates prices at which transactions may be or have been made by any Tradition Group company. To the maximum extent of the law, Tradition accepts no responsibility for, and cannot and does not warrant the integrity, accuracy, quality, completeness, merchantability or suitability for a particular purpose or requirement of the information or data, even if arising out of the negligence of Tradition or otherwise. Tradition accepts no liability for any direct, indirect or other consequential loss arising out of any use of the information contained in this document or any omission from it. This communication is directed at Eligible Counterparties and Professional Clients as defined by the FCA. It is 