{"finalScore":0.6903566307361064,"sumScore":11.73606272251381,"tagsCounter":17.0,"taggedText":"\u003cdocument\u003e\u003cstyle type\u003d\"text/css\"\u003e\u003c/style\u003e\u003cdiv\u003e\u003cp\u003e\u003cestrategia begin\u003d\"14\" class\u003d\"extraction-tag ml-tag\" confidence\u003d\"1/16\" data-value\u003d\"buys\" end\u003d\"18\" ml-tagorder\u003d\"0\" score\u003d\"0.5560231190415282\" style\u003d\"border: 2px solid rgb(125, 157, 1);\" tabnumber\u003d\"0\" tagorder\u003d\"0\"\u003e\u003cmeta content\u003d\"text-html; charset\u003dutf-8\"\u003e\u003c/meta\u003e\u003cbase\u003e\u003c/base\u003ebuys\u003c/estrategia\u003e \u003cnominal1 begin\u003d\"19\" class\u003d\"extraction-tag ml-tag\" confidence\u003d\"1/16\" data-value\u003d\"20m\" end\u003d\"22\" ml-tagorder\u003d\"0\" score\u003d\"0.7030450256834726\" style\u003d\"border: 2px solid rgb(125, 157, 1);\" tabnumber\u003d\"0\" tagorder\u003d\"0\"\u003e20m\u003c/nominal1\u003e usd from Banco Santander\u003c/p\u003e \n \n\u003cp\u003e\u003ccontrapartida begin\u003d\"49\" class\u003d\"extraction-tag ml-tag\" confidence\u003d\"1/16\" data-value\u003d\"MS International\" end\u003d\"65\" ml-tagorder\u003d\"0\" score\u003d\"0.6828428998027956\" style\u003d\"border: 2px solid rgb(125, 157, 1);\" tabnumber\u003d\"0\" tagorder\u003d\"0\"\u003eMS International\u003c/contrapartida\u003e buys \u003cnominal1 begin\u003d\"71\" class\u003d\"extraction-tag ml-tag\" confidence\u003d\"1/16\" data-value\u003d\"10m\" end\u003d\"74\" ml-tagorder\u003d\"1\" score\u003d\"0.8128255395228522\" style\u003d\"border: 2px solid rgb(125, 157, 1);\" tabnumber\u003d\"1\" tagorder\u003d\"1\"\u003e10m\u003c/nominal1\u003e usd from Banco Santander\u003c/p\u003e \n \n\u003cp\u003e---- same dets ----\u003c/p\u003e \n \n\u003cp\u003e\u003cstrike_ begin\u003d\"122\" class\u003d\"extraction-tag ml-tag\" confidence\u003d\"1/16\" data-value\u003d\"19.3000\" end\u003d\"129\" ml-tagorder\u003d\"0\" score\u003d\"0.6354897405454523\" style\u003d\"border: 2px solid rgb(125, 157, 1);\" tabnumber\u003d\"0\" tagorder\u003d\"0\"\u003e19.3000\u003c/strike_\u003e \u003cdivisa1 begin\u003d\"130\" class\u003d\"extraction-tag ml-tag\" confidence\u003d\"1/16\" data-value\u003d\"usd\" end\u003d\"133\" ml-tagorder\u003d\"0\" score\u003d\"0.7095402343367925\" style\u003d\"border: 2px solid rgb(125, 157, 1);\" tabnumber\u003d\"0\" tagorder\u003d\"0\"\u003eusd\u003c/divisa1\u003e \u003copcion1 begin\u003d\"134\" class\u003d\"extraction-tag ml-tag\" confidence\u003d\"1/16\" data-value\u003d\"call\" end\u003d\"138\" ml-tagorder\u003d\"0\" score\u003d\"0.6925550747563024\" style\u003d\"border: 2px solid rgb(125, 157, 1);\" tabnumber\u003d\"0\" tagorder\u003d\"0\"\u003ecall\u003c/opcion1\u003e \u003cdivisa2 begin\u003d\"139\" class\u003d\"extraction-tag ml-tag\" confidence\u003d\"1/16\" data-value\u003d\"mxn\" end\u003d\"142\" ml-tagorder\u003d\"0\" score\u003d\"0.7309336696248546\" style\u003d\"border: 2px solid rgb(125, 157, 1);\" tabnumber\u003d\"0\" tagorder\u003d\"0\"\u003emxn\u003c/divisa2\u003e \u003copcion2 begin\u003d\"143\" class\u003d\"extraction-tag ml-tag\" confidence\u003d\"1/16\" data-value\u003d\"put\" end\u003d\"146\" ml-tagorder\u003d\"0\" score\u003d\"0.7001353627564071\" style\u003d\"border: 2px solid rgb(125, 157, 1);\" tabnumber\u003d\"0\" tagorder\u003d\"0\"\u003eput\u003c/opcion2\u003e\u003c/p\u003e \n \n\u003cp\u003e\u003cfecha_vencimiento begin\u003d\"148\" class\u003d\"extraction-tag ml-tag\" confidence\u003d\"1/16\" data-value\u003d\"22-27 Dec 2017\" end\u003d\"162\" ml-tagorder\u003d\"0\" score\u003d\"0.729778544809522\" style\u003d\"border: 2px solid rgb(125, 157, 1);\" tabnumber\u003d\"0\" tagorder\u003d\"0\"\u003e\u003cfecha_pago_vencimiento begin\u003d\"148\" class\u003d\"extraction-tag ml-tag\" confidence\u003d\"1/16\" data-value\u003d\"22-27 Dec 2017\" end\u003d\"162\" ml-tagorder\u003d\"0\" score\u003d\"0.7609618592454314\" style\u003d\"border: 2px solid rgb(125, 157, 1);\" tabnumber\u003d\"0\" tagorder\u003d\"0\"\u003e22-27 Dec 2017\u003c/fecha_pago_vencimiento\u003e\u003c/fecha_vencimiento\u003e\u003c/p\u003e \n \n\u003cp\u003eVol: 12.5\u003c/p\u003e \n \n\u003cp\u003e\u003c/p\u003e \n \n\u003cp\u003eMp: \u003cprecio begin\u003d\"181\" class\u003d\"extraction-tag ml-tag\" confidence\u003d\"1/16\" data-value\u003d\"0.29%\" end\u003d\"186\" ml-tagorder\u003d\"0\" score\u003d\"0.7314813588957334\" style\u003d\"border: 2px solid rgb(125, 157, 1);\" tabnumber\u003d\"0\" tagorder\u003d\"0\"\u003e0.29%\u003c/precio\u003e \u003cdivisa_prima begin\u003d\"187\" class\u003d\"extraction-tag ml-tag\" confidence\u003d\"1/16\" data-value\u003d\"usd\" end\u003d\"190\" ml-tagorder\u003d\"0\" score\u003d\"0.5723906634040254\" style\u003d\"border: 2px solid rgb(125, 157, 1);\" tabnumber\u003d\"0\" tagorder\u003d\"0\"\u003eusd\u003c/divisa_prima\u003e\u003c/p\u003e \n \n\u003cp\u003e\u003cspot_forward begin\u003d\"192\" class\u003d\"extraction-tag ml-tag\" confidence\u003d\"1/16\" data-value\u003d\"Spot\" end\u003d\"196\" ml-tagorder\u003d\"0\" score\u003d\"0.539861997248252\" style\u003d\"border: 2px solid rgb(125, 157, 1);\" tabnumber\u003d\"0\" tagorder\u003d\"0\"\u003eSpot\u003c/spot_forward\u003e: 19.2515\u003c/p\u003e \n \n\u003cp\u003eSwaps: 155.00\u003c/p\u003e \n \n\u003cp\u003eUSD Depo: 0.00\u003c/p\u003e \n \n\u003cp\u003e\u003c/p\u003e \n \n\u003cp\u003eHedge SANT buys 8m usd from HSBC @ 19.2670\u003c/p\u003e \n \n\u003cp\u003eHedge SANT buys 4m usd from MS @ 19.2670\u003c/p\u003e \n \n\u003cp\u003ePrem and hedge valued at \u003cfecha_pago_prima begin\u003d\"351\" class\u003d\"extraction-tag ml-tag\" confidence\u003d\"1/16\" data-value\u003d\"27 Dec 2017\" end\u003d\"362\" ml-tagorder\u003d\"0\" score\u003d\"0.7329351196697167\" style\u003d\"border: 2px solid rgb(125, 157, 1);\" tabnumber\u003d\"0\" tagorder\u003d\"0\"\u003e27 Dec 2017\u003c/fecha_pago_prima\u003e\u003c/p\u003e \n \n\u003cp\u003e\u003c/p\u003e \n \n\u003cp\u003eHSBC\u003c/p\u003e \n \n\u003cp\u003eMp: \u003cuti_usi begin\u003d\"376\" class\u003d\"extraction-tag ml-tag\" confidence\u003d\"1/16\" data-value\u003d\"1010000283M035X20171220XFO003046068655X1XX\" end\u003d\"418\" ml-tagorder\u003d\"0\" score\u003d\"0.7217798107484151\" style\u003d\"border: 2px solid rgb(125, 157, 1);\" tabnumber\u003d\"0\" tagorder\u003d\"0\"\u003e1010000283M035X20171220XFO003046068655X1XX\u003c/uti_usi\u003e\u003c/p\u003e \n \n\u003cp\u003e\u003c/p\u003e \n \n\u003cp\u003eMS\u003c/p\u003e \n \n\u003cp\u003eMp: \u003cuti_usi begin\u003d\"430\" class\u003d\"extraction-tag ml-tag\" confidence\u003d\"1/16\" data-value\u003d\"1010000283M035X20171220XFO003046068656X1XX\" end\u003d\"472\" ml-tagorder\u003d\"1\" score\u003d\"0.7234827024222548\" style\u003d\"border: 2px solid rgb(125, 157, 1);\" tabnumber\u003d\"1\" tagorder\u003d\"1\"\u003e1010000283M035X20171220XFO003046068656X1XX\u003c/uti_usi\u003e\u003c/p\u003e \n \n\u003cp\u003e\u003c/p\u003e \n \n\u003cp\u003e\u003c/p\u003e \n \n\u003cp\u003e\u003cstrong\u003eMatt Neuenschwander\u003c/strong\u003e\u003c/p\u003e \n \n\u003cp\u003eBGC Partners\u003c/p\u003e \n \n\u003cp\u003eFX Options\u003c/p\u003e \n \n\u003cp\u003e1-212-829-5497- Desk\u003c/p\u003e \n \n\u003cp\u003e\u003c/p\u003e \n \n\u003cp\u003eAll transaction details sent to you are for your convenience only. All transactions are subject to final terms as indicated on the confirmation provided by BGC Derivatives Markets, LP\u003c/p\u003e \n \n\u003cp\u003e\u003c/p\u003e \n \n\u003c/div\u003e\n\n http://www.bgcpartners.com CONFIDENTIAL: This e-mail has been sent to you by one of the BGC entities (collectively BGC) Please see important legal information and disclaimer relating to this mail at the following links: http://www.bgcpartners.com/disclaimers/ Please see for BGC Disclosures The link contains company and FCA registration numbers. This e-mail, including its contents and attachments, if any, are confidential. If you are not the named recipient please notify the sender and 