{"finalScore":0.6807663104178936,"sumScore":12.253793587522084,"tagsCounter":18.0,"taggedText":"\u003cdocument\u003eEK VIGCAQ CHASE \u003cestrategia begin\u003d\"16\" class\u003d\"extraction-tag ml-tag\" confidence\u003d\"1/16\" data-value\u003d\"BUYS\" end\u003d\"20\" ml-tagorder\u003d\"0\" score\u003d\"0.5466212726627692\" style\u003d\"border: 2px solid rgb(125, 157, 1);\" tabnumber\u003d\"0\" tagorder\u003d\"0\"\u003eBUYS\u003c/estrategia\u003e \u003cnominal1 begin\u003d\"21\" class\u003d\"extraction-tag ml-tag\" confidence\u003d\"1/16\" data-value\u003d\"10M\" end\u003d\"24\" ml-tagorder\u003d\"0\" score\u003d\"0.6938272212840819\" style\u003d\"border: 2px solid rgb(125, 157, 1);\" tabnumber\u003d\"0\" tagorder\u003d\"0\"\u003e10M\u003c/nominal1\u003e USD FROM BANCO SANTANDER \u003ccontrapartida begin\u003d\"50\" class\u003d\"extraction-tag ml-tag\" confidence\u003d\"1/16\" data-value\u003d\"MS INTERNATIONAL\" end\u003d\"66\" ml-tagorder\u003d\"0\" score\u003d\"0.6850198559603932\" style\u003d\"border: 2px solid rgb(125, 157, 1);\" tabnumber\u003d\"0\" tagorder\u003d\"0\"\u003eMS INTERNATIONAL\u003c/contrapartida\u003e \u003cestrategia begin\u003d\"67\" class\u003d\"extraction-tag ml-tag\" confidence\u003d\"1/16\" data-value\u003d\"BUYS\" end\u003d\"71\" ml-tagorder\u003d\"1\" score\u003d\"0.6606652849164968\" style\u003d\"border: 2px solid rgb(125, 157, 1);\" tabnumber\u003d\"1\" tagorder\u003d\"1\"\u003eBUYS\u003c/estrategia\u003e \u003cnominal1 begin\u003d\"72\" class\u003d\"extraction-tag ml-tag\" confidence\u003d\"1/16\" data-value\u003d\"20M\" end\u003d\"75\" ml-tagorder\u003d\"1\" score\u003d\"0.7837345294663647\" style\u003d\"border: 2px solid rgb(125, 157, 1);\" tabnumber\u003d\"1\" tagorder\u003d\"1\"\u003e20M\u003c/nominal1\u003e USD FROM BANCO SANTANDER SAME DET- \u003cstrike_ begin\u003d\"111\" class\u003d\"extraction-tag ml-tag\" confidence\u003d\"1/16\" data-value\u003d\"19.10\" end\u003d\"116\" ml-tagorder\u003d\"0\" score\u003d\"0.6509742381788493\" style\u003d\"border: 2px solid rgb(125, 157, 1);\" tabnumber\u003d\"0\" tagorder\u003d\"0\"\u003e19.10\u003c/strike_\u003e \u003cdivisa1 begin\u003d\"117\" class\u003d\"extraction-tag ml-tag\" confidence\u003d\"1/16\" data-value\u003d\"USD\" end\u003d\"120\" ml-tagorder\u003d\"0\" score\u003d\"0.6196444078993187\" style\u003d\"border: 2px solid rgb(125, 157, 1);\" tabnumber\u003d\"0\" tagorder\u003d\"0\"\u003eUSD\u003c/divisa1\u003e \u003copcion1 begin\u003d\"121\" class\u003d\"extraction-tag ml-tag\" confidence\u003d\"1/16\" data-value\u003d\"PUT\" end\u003d\"124\" ml-tagorder\u003d\"0\" score\u003d\"0.6866743991145327\" style\u003d\"border: 2px solid rgb(125, 157, 1);\" tabnumber\u003d\"0\" tagorder\u003d\"0\"\u003ePUT\u003c/opcion1\u003e \u003cdivisa2 begin\u003d\"125\" class\u003d\"extraction-tag ml-tag\" confidence\u003d\"1/16\" data-value\u003d\"MXN\" end\u003d\"128\" ml-tagorder\u003d\"0\" score\u003d\"0.7074533510439925\" style\u003d\"border: 2px solid rgb(125, 157, 1);\" tabnumber\u003d\"0\" tagorder\u003d\"0\"\u003eMXN\u003c/divisa2\u003e \u003copcion2 begin\u003d\"129\" class\u003d\"extraction-tag ml-tag\" confidence\u003d\"1/16\" data-value\u003d\"CALL\" end\u003d\"133\" ml-tagorder\u003d\"0\" score\u003d\"0.671361217750025\" style\u003d\"border: 2px solid rgb(125, 157, 1);\" tabnumber\u003d\"0\" tagorder\u003d\"0\"\u003eCALL\u003c/opcion2\u003e \u003cfecha_vencimiento begin\u003d\"134\" class\u003d\"extraction-tag ml-tag\" confidence\u003d\"1/16\" data-value\u003d\"14-18 DEC 2017\" end\u003d\"148\" ml-tagorder\u003d\"0\" score\u003d\"0.719012701419186\" style\u003d\"border: 2px solid rgb(125, 157, 1);\" tabnumber\u003d\"0\" tagorder\u003d\"0\"\u003e\u003cfecha_pago_vencimiento begin\u003d\"134\" class\u003d\"extraction-tag ml-tag\" confidence\u003d\"1/16\" data-value\u003d\"14-18 DEC 2017\" end\u003d\"148\" ml-tagorder\u003d\"0\" score\u003d\"0.6655637587894844\" style\u003d\"border: 2px solid rgb(125, 157, 1);\" tabnumber\u003d\"0\" tagorder\u003d\"0\"\u003e14-18 DEC 2017\u003c/fecha_pago_vencimiento\u003e\u003c/fecha_vencimiento\u003e VOL 13.25 MC: \u003cprecio begin\u003d\"163\" class\u003d\"extraction-tag ml-tag\" confidence\u003d\"1/16\" data-value\u003d\"0.21%\" end\u003d\"168\" ml-tagorder\u003d\"0\" score\u003d\"0.6668764308013493\" style\u003d\"border: 2px solid rgb(125, 157, 1);\" tabnumber\u003d\"0\" tagorder\u003d\"0\"\u003e0.21%\u003c/precio\u003e \u003cdivisa_prima begin\u003d\"169\" class\u003d\"extraction-tag ml-tag\" confidence\u003d\"1/16\" data-value\u003d\"USD\" end\u003d\"172\" ml-tagorder\u003d\"0\" score\u003d\"0.7036719796130146\" style\u003d\"border: 2px solid rgb(125, 157, 1);\" tabnumber\u003d\"0\" tagorder\u003d\"0\"\u003eUSD\u003c/divisa_prima\u003e SPOT: 19.1175 SWAP: 105 DEPO :0.0 \u003ccash_delivery begin\u003d\"207\" class\u003d\"extraction-tag ml-tag\" confidence\u003d\"1/16\" data-value\u003d\"HEDGE\" end\u003d\"212\" ml-tagorder\u003d\"0\" score\u003d\"0.5893731826401679\" style\u003d\"border: 2px solid rgb(125, 157, 1);\" tabnumber\u003d\"0\" tagorder\u003d\"0\"\u003eHEDGE\u003c/cash_delivery\u003e JP BUYS 4.2M USD FROM SANT @ 19.1280 HEDGE MS BUYS 8.4M USD FROM SANT @ 19.1280 PREM AND HEDGE VALUED \u003cfecha_pago_prima begin\u003d\"315\" class\u003d\"extraction-tag ml-tag\" confidence\u003d\"1/16\" data-value\u003d\"18 DEC 2017\" end\u003d\"326\" ml-tagorder\u003d\"0\" score\u003d\"0.7307306367792185\" style\u003d\"border: 2px solid rgb(125, 157, 1);\" tabnumber\u003d\"0\" tagorder\u003d\"0\"\u003e18 DEC 2017\u003c/fecha_pago_prima\u003e JP MC: \u003cuti_usi begin\u003d\"334\" class\u003d\"extraction-tag ml-tag\" confidence\u003d\"1/16\" data-value\u003d\"1010000283M035X20171213XFO003045963238X1XX\" end\u003d\"376\" ml-tagorder\u003d\"0\" score\u003d\"0.7222522234597388\" style\u003d\"border: 2px solid rgb(125, 157, 1);\" tabnumber\u003d\"0\" tagorder\u003d\"0\"\u003e1010000283M035X20171213XFO003045963238X1XX\u003c/uti_usi\u003e MS MC: \u003cuti_usi begin\u003d\"384\" class\u003d\"extraction-tag ml-tag\" confidence\u003d\"1/16\" data-value\u003d\"1010000283M035X20171213XFO003045963239X1XX\" end\u003d\"426\" ml-tagorder\u003d\"1\" score\u003d\"0.7503368957431005\" style\u003d\"border: 2px solid rgb(125, 157, 1);\" tabnumber\u003d\"1\" tagorder\u003d\"1\"\u003e1010000283M035X20171213XFO003045963239X1XX\u003c/uti_usi\u003e James Hatton BGC Partners FX Options 1-212-829-5497- Desk All transaction details sent to you are for your convenience only. All transactions are subject to final terms as indicated on the confirmation provided by BGC Derivatives Markets, LP _____ http://www.bgcpartners.com CONFIDENTIAL: This e-mail has been sent to you by one of the BGC entities (collectively BGC) Please see important legal information and disclaimer relating to this mail at the following links: http://www.bgcpartners.com/disclaimers/ Please see for BGC Disclosures The link contains company and FCA registration numbers. This e-mail, including its contents and attachments, if any, are confidential. If you are not the named recipient please notify the sender and immediately delete it. You may not disseminate, distribute, or forward this e-mail message or disclose its contents to anybody else. Copyright and any other intellectual property rights in its contents are the sole property of BGC and its affiliates. E-mail transmission cannot be guaranteed to be secure or error-free. The sender therefore does not accept liability for any errors or omissions in the contents of this message which arise as a result of e-mail transmission. If verification is required please request a hard-copy version. Although we routinely screen for viruses, addressees should check this e-mail and any attachments for viruses. We make no representation or warranty as to the absence of viruses in this e-mail or any attachments. Please note that to ensure regulatory compliance and for the protection of our customers and business, we may monitor and read e-mails sent to and from 