{"finalScore":0.6907294448713874,"sumScore":12.433130007684975,"tagsCounter":18.0,"taggedText":"\u003cdocument\u003eCustomer Pays \u003cprecio begin\u003d\"14\" class\u003d\"extraction-tag ml-tag\" confidence\u003d\"1/19\" data-value\u003d\"0.0900\" end\u003d\"20\" ml-tagorder\u003d\"0\" score\u003d\"0.6430979691780968\" style\u003d\"border: 2px solid rgb(125, 157, 1);\" tabnumber\u003d\"0\" tagorder\u003d\"0\"\u003e0.0900\u003c/precio\u003e % of EUR face Customer Pays Premium EUR 13,500.00 on 19-Dec-17 Trade Time: Fri Dec 15 17:58:22 GMT 2017 Buy/Sell: Counterparty \u003cestrategia begin\u003d\"148\" class\u003d\"extraction-tag ml-tag\" confidence\u003d\"1/19\" data-value\u003d\"buys\" end\u003d\"152\" ml-tagorder\u003d\"0\" score\u003d\"0.6998290420828487\" style\u003d\"border: 2px solid rgb(125, 157, 1);\" tabnumber\u003d\"0\" tagorder\u003d\"0\"\u003ebuys\u003c/estrategia\u003e/\u003ccontrapartida begin\u003d\"153\" class\u003d\"extraction-tag ml-tag\" confidence\u003d\"1/19\" data-value\u003d\"OVB\" end\u003d\"156\" ml-tagorder\u003d\"0\" score\u003d\"0.7221208084538266\" style\u003d\"border: 2px solid rgb(125, 157, 1);\" tabnumber\u003d\"0\" tagorder\u003d\"0\"\u003eOVB\u003c/contrapartida\u003e sells FX Pair: EURUSD Put/Call: \u003copcion2 begin\u003d\"189\" class\u003d\"extraction-tag ml-tag\" confidence\u003d\"1/19\" data-value\u003d\"Call\" end\u003d\"193\" ml-tagorder\u003d\"0\" score\u003d\"0.688751759274912\" style\u003d\"border: 2px solid rgb(125, 157, 1);\" tabnumber\u003d\"0\" tagorder\u003d\"0\"\u003e\u003copcion1 begin\u003d\"189\" class\u003d\"extraction-tag ml-tag\" confidence\u003d\"1/19\" data-value\u003d\"Call\" end\u003d\"193\" ml-tagorder\u003d\"0\" score\u003d\"0.690699482492855\" style\u003d\"border: 2px solid rgb(125, 157, 1);\" tabnumber\u003d\"0\" tagorder\u003d\"0\"\u003eCall\u003c/opcion1\u003e\u003c/opcion2\u003e on \u003cdivisa1 begin\u003d\"197\" class\u003d\"extraction-tag ml-tag\" confidence\u003d\"1/19\" data-value\u003d\"EUR\" end\u003d\"200\" ml-tagorder\u003d\"0\" score\u003d\"0.5560875472973767\" style\u003d\"border: 2px solid rgb(125, 157, 1);\" tabnumber\u003d\"0\" tagorder\u003d\"0\"\u003eEUR\u003c/divisa1\u003e Strike: \u003cstrike_ begin\u003d\"209\" class\u003d\"extraction-tag ml-tag\" confidence\u003d\"1/19\" data-value\u003d\"1.1780\" end\u003d\"215\" ml-tagorder\u003d\"0\" score\u003d\"0.7986061410968036\" style\u003d\"border: 2px solid rgb(125, 157, 1);\" tabnumber\u003d\"0\" tagorder\u003d\"0\"\u003e1.1780\u003c/strike_\u003e Expiration Date: Mon \u003cfecha_vencimiento begin\u003d\"237\" class\u003d\"extraction-tag ml-tag\" confidence\u003d\"1/19\" data-value\u003d\"18Dec2017\" end\u003d\"246\" ml-tagorder\u003d\"0\" score\u003d\"0.7073311307799832\" style\u003d\"border: 2px solid rgb(125, 157, 1);\" tabnumber\u003d\"0\" tagorder\u003d\"0\"\u003e18Dec2017\u003c/fecha_vencimiento\u003e Settlement Date: Wed \u003cfecha_pago_vencimiento begin\u003d\"268\" class\u003d\"extraction-tag ml-tag\" confidence\u003d\"1/19\" data-value\u003d\"20Dec2017\" end\u003d\"277\" ml-tagorder\u003d\"0\" score\u003d\"0.7411262406145219\" style\u003d\"border: 2px solid rgb(125, 157, 1);\" tabnumber\u003d\"0\" tagorder\u003d\"0\"\u003e20Dec2017\u003c/fecha_pago_vencimiento\u003e Quantity: \u003cnominal1 begin\u003d\"288\" class\u003d\"extraction-tag ml-tag\" confidence\u003d\"1/19\" data-value\u003d\"15,000,000.00\" end\u003d\"301\" ml-tagorder\u003d\"0\" score\u003d\"0.6704837263077328\" style\u003d\"border: 2px solid rgb(125, 157, 1);\" tabnumber\u003d\"0\" tagorder\u003d\"0\"\u003e15,000,000.00\u003c/nominal1\u003e EUR Other Quantity: \u003cnominal2 begin\u003d\"322\" class\u003d\"extraction-tag ml-tag\" confidence\u003d\"1/19\" data-value\u003d\"17,670,000.00\" end\u003d\"335\" ml-tagorder\u003d\"0\" score\u003d\"0.7145385923832749\" style\u003d\"border: 2px solid rgb(125, 157, 1);\" tabnumber\u003d\"0\" tagorder\u003d\"0\"\u003e17,670,000.00\u003c/nominal2\u003e USD Premium: \u003cprima begin\u003d\"349\" class\u003d\"extraction-tag ml-tag\" confidence\u003d\"1/19\" data-value\u003d\"13,500.00\" end\u003d\"358\" ml-tagorder\u003d\"0\" score\u003d\"0.7814635882731636\" style\u003d\"border: 2px solid rgb(125, 157, 1);\" tabnumber\u003d\"0\" tagorder\u003d\"0\"\u003e13,500.00\u003c/prima\u003e \u003cdivisa_prima begin\u003d\"359\" class\u003d\"extraction-tag ml-tag\" confidence\u003d\"1/19\" data-value\u003d\"EUR\" end\u003d\"362\" ml-tagorder\u003d\"0\" score\u003d\"0.7179959601697535\" style\u003d\"border: 2px solid rgb(125, 157, 1);\" tabnumber\u003d\"0\" tagorder\u003d\"0\"\u003eEUR\u003c/divisa_prima\u003e Premium Date: Tue \u003cfecha_pago_prima begin\u003d\"381\" class\u003d\"extraction-tag ml-tag\" confidence\u003d\"1/19\" data-value\u003d\"19Dec2017\" end\u003d\"390\" ml-tagorder\u003d\"0\" score\u003d\"0.6137998184036468\" style\u003d\"border: 2px solid rgb(125, 157, 1);\" tabnumber\u003d\"0\" tagorder\u003d\"0\"\u003e19Dec2017\u003c/fecha_pago_prima\u003e Settlement Type: \u003ccash_delivery begin\u003d\"408\" class\u003d\"extraction-tag ml-tag\" confidence\u003d\"1/19\" data-value\u003d\"Physical\" end\u003d\"416\" ml-tagorder\u003d\"0\" score\u003d\"0.7165036208780386\" style\u003d\"border: 2px solid rgb(125, 157, 1);\" tabnumber\u003d\"0\" tagorder\u003d\"0\"\u003ePhysical\u003c/cash_delivery\u003e Settlement Ccy: N/A Instrument Type: \u003ctipo_de_opcion begin\u003d\"454\" class\u003d\"extraction-tag ml-tag\" confidence\u003d\"1/19\" data-value\u003d\"Vanilla\" end\u003d\"461\" ml-tagorder\u003d\"0\" score\u003d\"0.7199219863772105\" style\u003d\"border: 2px solid rgb(125, 157, 1);\" tabnumber\u003d\"0\" tagorder\u003d\"0\"\u003eVanilla\u003c/tipo_de_opcion\u003e Settlement Location: LONDON Expiration Cut: NYC Volatility: 2.965/3.917 ла\u0026mdash;ла\u0026sbquo; Mid 3.441 Depo: Denominated 0.99993730 ла\u0026mdash;ла\u0026sbquo; Asset 0.99999722 Spot Rate: 1.17652 Forward Rate: 1.176596 Forward Pts: 0.71 Trade ID: MDFXO_1-1W470E Account: BANCO SANTANDER SA UTI: \u003cuti_usi begin\u003d\"718\" class\u003d\"extraction-tag ml-tag\" confidence\u003d\"1/19\" data-value\u003d\"GFXFXO0000000000000000001ZAQ2G0N\" end\u003d\"750\" ml-tagorder\u003d\"0\" score\u003d\"0.7112212019965181\" style\u003d\"border: 2px solid rgb(125, 157, 1);\" tabnumber\u003d\"0\" tagorder\u003d\"0\"\u003eGFXFXO0000000000000000001ZAQ2G0N\u003c/uti_usi\u003e USI: GFXFXO0000000000000000001ZAQ2G0N Buy/Sell: Counterparty sells EUR/ buys USD FX Pair: EURUSD Rate: 1.1766 Settlement Date: Wed 20Dec2017 Quantity: 5,270,000.00 EUR Instrument Type: \u003cspot_forward begin\u003d\"936\" class\u003d\"extraction-tag ml-tag\" confidence\u003d\"1/19\" data-value\u003d\"Forward\" end\u003d\"943\" ml-tagorder\u003d\"0\" score\u003d\"0.5395513916244099\" style\u003d\"border: 2px solid rgb(125, 157, 1);\" tabnumber\u003d\"0\" tagorder\u003d\"0\"\u003eForward\u003c/spot_forward\u003e UTI: GFXFXO0000000000000000001ZAQ2G0L USI: GFXFXO0000000000000000001ZAQ2G0L DO NOT REPLY - This is a system generated message. If you have any questions about this message please contact J.P. Morgan FX \u0026amp; Commodities e-Trading Client Services Hotline: Europe +44-207-777-4422 North America +1 877 339 5762 Japan +81 3 6736 7888 Asia ex-Japan +65 6882 7222 * email: fxc.ecs@jpmorgan.com \u0026lt;mailto:fxc.ecs@jpmorgan.com\u0026gt; . This message is provided for informational purposes only and is subject to change without notice. It is not intended as research, a recommendation, advice, offer or solicitation to buy or sell any financial product or service, nor a confirmation of terms. The recipient should rely solely on the final transaction documentation containing the definitive terms and conditions of the transaction, which in the event of an inconsistency, will override the information in this message. Please consult your own advisors regarding legal, tax, accounting or any other aspects including suitability implications for your particular circumstances. J.P. 