{"finalScore":0.6867985380922321,"sumScore":12.36237368566018,"tagsCounter":18.0,"taggedText":"\u003cdocument\u003e\u003cstyle type\u003d\"text/css\"\u003e\u003c/style\u003e\u003cdiv\u003e\u003cdiv\u003e\u003ctable style\u003d\"user-select: auto;\"\u003e\u003ctbody\u003e\u003ctr\u003e\u003ctd\u003e\u003cdiv\u003e\u003cstrong\u003e\u003cem\u003e\u003c/em\u003e\u003c/strong\u003e\u003c/div\u003e\u003cdiv\u003e\u003cmeta content\u003d\"text-html; charset\u003dutf-8\"\u003e\u003c/meta\u003e\u003cbase\u003e\u003c/base\u003eVAT Registered Number 766 0854 05\u003c/div\u003e\n\n\u003c/td\u003e \n \n\u003ctd\u003e\u003ctable style\u003d\"user-select: auto;\"\u003e\u003ctbody\u003e\u003ctr\u003e\u003ctd\u003e\u003cdiv\u003eBeaufort House\u003c/div\u003e\n\n\u003cdiv\u003e15 St. Botolph Street\u003c/div\u003e\n\n\u003cdiv\u003eLondon EC3A 7QX\u003c/div\u003e\n\n\u003cdiv\u003eTel: 020 7198 1500\u003c/div\u003e\n\n\u003c/td\u003e \n \n\u003c/tr\u003e \n \n\u003c/tbody\u003e\u003c/table\u003e\n\n\u003c/td\u003e \n \n\u003c/tr\u003e \n \n\u003ctr\u003e\u003ctd colspan\u003d\"3\"\u003e\u003cdiv\u003e\u003cstrong\u003e\u003cem\u003eCURRENCY OPTION CONFIRMATION\u003c/em\u003e\u003c/strong\u003e\u003c/div\u003e\n\n\u003c/td\u003e \n \n\u003c/tr\u003e \n \n\u003c/tbody\u003e\u003c/table\u003e\n\n\u003cdiv\u003e\u003ctable style\u003d\"user-select: auto;\"\u003e\u003ctbody\u003e\u003ctr\u003e\u003ctd\u003e\u003cdiv\u003eBanco Santander Madrid\u003c/div\u003e\n\n\u003c/td\u003e \n \n\u003ctd\u003e\u003cdiv\u003e\u003cstrong\u003eTFS Ref\u003c/strong\u003e\u003c/div\u003e\n\n\u003cdiv\u003e\u003cstrong\u003ePage\u003c/strong\u003e\u003c/div\u003e\n\n\u003cdiv\u003eDate\u003c/div\u003e\n\n\u003cdiv\u003eTime\u003c/div\u003e\n\n\u003cdiv\u003eTrader\u003c/div\u003e\n\n\u003c/td\u003e \n \n\u003ctd\u003e\u003cdiv\u003e\u003cstrong\u003e: 2597667/0/00\u003c/strong\u003e\u003c/div\u003e\n\n\u003cdiv\u003e\u003cstrong\u003e: \u003cspan\u003e1\u003c/span\u003e of 1\u003c/strong\u003e\u003c/div\u003e\n\n\u003cdiv\u003e: \u003cfecha_inicio begin\u003d\"250\" class\u003d\"extraction-tag ml-tag\" confidence\u003d\"1/18\" data-value\u003d\"01 Aug 2017\" end\u003d\"261\" ml-tagorder\u003d\"0\" score\u003d\"0.793285453227746\" style\u003d\"border: 2px solid rgb(125, 157, 1);\" tabnumber\u003d\"0\" tagorder\u003d\"0\"\u003e01 Aug 2017\u003c/fecha_inicio\u003e\u003c/div\u003e\n\n\u003cdiv\u003e: 15:00:34 (UTC)\u003c/div\u003e\n\n\u003cdiv\u003e: Howard Buckley\u003c/div\u003e\n\n\u003c/td\u003e \n \n\u003c/tr\u003e \n \n\u003c/tbody\u003e\u003c/table\u003e\n\n\u003c/div\u003e\n\n\u003cdiv\u003e\u003ctable style\u003d\"user-select: auto;\"\u003e\u003ctbody\u003e\u003ctr\u003e\u003ctd\u003e\u003cdiv\u003eEmail:\u003c/div\u003e\n\n\u003c/td\u003e \n \n\u003ctd\u003e\u003cdiv\u003efxoptionsmadrid@gruposantander.com\u003c/div\u003e\n\n\u003c/td\u003e \n \n\u003ctd\u003e\u003cdiv\u003eExtDlvry:\u003c/div\u003e\n\n\u003c/td\u003e \n \n\u003ctd\u003e\u003cdiv\u003eNot Applicable\u003c/div\u003e\n\n\u003c/td\u003e \n \n\u003c/tr\u003e \n \n\u003c/tbody\u003e\u003c/table\u003e\n\n\u003c/div\u003e\n\n\u003c/div\u003e\n\n\u003c/div\u003e\n\n\u003cdiv\u003e\u003ctable style\u003d\"user-select: auto;\"\u003e\u003ctbody\u003e\u003ctr\u003e\u003ctd\u003e\u003cstrong\u003eSef Reportable\u003c/strong\u003e\u003c/td\u003e \n \n\u003c/tr\u003e \n \n\u003c/tbody\u003e\u003c/table\u003e\n\n\u003c/div\u003e\n\n\u003cdiv\u003eNo\u003c/div\u003e\n\n\u003cdiv\u003e\u003ctable style\u003d\"user-select: auto;\"\u003e\u003ctbody\u003e\u003ctr\u003e\u003ctd\u003e\u003cstrong\u003eOption Details\u003c/strong\u003e\u003c/td\u003e \n \n\u003c/tr\u003e \n \n\u003c/tbody\u003e\u003c/table\u003e\n\n\u003c/div\u003e\n\n\u003cdiv\u003e\u003cestrategia begin\u003d\"426\" class\u003d\"extraction-tag ml-tag\" confidence\u003d\"1/18\" data-value\u003d\"Buyer\" end\u003d\"431\" ml-tagorder\u003d\"0\" score\u003d\"0.7078262490837686\" style\u003d\"border: 2px solid rgb(125, 157, 1);\" tabnumber\u003d\"0\" tagorder\u003d\"0\"\u003eBuyer\u003c/estrategia\u003e\u003c/div\u003e\n\n\u003cdiv\u003eBanco Santander Madrid\u003c/div\u003e\n\n\u003cdiv\u003eSeller\u003c/div\u003e\n\n\u003cdiv\u003eVlibyff Bpvaf Amtfhgpwiazfb Espjui\u003c/div\u003e\n\n\u003cdiv\u003eCcy vs Ccy\u003c/div\u003e\n\n\u003cdiv\u003e\u003cdivisa1 begin\u003d\"508\" class\u003d\"extraction-tag ml-tag\" confidence\u003d\"1/18\" data-value\u003d\"GBP\" end\u003d\"511\" ml-tagorder\u003d\"0\" score\u003d\"0.5768744140110431\" style\u003d\"border: 2px solid rgb(125, 157, 1);\" tabnumber\u003d\"0\" tagorder\u003d\"0\"\u003eGBP\u003c/divisa1\u003e vs \u003cdivisa2 begin\u003d\"515\" class\u003d\"extraction-tag ml-tag\" confidence\u003d\"1/18\" data-value\u003d\"USD\" end\u003d\"518\" ml-tagorder\u003d\"0\" score\u003d\"0.7085212944204884\" style\u003d\"border: 2px solid rgb(125, 157, 1);\" tabnumber\u003d\"0\" tagorder\u003d\"0\"\u003eUSD\u003c/divisa2\u003e\u003c/div\u003e\n\n\u003cdiv\u003eOption\u003c/div\u003e\n\n\u003cdiv\u003eGBP \u003copcion1 begin\u003d\"530\" class\u003d\"extraction-tag ml-tag\" confidence\u003d\"1/18\" data-value\u003d\"Call\" end\u003d\"534\" ml-tagorder\u003d\"0\" score\u003d\"0.7202811583034462\" style\u003d\"border: 2px solid rgb(125, 157, 1);\" tabnumber\u003d\"0\" tagorder\u003d\"0\"\u003eCall\u003c/opcion1\u003e\u003c/div\u003e\n\n\u003cdiv\u003eAmount\u003c/div\u003e\n\n\u003cdiv\u003eGBP \u003cnominal2 begin\u003d\"546\" class\u003d\"extraction-tag ml-tag\" confidence\u003d\"1/18\" data-value\u003d\"20,000,000\" end\u003d\"556\" ml-tagorder\u003d\"0\" score\u003d\"0.570014716605242\" style\u003d\"border: 2px solid rgb(125, 157, 1);\" tabnumber\u003d\"0\" tagorder\u003d\"0\"\u003e\u003cnominal1 begin\u003d\"546\" class\u003d\"extraction-tag ml-tag\" confidence\u003d\"1/18\" data-value\u003d\"20,000,000\" end\u003d\"556\" ml-tagorder\u003d\"0\" score\u003d\"0.7573070612288864\" style\u003d\"border: 2px solid rgb(125, 157, 1);\" tabnumber\u003d\"0\" tagorder\u003d\"0\"\u003e20,000,000\u003c/nominal1\u003e\u003c/nominal2\u003e\u003c/div\u003e\n\n\u003cdiv\u003eExpiry\u003c/div\u003e\n\n\u003cdiv\u003eWed \u003cfecha_vencimiento begin\u003d\"568\" class\u003d\"extraction-tag ml-tag\" confidence\u003d\"1/18\" data-value\u003d\"02 Aug 2017\" end\u003d\"579\" ml-tagorder\u003d\"0\" score\u003d\"0.6951603510816932\" style\u003d\"border: 2px solid rgb(125, 157, 1);\" tabnumber\u003d\"0\" tagorder\u003d\"0\"\u003e02 Aug 2017\u003c/fecha_vencimiento\u003e\u003c/div\u003e\n\n\u003cdiv\u003e\u003ccash_delivery begin\u003d\"580\" class\u003d\"extraction-tag ml-tag\" confidence\u003d\"1/18\" data-value\u003d\"Delivery\" end\u003d\"588\" ml-tagorder\u003d\"0\" score\u003d\"0.6773280293322822\" style\u003d\"border: 2px solid rgb(125, 157, 1);\" tabnumber\u003d\"0\" tagorder\u003d\"0\"\u003eDelivery\u003c/cash_delivery\u003e\u003c/div\u003e\n\n\u003cdiv\u003eFri \u003cfecha_pago_vencimiento begin\u003d\"593\" class\u003d\"extraction-tag ml-tag\" confidence\u003d\"1/18\" data-value\u003d\"04 Aug 2017\" end\u003d\"604\" ml-tagorder\u003d\"0\" score\u003d\"0.6683343407773233\" style\u003d\"border: 2px solid rgb(125, 157, 1);\" tabnumber\u003d\"0\" tagorder\u003d\"0\"\u003e04 Aug 2017\u003c/fecha_pago_vencimiento\u003e\u003c/div\u003e\n\n\u003cdiv\u003eCut\u003c/div\u003e\n\n\u003cdiv\u003eNY 10:00\u003c/div\u003e\n\n\u003cdiv\u003eStyle\u003c/div\u003e\n\n\u003cdiv\u003eEuropean\u003c/div\u003e\n\n\u003cdiv\u003eStrike\u003c/div\u003e\n\n\u003cdiv\u003e\u003cstrike_ begin\u003d\"640\" class\u003d\"extraction-tag ml-tag\" confidence\u003d\"1/18\" data-value\u003d\"1.3300\" end\u003d\"646\" ml-tagorder\u003d\"0\" score\u003d\"0.7192652094905502\" style\u003d\"border: 2px solid rgb(125, 157, 1);\" tabnumber\u003d\"0\" tagorder\u003d\"0\"\u003e1.3300\u003c/strike_\u003e\u003c/div\u003e\n\n\u003cdiv\u003ePrice\u003c/div\u003e\n\n\u003cdiv\u003e\u003cprecio begin\u003d\"653\" class\u003d\"extraction-tag ml-tag\" confidence\u003d\"1/18\" data-value\u003d\"USD 