{"finalScore":0.7037353986181585,"sumScore":9.14856018203606,"tagsCounter":13.0,"taggedText":"\u003cdocument\u003eThis summary is for information purposes only and does not create any legal binding obligations on Ilbfobrc Cwzy CT and its affiliates (together \u0026quot;DB\u0026quot;) BuySell Client \u003cestrategia begin\u003d\"166\" class\u003d\"extraction-tag ml-tag\" confidence\u003d\"1/14\" data-value\u003d\"Buys\" end\u003d\"170\" ml-tagorder\u003d\"0\" score\u003d\"0.6962202059251378\" style\u003d\"border: 2px solid rgb(125, 157, 1);\" tabnumber\u003d\"0\" tagorder\u003d\"0\"\u003eBuys\u003c/estrategia\u003e Currency1 \u003cdivisa1 begin\u003d\"181\" class\u003d\"extraction-tag ml-tag\" confidence\u003d\"1/14\" data-value\u003d\"GBP\" end\u003d\"184\" ml-tagorder\u003d\"0\" score\u003d\"0.5644813136778583\" style\u003d\"border: 2px solid rgb(125, 157, 1);\" tabnumber\u003d\"0\" tagorder\u003d\"0\"\u003eGBP\u003c/divisa1\u003e CP \u003copcion1 begin\u003d\"188\" class\u003d\"extraction-tag ml-tag\" confidence\u003d\"1/14\" data-value\u003d\"Put\" end\u003d\"191\" ml-tagorder\u003d\"0\" score\u003d\"0.694190691887102\" style\u003d\"border: 2px solid rgb(125, 157, 1);\" tabnumber\u003d\"0\" tagorder\u003d\"0\"\u003ePut\u003c/opcion1\u003e Notional1 \u003cnominal1 begin\u003d\"202\" class\u003d\"extraction-tag ml-tag\" confidence\u003d\"1/14\" data-value\u003d\"10,000,000\" end\u003d\"212\" ml-tagorder\u003d\"0\" score\u003d\"0.6819868611855944\" style\u003d\"border: 2px solid rgb(125, 157, 1);\" tabnumber\u003d\"0\" tagorder\u003d\"0\"\u003e10,000,000\u003c/nominal1\u003e Currency2 \u003cdivisa2 begin\u003d\"223\" class\u003d\"extraction-tag ml-tag\" confidence\u003d\"1/14\" data-value\u003d\"CHF\" end\u003d\"226\" ml-tagorder\u003d\"0\" score\u003d\"0.6407074100988169\" style\u003d\"border: 2px solid rgb(125, 157, 1);\" tabnumber\u003d\"0\" tagorder\u003d\"0\"\u003eCHF\u003c/divisa2\u003e Notional2 \u003cnominal2 begin\u003d\"237\" class\u003d\"extraction-tag ml-tag\" confidence\u003d\"1/14\" data-value\u003d\"-12,850,000\" end\u003d\"248\" ml-tagorder\u003d\"0\" score\u003d\"0.7172248350726972\" style\u003d\"border: 2px solid rgb(125, 157, 1);\" tabnumber\u003d\"0\" tagorder\u003d\"0\"\u003e-12,850,000\u003c/nominal2\u003e Strike \u003cstrike_ begin\u003d\"256\" class\u003d\"extraction-tag ml-tag\" confidence\u003d\"1/14\" data-value\u003d\"1.285\" end\u003d\"261\" ml-tagorder\u003d\"0\" score\u003d\"0.7968701910336166\" style\u003d\"border: 2px solid rgb(125, 157, 1);\" tabnumber\u003d\"0\" tagorder\u003d\"0\"\u003e1.285\u003c/strike_\u003e ZoneCut NY: 10:00 hours (Local time in New York) ExpiryDate Mon \u003cfecha_vencimiento begin\u003d\"326\" class\u003d\"extraction-tag ml-tag\" confidence\u003d\"1/14\" data-value\u003d\"20 November 2017\" end\u003d\"342\" ml-tagorder\u003d\"0\" score\u003d\"0.7417525548398737\" style\u003d\"border: 2px solid rgb(125, 157, 1);\" tabnumber\u003d\"0\" tagorder\u003d\"0\"\u003e20 November 2017\u003c/fecha_vencimiento\u003e SettlementDate Wed \u003cfecha_pago_vencimiento begin\u003d\"362\" class\u003d\"extraction-tag ml-tag\" confidence\u003d\"1/14\" data-value\u003d\"22 November 2017\" end\u003d\"378\" ml-tagorder\u003d\"0\" score\u003d\"0.7392543706288168\" style\u003d\"border: 2px solid rgb(125, 157, 1);\" tabnumber\u003d\"0\" tagorder\u003d\"0\"\u003e22 November 2017\u003c/fecha_pago_vencimiento\u003e FixingReference \u003cspot_forward begin\u003d\"395\" class\u003d\"extraction-tag ml-tag\" confidence\u003d\"1/14\" data-value\u003d\"SPOT\" end\u003d\"399\" ml-tagorder\u003d\"0\" score\u003d\"0.7396850978577793\" style\u003d\"border: 2px solid rgb(125, 157, 1);\" tabnumber\u003d\"0\" tagorder\u003d\"0\"\u003eSPOT\u003c/spot_forward\u003e Premium \u003cprima begin\u003d\"408\" class\u003d\"extraction-tag ml-tag\" confidence\u003d\"1/14\" data-value\u003d\"9,000\" end\u003d\"413\" ml-tagorder\u003d\"0\" score\u003d\"0.6932524150779767\" style\u003d\"border: 2px solid rgb(125, 157, 1);\" tabnumber\u003d\"0\" tagorder\u003d\"0\"\u003e9,000\u003c/prima\u003e PremiumTerms \u003cdivisa_prima begin\u003d\"427\" class\u003d\"extraction-tag ml-tag\" confidence\u003d\"1/14\" data-value\u003d\"GBP\" end\u003d\"430\" ml-tagorder\u003d\"0\" score\u003d\"0.7226717173691983\" style\u003d\"border: 2px solid rgb(125, 157, 1);\" tabnumber\u003d\"0\" tagorder\u003d\"0\"\u003eGBP\u003c/divisa_prima\u003e PremiumDate Fri \u003cfecha_pago_prima begin\u003d\"447\" class\u003d\"extraction-tag ml-tag\" confidence\u003d\"1/14\" data-value\u003d\"10 November 2017\" end\u003d\"463\" ml-tagorder\u003d\"0\" score\u003d\"0.7202625173815933\" style\u003d\"border: 2px solid rgb(125, 157, 1);\" tabnumber\u003d\"0\" tagorder\u003d\"0\"\u003e10 November 2017\u003c/fecha_pago_prima\u003e DatabaseID 1569945210 TradeType FxEuroOpt Client BANCO SANTANDER SA BuySell Client Buys Currency1 GBP Notional1 750,000 Currency2 CHF Notional2 -981,825 SettlementDate Fri 10 November 2017 SpotRate 1.3091 DatabaseID 1569945212 TradeType FxSpot Client BANCO SANTANDER SA This summary is for information purposes only and does not create any legal binding obligations on Ilbfobrc Cwzy CT and its affiliates (together \u0026quot;DB\u0026quot;), or constitute an offer, an invitation to offer, or a recommendation to enter into any transaction. This information does not constitute a confirmation of any transactions and you should rely solely on the final confirmation documentation relating to the transaction and not the summary contained herein. In the event of any disparity between this information and the confirmation, the confirmation will prevail. To the fullest extent permitted by law, DB makes no representations or warranties of any kind whatsoever for the reliability, accuracy or completeness of this information. Any reliance that you place on this information is at your own risk. DB DISCLAIMS ALL LIABILITY FOR DIRECT, INDIRECT, CONSEQUENTIAL OR OTHER LOSSES OR DAMAGES (HOWEVER CAUSED), INCLUDING BUT NOT LIMITED TO LOSS OF PROFITS, THAT MAY ARISE FROM ANY RELIANCE ON THIS INFORMATION OR FOR THE RELIABILITY, ACCURACY, COMPLETENESS OR TIMELINESS THEREOF, OR FOR ANY DELAYS OR ERRORS IN THE TRANSMISSION OR DELIVERY OF THIS INFORMATION. Gianfranco Polloni, Director - Global Finance \u0026amp; Foreign Exchange Derivatives, Ilbfobrc Cwzy CT, London Direct Line: + 44 20 7545 9685 РІР\u0026sbquo;вЂњ Mobile: +44 750 78 58 988 РІР\u0026sbquo;вЂњ Fax : +44 113 336 1320 РІР\u0026sbquo;вЂњ Dealing Code : DEAL Disclaimer: This material was prepared by a Sales or Trading function within Deutsche Bank AG or one of its affiliates (collectively РІР\u0026sbquo;СљDeutsche BankРІР\u0026sbquo;Сњ), and was not produced, reviewed or edited by the Research Department. Any opinions expressed herein may differ from the opinions expressed by other Deutsche Bank departments including the Research Department. This material is intended for your personal use and Deutsche Bank is not soliciting the purchase or sale of any security or transaction, or participation in any particular trading strategy. This material, and the information contained therein, does not constitute the provision of investment advice. Sales and Trading functions are subject to additional potential conflicts of interest which the Research Department does not face. Deutsche Bank may engage in transactions in a manner inconsistent with the views discussed herein. Deutsche Bank trades or may trade as principal in the instruments (or related derivatives), and may have proprietary positions in the instruments (or related derivatives) discussed herein. Deutsche Bank may make a market in the instruments (or related derivatives) discussed herein. Sales and Trading personnel are compensated in part based on the volume of transactions effected by them. Assumptions, estimates and opinions expressed constitute the authorРІР\u0026sbquo;в\u0026bdquo;ўs judgement as of the date of this material and are subject to change without notice. Past 