{"finalScore":0.7181837459074294,"sumScore":18.672777393593165,"tagsCounter":26.0,"taggedText":"\u003cdocument\u003eBuenas tardes, 17,550,305 17,550,360 17,550,650 17,550,656 Santander Madrid \u003cestrategia begin\u003d\"76\" class\u003d\"extraction-tag ml-tag\" confidence\u003d\"1/14\" data-value\u003d\"sells\" end\u003d\"81\" ml-tagorder\u003d\"0\" score\u003d\"0.5326488662678606\" style\u003d\"border: 2px solid rgb(125, 157, 1);\" tabnumber\u003d\"0\" tagorder\u003d\"0\"\u003esells\u003c/estrategia\u003e \u003cnominal1 begin\u003d\"82\" class\u003d\"extraction-tag ml-tag\" confidence\u003d\"1/14\" data-value\u003d\"15mios\" end\u003d\"88\" ml-tagorder\u003d\"0\" score\u003d\"0.6473857531211602\" style\u003d\"border: 2px solid rgb(125, 157, 1);\" tabnumber\u003d\"0\" tagorder\u003d\"0\"\u003e15mios\u003c/nominal1\u003e \u003copcion2 begin\u003d\"89\" class\u003d\"extraction-tag ml-tag\" confidence\u003d\"1/14\" data-value\u003d\"USDPutMXNCall\" end\u003d\"102\" ml-tagorder\u003d\"0\" score\u003d\"0.8870874614476034\" style\u003d\"border: 2px solid rgb(125, 157, 1);\" tabnumber\u003d\"0\" tagorder\u003d\"0\"\u003e\u003copcion1 begin\u003d\"89\" class\u003d\"extraction-tag ml-tag\" confidence\u003d\"1/14\" data-value\u003d\"USDPutMXNCall\" end\u003d\"102\" ml-tagorder\u003d\"0\" score\u003d\"0.8840973057870722\" style\u003d\"border: 2px solid rgb(125, 157, 1);\" tabnumber\u003d\"0\" tagorder\u003d\"0\"\u003e\u003cdivisa2 begin\u003d\"89\" class\u003d\"extraction-tag ml-tag\" confidence\u003d\"1/14\" data-value\u003d\"USDPutMXNCall\" end\u003d\"102\" ml-tagorder\u003d\"0\" score\u003d\"0.857524371142294\" style\u003d\"border: 2px solid rgb(125, 157, 1);\" tabnumber\u003d\"0\" tagorder\u003d\"0\"\u003e\u003cdivisa1 begin\u003d\"89\" class\u003d\"extraction-tag ml-tag\" confidence\u003d\"1/14\" data-value\u003d\"USDPutMXNCall\" end\u003d\"102\" ml-tagorder\u003d\"0\" score\u003d\"0.8090862164487245\" style\u003d\"border: 2px solid rgb(125, 157, 1);\" tabnumber\u003d\"0\" tagorder\u003d\"0\"\u003eUSDPutMXNCall\u003c/divisa1\u003e\u003c/divisa2\u003e\u003c/opcion1\u003e\u003c/opcion2\u003e \u003cfecha_vencimiento begin\u003d\"103\" class\u003d\"extraction-tag ml-tag\" confidence\u003d\"1/14\" data-value\u003d\"07mar/09mar\" end\u003d\"114\" ml-tagorder\u003d\"0\" score\u003d\"0.8109803719364004\" style\u003d\"border: 2px solid rgb(125, 157, 1);\" tabnumber\u003d\"0\" tagorder\u003d\"0\"\u003e\u003cfecha_pago_vencimiento begin\u003d\"103\" class\u003d\"extraction-tag ml-tag\" confidence\u003d\"1/14\" data-value\u003d\"07mar/09mar\" end\u003d\"114\" ml-tagorder\u003d\"0\" score\u003d\"0.7662945563791504\" style\u003d\"border: 2px solid rgb(125, 157, 1);\" tabnumber\u003d\"0\" tagorder\u003d\"0\"\u003e07mar/09mar\u003c/fecha_pago_vencimiento\u003e\u003c/fecha_vencimiento\u003e \u003cstrike_ begin\u003d\"115\" class\u003d\"extraction-tag ml-tag\" confidence\u003d\"1/14\" data-value\u003d\"19.50\" end\u003d\"120\" ml-tagorder\u003d\"0\" score\u003d\"0.6766710623629419\" style\u003d\"border: 2px solid rgb(125, 157, 1);\" tabnumber\u003d\"0\" tagorder\u003d\"0\"\u003e19.50\u003c/strike_\u003e; \u003cspot_forward begin\u003d\"122\" class\u003d\"extraction-tag ml-tag\" confidence\u003d\"1/14\" data-value\u003d\"fwd\" end\u003d\"125\" ml-tagorder\u003d\"0\" score\u003d\"0.6499230764569535\" style\u003d\"border: 2px solid rgb(125, 157, 1);\" tabnumber\u003d\"0\" tagorder\u003d\"0\"\u003efwd\u003c/spot_forward\u003e Prem \u003cprima begin\u003d\"131\" class\u003d\"extraction-tag ml-tag\" confidence\u003d\"1/14\" data-value\u003d\"2.0562%USD\" end\u003d\"141\" ml-tagorder\u003d\"0\" score\u003d\"0.5205924339797916\" style\u003d\"border: 2px solid rgb(125, 157, 1);\" tabnumber\u003d\"0\" tagorder\u003d\"0\"\u003e\u003cprecio begin\u003d\"131\" class\u003d\"extraction-tag ml-tag\" confidence\u003d\"1/14\" data-value\u003d\"2.0562%USD\" end\u003d\"141\" ml-tagorder\u003d\"0\" score\u003d\"0.7300173669193721\" style\u003d\"border: 2px solid rgb(125, 157, 1);\" tabnumber\u003d\"0\" tagorder\u003d\"0\"\u003e2.0562%\u003cdivisa_prima begin\u003d\"138\" class\u003d\"extraction-tag ml-tag\" confidence\u003d\"1/14\" data-value\u003d\"USD\" end\u003d\"141\" ml-tagorder\u003d\"0\" score\u003d\"0.6741472084269923\" style\u003d\"border: 2px solid rgb(125, 157, 1);\" tabnumber\u003d\"0\" tagorder\u003d\"0\"\u003eUSD\u003c/divisa_prima\u003e\u003c/precio\u003e\u003c/prima\u003e \u003cestrategia begin\u003d\"142\" class\u003d\"extraction-tag ml-tag\" confidence\u003d\"1/14\" data-value\u003d\"buys\" end\u003d\"146\" ml-tagorder\u003d\"1\" score\u003d\"0.5983125576967071\" style\u003d\"border: 2px solid rgb(125, 157, 1);\" tabnumber\u003d\"1\" tagorder\u003d\"1\"\u003ebuys\u003c/estrategia\u003e \u003cnominal1 begin\u003d\"147\" class\u003d\"extraction-tag ml-tag\" confidence\u003d\"1/14\" data-value\u003d\"10mios\" end\u003d\"153\" ml-tagorder\u003d\"1\" score\u003d\"0.6913472835423083\" style\u003d\"border: 2px solid rgb(125, 157, 1);\" tabnumber\u003d\"1\" tagorder\u003d\"1\"\u003e10mios\u003c/nominal1\u003e \u003copcion2 begin\u003d\"154\" class\u003d\"extraction-tag ml-tag\" confidence\u003d\"1/14\" data-value\u003d\"USDPutMXNCall\" end\u003d\"167\" ml-tagorder\u003d\"1\" score\u003d\"0.8178118546426544\" style\u003d\"border: 2px solid rgb(125, 157, 1);\" tabnumber\u003d\"1\" tagorder\u003d\"1\"\u003e\u003copcion1 begin\u003d\"154\" class\u003d\"extraction-tag ml-tag\" confidence\u003d\"1/14\" data-value\u003d\"USDPutMXNCall\" end\u003d\"167\" ml-tagorder\u003d\"1\" score\u003d\"0.7922903149546919\" style\u003d\"border: 2px solid rgb(125, 157, 1);\" tabnumber\u003d\"1\" tagorder\u003d\"1\"\u003e\u003cdivisa2 begin\u003d\"154\" class\u003d\"extraction-tag ml-tag\" confidence\u003d\"1/14\" data-value\u003d\"USDPutMXNCall\" end\u003d\"167\" ml-tagorder\u003d\"1\" score\u003d\"0.7818219556805388\" style\u003d\"border: 2px solid rgb(125, 157, 1);\" tabnumber\u003d\"1\" tagorder\u003d\"1\"\u003e\u003cdivisa1 begin\u003d\"154\" class\u003d\"extraction-tag ml-tag\" confidence\u003d\"1/14\" data-value\u003d\"USDPutMXNCall\" end\u003d\"167\" ml-tagorder\u003d\"1\" score\u003d\"0.7232528982397736\" style\u003d\"border: 2px solid rgb(125, 157, 1);\" tabnumber\u003d\"1\" tagorder\u003d\"1\"\u003eUSDPutMXNCall\u003c/divisa1\u003e\u003c/divisa2\u003e\u003c/opcion1\u003e\u003c/opcion2\u003e \u003cfecha_vencimiento begin\u003d\"168\" class\u003d\"extraction-tag ml-tag\" confidence\u003d\"1/14\" data-value\u003d\"25jun/27jun\" end\u003d\"179\" ml-tagorder\u003d\"1\" score\u003d\"0.8261186929185472\" style\u003d\"border: 2px solid rgb(125, 157, 1);\" tabnumber\u003d\"1\" tagorder\u003d\"1\"\u003e\u003cfecha_pago_vencimiento begin\u003d\"168\" class\u003d\"extraction-tag ml-tag\" confidence\u003d\"1/14\" data-value\u003d\"25jun/27jun\" end\u003d\"179\" ml-tagorder\u003d\"1\" score\u003d\"0.8633969260683708\" style\u003d\"border: 2px solid rgb(125, 157, 1);\" tabnumber\u003d\"1\" tagorder\u003d\"1\"\u003e25jun/27jun\u003c/fecha_pago_vencimiento\u003e\u003c/fecha_vencimiento\u003e \u003cstrike_ begin\u003d\"180\" class\u003d\"extraction-tag ml-tag\" confidence\u003d\"1/14\" data-value\u003d\"19.50\" end\u003d\"185\" ml-tagorder\u003d\"1\" score\u003d\"0.6999076556759761\" style\u003d\"border: 2px solid rgb(125, 157, 1);\" tabnumber\u003d\"1\" tagorder\u003d\"1\"\u003e19.50\u003c/strike_\u003e; \u003cspot_forward begin\u003d\"187\" class\u003d\"extraction-tag ml-tag\" confidence\u003d\"1/14\" data-value\u003d\"fwd\" end\u003d\"190\" ml-tagorder\u003d\"1\" score\u003d\"0.6499159447242738\" style\u003d\"border: 2px solid rgb(125, 157, 1);\" tabnumber\u003d\"1\" tagorder\u003d\"1\"\u003efwd\u003c/spot_forward\u003e Prem \u003cprima begin\u003d\"196\" class\u003d\"extraction-tag ml-tag\" confidence\u003d\"1/14\" data-value\u003d\"2.7063%USD\" end\u003d\"206\" ml-tagorder\u003d\"1\" score\u003d\"0.5101290292999288\" style\u003d\"border: 2px solid rgb(125, 157, 1);\" tabnumber\u003d\"1\" 