{"finalScore":0.6768675409104973,"sumScore":12.860483277299448,"tagsCounter":19.0,"taggedText":"\u003cdocument\u003e\u003cstyle type\u003d\"text/css\"\u003e\u003c/style\u003e\u003cdiv\u003e\u003cdiv\u003e\u003ctable style\u003d\"user-select: auto;\"\u003e\u003ctbody\u003e\u003ctr\u003e\u003ctd\u003e\u003cdiv\u003e\u003cstrong\u003e\u003cem\u003e\u003c/em\u003e\u003c/strong\u003e\u003c/div\u003e\u003cdiv\u003e\u003cmeta content\u003d\"text-html; charset\u003dutf-8\"\u003e\u003c/meta\u003e\u003cbase\u003e\u003c/base\u003eVAT Registered Number 766 0854 05\u003c/div\u003e\n\n\u003c/td\u003e \n \n\u003ctd\u003e\u003ctable style\u003d\"user-select: auto;\"\u003e\u003ctbody\u003e\u003ctr\u003e\u003ctd\u003e\u003cdiv\u003eBeaufort House\u003c/div\u003e\n\n\u003cdiv\u003e15 St. Botolph Street\u003c/div\u003e\n\n\u003cdiv\u003eLondon EC3A 7QX\u003c/div\u003e\n\n\u003cdiv\u003eTel: 020 7198 1500\u003c/div\u003e\n\n\u003c/td\u003e \n \n\u003c/tr\u003e \n \n\u003c/tbody\u003e\u003c/table\u003e\n\n\u003c/td\u003e \n \n\u003c/tr\u003e \n \n\u003ctr\u003e\u003ctd colspan\u003d\"3\"\u003e\u003cdiv\u003e\u003cstrong\u003e\u003cem\u003eCURRENCY OPTION CONFIRMATION\u003c/em\u003e\u003c/strong\u003e\u003c/div\u003e\n\n\u003c/td\u003e \n \n\u003c/tr\u003e \n \n\u003c/tbody\u003e\u003c/table\u003e\n\n\u003cdiv\u003e\u003ctable style\u003d\"user-select: auto;\"\u003e\u003ctbody\u003e\u003ctr\u003e\u003ctd\u003e\u003cdiv\u003eBanco Santander Madrid\u003c/div\u003e\n\n\u003c/td\u003e \n \n\u003ctd\u003e\u003cdiv\u003e\u003cstrong\u003eTFS Ref\u003c/strong\u003e\u003c/div\u003e\n\n\u003cdiv\u003e\u003cstrong\u003ePage\u003c/strong\u003e\u003c/div\u003e\n\n\u003cdiv\u003eDate\u003c/div\u003e\n\n\u003cdiv\u003eTime\u003c/div\u003e\n\n\u003cdiv\u003eTrader\u003c/div\u003e\n\n\u003c/td\u003e \n \n\u003ctd\u003e\u003cdiv\u003e\u003cstrong\u003e: 2598161/0/00\u003c/strong\u003e\u003c/div\u003e\n\n\u003cdiv\u003e\u003cstrong\u003e: \u003cspan\u003e1\u003c/span\u003e of 1\u003c/strong\u003e\u003c/div\u003e\n\n\u003cdiv\u003e: \u003cfecha_inicio begin\u003d\"250\" class\u003d\"extraction-tag ml-tag\" confidence\u003d\"1/19\" data-value\u003d\"03 Aug 2017\" end\u003d\"261\" ml-tagorder\u003d\"0\" score\u003d\"0.8054476696551836\" style\u003d\"border: 2px solid rgb(125, 157, 1);\" tabnumber\u003d\"0\" tagorder\u003d\"0\"\u003e03 Aug 2017\u003c/fecha_inicio\u003e\u003c/div\u003e\n\n\u003cdiv\u003e: 10:24:21 (UTC)\u003c/div\u003e\n\n\u003cdiv\u003e: Howard Buckley\u003c/div\u003e\n\n\u003c/td\u003e \n \n\u003c/tr\u003e \n \n\u003c/tbody\u003e\u003c/table\u003e\n\n\u003c/div\u003e\n\n\u003cdiv\u003e\u003ctable style\u003d\"user-select: auto;\"\u003e\u003ctbody\u003e\u003ctr\u003e\u003ctd\u003e\u003cdiv\u003eEmail:\u003c/div\u003e\n\n\u003c/td\u003e \n \n\u003ctd\u003e\u003cdiv\u003efxoptionsmadrid@gruposantander.com\u003c/div\u003e\n\n\u003c/td\u003e \n \n\u003ctd\u003e\u003cdiv\u003eExtDlvry:\u003c/div\u003e\n\n\u003c/td\u003e \n \n\u003ctd\u003e\u003cdiv\u003eNot Applicable\u003c/div\u003e\n\n\u003c/td\u003e \n \n\u003c/tr\u003e \n \n\u003c/tbody\u003e\u003c/table\u003e\n\n\u003c/div\u003e\n\n\u003c/div\u003e\n\n\u003c/div\u003e\n\n\u003cdiv\u003e\u003ctable style\u003d\"user-select: auto;\"\u003e\u003ctbody\u003e\u003ctr\u003e\u003ctd\u003e\u003cstrong\u003eSef Reportable\u003c/strong\u003e\u003c/td\u003e \n \n\u003c/tr\u003e \n \n\u003c/tbody\u003e\u003c/table\u003e\n\n\u003c/div\u003e\n\n\u003cdiv\u003eNo\u003c/div\u003e\n\n\u003cdiv\u003e\u003ctable style\u003d\"user-select: auto;\"\u003e\u003ctbody\u003e\u003ctr\u003e\u003ctd\u003e\u003cstrong\u003eOption Details\u003c/strong\u003e\u003c/td\u003e \n \n\u003c/tr\u003e \n \n\u003c/tbody\u003e\u003c/table\u003e\n\n\u003c/div\u003e\n\n\u003cdiv\u003eBuyer\u003c/div\u003e\n\n\u003cdiv\u003e\u003ccontrapartida begin\u003d\"432\" class\u003d\"extraction-tag ml-tag\" confidence\u003d\"1/19\" data-value\u003d\"Jafpynv Lljsy Ohwpclbyxfvag\" end\u003d\"459\" ml-tagorder\u003d\"0\" score\u003d\"0.633525869542078\" style\u003d\"border: 2px solid rgb(125, 157, 1);\" tabnumber\u003d\"0\" tagorder\u003d\"0\"\u003eJafpynv Lljsy Ohwpclbyxfvag\u003c/contrapartida\u003e\u003c/div\u003e\n\n\u003cdiv\u003e\u003cestrategia begin\u003d\"460\" class\u003d\"extraction-tag ml-tag\" confidence\u003d\"1/19\" data-value\u003d\"Seller\" end\u003d\"466\" ml-tagorder\u003d\"0\" score\u003d\"0.5755619080848922\" style\u003d\"border: 2px solid rgb(125, 157, 1);\" tabnumber\u003d\"0\" tagorder\u003d\"0\"\u003eSeller\u003c/estrategia\u003e\u003c/div\u003e\n\n\u003cdiv\u003eBanco Santander Madrid\u003c/div\u003e\n\n\u003cdiv\u003eCcy vs Ccy\u003c/div\u003e\n\n\u003cdiv\u003e\u003cdivisa1 begin\u003d\"501\" class\u003d\"extraction-tag ml-tag\" confidence\u003d\"1/19\" data-value\u003d\"EUR\" end\u003d\"504\" ml-tagorder\u003d\"0\" score\u003d\"0.5879185953728758\" style\u003d\"border: 2px solid rgb(125, 157, 1);\" tabnumber\u003d\"0\" tagorder\u003d\"0\"\u003eEUR\u003c/divisa1\u003e vs \u003cdivisa2 begin\u003d\"508\" class\u003d\"extraction-tag ml-tag\" confidence\u003d\"1/19\" data-value\u003d\"USD\" end\u003d\"511\" ml-tagorder\u003d\"0\" score\u003d\"0.6900982579845548\" style\u003d\"border: 2px solid rgb(125, 157, 1);\" tabnumber\u003d\"0\" tagorder\u003d\"0\"\u003eUSD\u003c/divisa2\u003e\u003c/div\u003e\n\n\u003cdiv\u003eOption\u003c/div\u003e\n\n\u003cdiv\u003eEUR \u003copcion1 begin\u003d\"523\" class\u003d\"extraction-tag ml-tag\" confidence\u003d\"1/19\" data-value\u003d\"Put\" end\u003d\"526\" ml-tagorder\u003d\"0\" score\u003d\"0.7165047016705259\" style\u003d\"border: 2px solid rgb(125, 157, 1);\" tabnumber\u003d\"0\" tagorder\u003d\"0\"\u003ePut\u003c/opcion1\u003e\u003c/div\u003e\n\n\u003cdiv\u003eAmount\u003c/div\u003e\n\n\u003cdiv\u003eEUR \u003cnominal2 begin\u003d\"538\" class\u003d\"extraction-tag ml-tag\" confidence\u003d\"1/19\" data-value\u003d\"50,000,000\" end\u003d\"548\" ml-tagorder\u003d\"0\" score\u003d\"0.5173175445439092\" style\u003d\"border: 2px solid rgb(125, 157, 1);\" tabnumber\u003d\"0\" tagorder\u003d\"0\"\u003e\u003cnominal1 begin\u003d\"538\" class\u003d\"extraction-tag ml-tag\" confidence\u003d\"1/19\" data-value\u003d\"50,000,000\" end\u003d\"548\" ml-tagorder\u003d\"0\" score\u003d\"0.6890158938079809\" style\u003d\"border: 2px solid rgb(125, 157, 1);\" tabnumber\u003d\"0\" tagorder\u003d\"0\"\u003e50,000,000\u003c/nominal1\u003e\u003c/nominal2\u003e\u003c/div\u003e\n\n\u003cdiv\u003eExpiry\u003c/div\u003e\n\n\u003cdiv\u003eWed \u003cfecha_vencimiento begin\u003d\"560\" class\u003d\"extraction-tag ml-tag\" confidence\u003d\"1/19\" data-value\u003d\"23 Aug 2017\" end\u003d\"571\" ml-tagorder\u003d\"0\" score\u003d\"0.7406905786328478\" style\u003d\"border: 2px solid rgb(125, 157, 1);\" tabnumber\u003d\"0\" tagorder\u003d\"0\"\u003e23 Aug 2017\u003c/fecha_vencimiento\u003e\u003c/div\u003e\n\n\u003cdiv\u003e\u003ccash_delivery begin\u003d\"572\" class\u003d\"extraction-tag ml-tag\" confidence\u003d\"1/19\" data-value\u003d\"Delivery\" end\u003d\"580\" ml-tagorder\u003d\"0\" score\u003d\"0.6662222549505622\" style\u003d\"border: 2px solid rgb(125, 157, 1);\" tabnumber\u003d\"0\" tagorder\u003d\"0\"\u003eDelivery\u003c/cash_delivery\u003e\u003c/div\u003e\n\n\u003cdiv\u003eFri \u003cfecha_pago_vencimiento begin\u003d\"585\" class\u003d\"extraction-tag ml-tag\" confidence\u003d\"1/19\" data-value\u003d\"25 Aug 2017\" end\u003d\"596\" ml-tagorder\u003d\"0\" score\u003d\"0.7237078034204409\" style\u003d\"border: 2px solid rgb(125, 157, 1);\" tabnumber\u003d\"0\" tagorder\u003d\"0\"\u003e25 Aug 2017\u003c/fecha_pago_vencimiento\u003e\u003c/div\u003e\n\n\u003cdiv\u003eCut\u003c/div\u003e\n\n\u003cdiv\u003eNY 10:00\u003c/div\u003e\n\n\u003cdiv\u003eStyle\u003c/div\u003e\n\n\u003cdiv\u003eEuropean\u003c/div\u003e\n\n\u003cdiv\u003eStrike\u003c/div\u003e\n\n\u003cdiv\u003e\u003cstrike_ begin\u003d\"632\" class\u003d\"extraction-tag ml-tag\" confidence\u003d\"1/19\" data-value\u003d\"1.1875\" end\u003d\"638\" ml-tagorder\u003d\"0\" 