{"finalScore":0.6863496730286707,"sumScore":12.354294114516073,"tagsCounter":18.0,"taggedText":"\u003cdocument\u003e\u003cstyle type\u003d\"text/css\"\u003e\u003c/style\u003e\u003cdiv\u003e\u003cdiv\u003e\u003ctable style\u003d\"user-select: auto;\"\u003e\u003ctbody\u003e\u003ctr\u003e\u003ctd\u003e\u003cdiv\u003e\u003cstrong\u003e\u003cem\u003e\u003c/em\u003e\u003c/strong\u003e\u003c/div\u003e\u003cdiv\u003e\u003cmeta content\u003d\"text-html; charset\u003dutf-8\"\u003e\u003c/meta\u003e\u003cbase\u003e\u003c/base\u003eVAT Registered Number 766 0854 05\u003c/div\u003e\n\n\u003c/td\u003e \n \n\u003ctd\u003e\u003ctable style\u003d\"user-select: auto;\"\u003e\u003ctbody\u003e\u003ctr\u003e\u003ctd\u003e\u003cdiv\u003eBeaufort House\u003c/div\u003e\n\n\u003cdiv\u003e15 St. Botolph Street\u003c/div\u003e\n\n\u003cdiv\u003eLondon EC3A 7QX\u003c/div\u003e\n\n\u003cdiv\u003eTel: 020 7198 1500\u003c/div\u003e\n\n\u003c/td\u003e \n \n\u003c/tr\u003e \n \n\u003c/tbody\u003e\u003c/table\u003e\n\n\u003c/td\u003e \n \n\u003c/tr\u003e \n \n\u003ctr\u003e\u003ctd colspan\u003d\"3\"\u003e\u003cdiv\u003e\u003cstrong\u003e\u003cem\u003eCURRENCY OPTION CONFIRMATION\u003c/em\u003e\u003c/strong\u003e\u003c/div\u003e\n\n\u003c/td\u003e \n \n\u003c/tr\u003e \n \n\u003c/tbody\u003e\u003c/table\u003e\n\n\u003cdiv\u003e\u003ctable style\u003d\"user-select: auto;\"\u003e\u003ctbody\u003e\u003ctr\u003e\u003ctd\u003e\u003cdiv\u003eBanco Santander Madrid\u003c/div\u003e\n\n\u003c/td\u003e \n \n\u003ctd\u003e\u003cdiv\u003e\u003cstrong\u003eTFS Ref\u003c/strong\u003e\u003c/div\u003e\n\n\u003cdiv\u003e\u003cstrong\u003ePage\u003c/strong\u003e\u003c/div\u003e\n\n\u003cdiv\u003eDate\u003c/div\u003e\n\n\u003cdiv\u003eTime\u003c/div\u003e\n\n\u003cdiv\u003eTrader\u003c/div\u003e\n\n\u003c/td\u003e \n \n\u003ctd\u003e\u003cdiv\u003e\u003cstrong\u003e: 2617131/0/00\u003c/strong\u003e\u003c/div\u003e\n\n\u003cdiv\u003e\u003cstrong\u003e: \u003cspan\u003e1\u003c/span\u003e of 1\u003c/strong\u003e\u003c/div\u003e\n\n\u003cdiv\u003e: \u003cfecha_inicio begin\u003d\"250\" class\u003d\"extraction-tag ml-tag\" confidence\u003d\"1/19\" data-value\u003d\"21 Nov 2017\" end\u003d\"261\" ml-tagorder\u003d\"0\" score\u003d\"0.8040529698138087\" style\u003d\"border: 2px solid rgb(125, 157, 1);\" tabnumber\u003d\"0\" tagorder\u003d\"0\"\u003e21 Nov 2017\u003c/fecha_inicio\u003e\u003c/div\u003e\n\n\u003cdiv\u003e: 08:33:58 (UTC)\u003c/div\u003e\n\n\u003cdiv\u003e: Howard Buckley\u003c/div\u003e\n\n\u003c/td\u003e \n \n\u003c/tr\u003e \n \n\u003c/tbody\u003e\u003c/table\u003e\n\n\u003c/div\u003e\n\n\u003cdiv\u003e\u003ctable style\u003d\"user-select: auto;\"\u003e\u003ctbody\u003e\u003ctr\u003e\u003ctd\u003e\u003cdiv\u003eEmail:\u003c/div\u003e\n\n\u003c/td\u003e \n \n\u003ctd\u003e\u003cdiv\u003efxoptionsmadrid@gruposantander.com\u003c/div\u003e\n\n\u003c/td\u003e \n \n\u003ctd\u003e\u003cdiv\u003eExtDlvry:\u003c/div\u003e\n\n\u003c/td\u003e \n \n\u003ctd\u003e\u003cdiv\u003eNot Applicable\u003c/div\u003e\n\n\u003c/td\u003e \n \n\u003c/tr\u003e \n \n\u003c/tbody\u003e\u003c/table\u003e\n\n\u003c/div\u003e\n\n\u003c/div\u003e\n\n\u003c/div\u003e\n\n\u003cdiv\u003e\u003ctable style\u003d\"user-select: auto;\"\u003e\u003ctbody\u003e\u003ctr\u003e\u003ctd\u003e\u003cstrong\u003eSef Reportable\u003c/strong\u003e\u003c/td\u003e \n \n\u003c/tr\u003e \n \n\u003c/tbody\u003e\u003c/table\u003e\n\n\u003c/div\u003e\n\n\u003cdiv\u003eNo\u003c/div\u003e\n\n\u003cdiv\u003e\u003ctable style\u003d\"user-select: auto;\"\u003e\u003ctbody\u003e\u003ctr\u003e\u003ctd\u003e\u003cstrong\u003eOption Details\u003c/strong\u003e\u003c/td\u003e \n \n\u003c/tr\u003e \n \n\u003c/tbody\u003e\u003c/table\u003e\n\n\u003c/div\u003e\n\n\u003cdiv\u003e\u003cestrategia begin\u003d\"426\" class\u003d\"extraction-tag ml-tag\" confidence\u003d\"1/19\" data-value\u003d\"Buyer\" end\u003d\"431\" ml-tagorder\u003d\"0\" score\u003d\"0.7078262490837686\" style\u003d\"border: 2px solid rgb(125, 157, 1);\" tabnumber\u003d\"0\" tagorder\u003d\"0\"\u003eBuyer\u003c/estrategia\u003e\u003c/div\u003e\n\n\u003cdiv\u003eBanco Santander Madrid\u003c/div\u003e\n\n\u003cdiv\u003eLEI\u003c/div\u003e\n\n\u003cdiv\u003e5493006QMFDDMYWIAM13\u003c/div\u003e\n\n\u003cdiv\u003eSeller\u003c/div\u003e\n\n\u003cdiv\u003e\u003ccontrapartida begin\u003d\"487\" class\u003d\"extraction-tag ml-tag\" confidence\u003d\"1/19\" data-value\u003d\"HYB AI\" end\u003d\"493\" ml-tagorder\u003d\"0\" score\u003d\"0.7159857074147856\" style\u003d\"border: 2px solid rgb(125, 157, 1);\" tabnumber\u003d\"0\" tagorder\u003d\"0\"\u003eHYB AI\u003c/contrapartida\u003e\u003c/div\u003e\n\n\u003cdiv\u003eLEI\u003c/div\u003e\n\n\u003cdiv\u003eBFM8T61CT2L1QCEMIK50\u003c/div\u003e\n\n\u003cdiv\u003eCcy vs Ccy\u003c/div\u003e\n\n\u003cdiv\u003e\u003cdivisa1 begin\u003d\"530\" class\u003d\"extraction-tag ml-tag\" confidence\u003d\"1/19\" data-value\u003d\"EUR\" end\u003d\"533\" ml-tagorder\u003d\"0\" score\u003d\"0.5879185953728758\" style\u003d\"border: 2px solid rgb(125, 157, 1);\" tabnumber\u003d\"0\" tagorder\u003d\"0\"\u003eEUR\u003c/divisa1\u003e vs \u003cdivisa2 begin\u003d\"537\" class\u003d\"extraction-tag ml-tag\" confidence\u003d\"1/19\" data-value\u003d\"USD\" end\u003d\"540\" ml-tagorder\u003d\"0\" score\u003d\"0.6900982579845548\" style\u003d\"border: 2px solid rgb(125, 157, 1);\" tabnumber\u003d\"0\" tagorder\u003d\"0\"\u003eUSD\u003c/divisa2\u003e\u003c/div\u003e\n\n\u003cdiv\u003eOption\u003c/div\u003e\n\n\u003cdiv\u003eEUR \u003copcion1 begin\u003d\"552\" class\u003d\"extraction-tag ml-tag\" confidence\u003d\"1/19\" data-value\u003d\"Put\" end\u003d\"555\" ml-tagorder\u003d\"0\" score\u003d\"0.6778655478364127\" style\u003d\"border: 2px solid rgb(125, 157, 1);\" tabnumber\u003d\"0\" tagorder\u003d\"0\"\u003ePut\u003c/opcion1\u003e\u003c/div\u003e\n\n\u003cdiv\u003eAmount\u003c/div\u003e\n\n\u003cdiv\u003eEUR \u003cnominal2 begin\u003d\"567\" class\u003d\"extraction-tag ml-tag\" confidence\u003d\"1/19\" data-value\u003d\"15,000,000\" end\u003d\"577\" ml-tagorder\u003d\"0\" score\u003d\"0.5644622285992982\" style\u003d\"border: 2px solid rgb(125, 157, 1);\" tabnumber\u003d\"0\" tagorder\u003d\"0\"\u003e\u003cnominal1 begin\u003d\"567\" class\u003d\"extraction-tag ml-tag\" confidence\u003d\"1/19\" data-value\u003d\"15,000,000\" end\u003d\"577\" ml-tagorder\u003d\"0\" score\u003d\"0.671422007018218\" style\u003d\"border: 2px solid rgb(125, 157, 1);\" tabnumber\u003d\"0\" tagorder\u003d\"0\"\u003e15,000,000\u003c/nominal1\u003e\u003c/nominal2\u003e\u003c/div\u003e\n\n\u003cdiv\u003eExpiry\u003c/div\u003e\n\n\u003cdiv\u003eFri \u003cfecha_vencimiento begin\u003d\"589\" class\u003d\"extraction-tag ml-tag\" confidence\u003d\"1/19\" data-value\u003d\"24 Nov 2017\" end\u003d\"600\" ml-tagorder\u003d\"0\" score\u003d\"0.6937320161103664\" style\u003d\"border: 2px solid rgb(125, 157, 1);\" tabnumber\u003d\"0\" tagorder\u003d\"0\"\u003e24 Nov 2017\u003c/fecha_vencimiento\u003e\u003c/div\u003e\n\n\u003cdiv\u003e\u003ccash_delivery begin\u003d\"601\" class\u003d\"extraction-tag ml-tag\" confidence\u003d\"1/19\" data-value\u003d\"Delivery\" end\u003d\"609\" ml-tagorder\u003d\"0\" score\u003d\"0.6245228852483757\" style\u003d\"border: 2px solid rgb(125, 157, 1);\" tabnumber\u003d\"0\" tagorder\u003d\"0\"\u003eDelivery\u003c/cash_delivery\u003e\u003c/div\u003e\n\n\u003cdiv\u003eTue \u003cfecha_pago_vencimiento begin\u003d\"614\" class\u003d\"extraction-tag ml-tag\" confidence\u003d\"1/19\" data-value\u003d\"28 Nov 2017\" end\u003d\"625\" ml-tagorder\u003d\"0\" score\u003d\"0.6691885504748185\" style\u003d\"border: 2px solid rgb(125, 157, 1);\" tabnumber\u003d\"0\" tagorder\u003d\"0\"\u003e28 Nov 2017\u003c/fecha_pago_vencimiento\u003e\u003c/div\u003e\n\n\u003cdiv\u003eCut\u003c/div\u003e\n\n\u003cdiv\u003eNY 10:00\u003c/div\u003e\n\n\u003cdiv\u003eStyle\u003c/div\u003e\n\n\u003cdiv\u003eEuropean\u003c/div\u003e\n\n\u003cdiv\u003eStrike\u003c/div\u003e\n\n\u003cdiv\u003e\u003cstrike_ 