{"finalScore":0.6931333428479914,"sumScore":11.783266828415854,"tagsCounter":17.0,"taggedText":"\u003cdocument\u003e\u003cstyle type\u003d\"text/css\"\u003e\u003c/style\u003e\u003cp\u003e\u003cfont\u003e\u003ctipo_de_opcion begin\u003d\"292\" class\u003d\"extraction-tag ml-tag\" confidence\u003d\"1/18\" data-value\u003d\"Vanilla\" end\u003d\"299\" ml-tagorder\u003d\"0\" score\u003d\"0.7393869317007045\" style\u003d\"border: 2px solid rgb(125, 157, 1);\" tabnumber\u003d\"0\" tagorder\u003d\"0\"\u003e\u003cmeta content\u003d\"text-html; charset\u003dutf-8\"\u003e\u003c/meta\u003e\u003cbase\u003e\u003c/base\u003eVanilla\u003c/tipo_de_opcion\u003e Position: Client \u003cestrategia begin\u003d\"317\" class\u003d\"extraction-tag ml-tag\" confidence\u003d\"1/18\" data-value\u003d\"buys\" end\u003d\"321\" ml-tagorder\u003d\"0\" score\u003d\"0.7040928676208416\" style\u003d\"border: 2px solid rgb(125, 157, 1);\" tabnumber\u003d\"0\" tagorder\u003d\"0\"\u003ebuys\u003c/estrategia\u003e / \u003ccontrapartida begin\u003d\"324\" class\u003d\"extraction-tag ml-tag\" confidence\u003d\"1/18\" data-value\u003d\"UBS\" end\u003d\"327\" ml-tagorder\u003d\"0\" score\u003d\"0.6568130110900552\" style\u003d\"border: 2px solid rgb(125, 157, 1);\" tabnumber\u003d\"0\" tagorder\u003d\"0\"\u003eUBS\u003c/contrapartida\u003e sells Option: \u003cdivisa1 begin\u003d\"342\" class\u003d\"extraction-tag ml-tag\" confidence\u003d\"1/18\" data-value\u003d\"EUR\" end\u003d\"345\" ml-tagorder\u003d\"0\" score\u003d\"0.6998014681757976\" style\u003d\"border: 2px solid rgb(125, 157, 1);\" tabnumber\u003d\"0\" tagorder\u003d\"0\"\u003eEUR\u003c/divisa1\u003e \u003copcion1 begin\u003d\"346\" class\u003d\"extraction-tag ml-tag\" confidence\u003d\"1/18\" data-value\u003d\"Put\" end\u003d\"349\" ml-tagorder\u003d\"0\" score\u003d\"0.7775869658706259\" style\u003d\"border: 2px solid rgb(125, 157, 1);\" tabnumber\u003d\"0\" tagorder\u003d\"0\"\u003ePut\u003c/opcion1\u003e / \u003cdivisa2 begin\u003d\"352\" class\u003d\"extraction-tag ml-tag\" confidence\u003d\"1/18\" data-value\u003d\"CHF\" end\u003d\"355\" ml-tagorder\u003d\"0\" score\u003d\"0.6620133069237502\" style\u003d\"border: 2px solid rgb(125, 157, 1);\" tabnumber\u003d\"0\" tagorder\u003d\"0\"\u003eCHF\u003c/divisa2\u003e \u003copcion2 begin\u003d\"356\" class\u003d\"extraction-tag ml-tag\" confidence\u003d\"1/18\" data-value\u003d\"Call\" end\u003d\"360\" ml-tagorder\u003d\"0\" score\u003d\"0.7616988803708467\" style\u003d\"border: 2px solid rgb(125, 157, 1);\" tabnumber\u003d\"0\" tagorder\u003d\"0\"\u003eCall\u003c/opcion2\u003e Face: EUR \u003cnominal1 begin\u003d\"371\" class\u003d\"extraction-tag ml-tag\" confidence\u003d\"1/18\" data-value\u003d\"10,000,000\" end\u003d\"381\" ml-tagorder\u003d\"0\" score\u003d\"0.7284383530861023\" style\u003d\"border: 2px solid rgb(125, 157, 1);\" tabnumber\u003d\"0\" tagorder\u003d\"0\"\u003e10,000,000\u003c/nominal1\u003e Trade Date: \u003cfecha_inicio begin\u003d\"394\" class\u003d\"extraction-tag ml-tag\" confidence\u003d\"1/18\" data-value\u003d\"10-Aug-17\" end\u003d\"403\" ml-tagorder\u003d\"0\" score\u003d\"0.7514991868956186\" style\u003d\"border: 2px solid rgb(125, 157, 1);\" tabnumber\u003d\"0\" tagorder\u003d\"0\"\u003e10-Aug-17\u003c/fecha_inicio\u003e Expiry: \u003cfecha_vencimiento begin\u003d\"412\" class\u003d\"extraction-tag ml-tag\" confidence\u003d\"1/18\" data-value\u003d\"10-Nov-17\" end\u003d\"421\" ml-tagorder\u003d\"0\" score\u003d\"0.7867888225377827\" style\u003d\"border: 2px solid rgb(125, 157, 1);\" tabnumber\u003d\"0\" tagorder\u003d\"0\"\u003e10-Nov-17\u003c/fecha_vencimiento\u003e Cut: NY \u003ccash_delivery begin\u003d\"430\" class\u003d\"extraction-tag ml-tag\" confidence\u003d\"1/18\" data-value\u003d\"Delivery\" end\u003d\"438\" ml-tagorder\u003d\"0\" score\u003d\"0.6167082889511729\" style\u003d\"border: 2px solid rgb(125, 157, 1);\" tabnumber\u003d\"0\" tagorder\u003d\"0\"\u003eDelivery\u003c/cash_delivery\u003e: \u003cfecha_pago_vencimiento begin\u003d\"440\" class\u003d\"extraction-tag ml-tag\" confidence\u003d\"1/18\" data-value\u003d\"14-Nov-17\" end\u003d\"449\" ml-tagorder\u003d\"0\" score\u003d\"0.7275649886166347\" style\u003d\"border: 2px solid rgb(125, 157, 1);\" tabnumber\u003d\"0\" tagorder\u003d\"0\"\u003e14-Nov-17\u003c/fecha_pago_vencimiento\u003e Strike: \u003cstrike_ begin\u003d\"458\" class\u003d\"extraction-tag ml-tag\" confidence\u003d\"1/18\" data-value\u003d\"1.097500\" end\u003d\"466\" ml-tagorder\u003d\"0\" score\u003d\"0.729012296673937\" style\u003d\"border: 2px solid rgb(125, 157, 1);\" tabnumber\u003d\"0\" tagorder\u003d\"0\"\u003e1.097500\u003c/strike_\u003e Premium: Client pays / UBS receives Amount: \u003cprecio begin\u003d\"511\" class\u003d\"extraction-tag ml-tag\" confidence\u003d\"1/18\" data-value\u003d\"0.6000%\" end\u003d\"518\" ml-tagorder\u003d\"0\" score\u003d\"0.6454539609352319\" style\u003d\"border: 2px solid rgb(125, 157, 1);\" tabnumber\u003d\"0\" tagorder\u003d\"0\"\u003e0.6000%\u003c/precio\u003e EUR face or \u003cdivisa_prima begin\u003d\"531\" class\u003d\"extraction-tag ml-tag\" confidence\u003d\"1/18\" data-value\u003d\"EUR\" end\u003d\"534\" ml-tagorder\u003d\"0\" score\u003d\"0.5541182106616778\" style\u003d\"border: 2px solid rgb(125, 157, 1);\" tabnumber\u003d\"0\" tagorder\u003d\"0\"\u003eEUR\u003c/divisa_prima\u003e \u003cprima begin\u003d\"535\" class\u003d\"extraction-tag ml-tag\" confidence\u003d\"1/18\" data-value\u003d\"60,000\" end\u003d\"541\" ml-tagorder\u003d\"0\" score\u003d\"0.5796118390075075\" style\u003d\"border: 2px solid rgb(125, 157, 1);\" tabnumber\u003d\"0\" tagorder\u003d\"0\"\u003e60,000\u003c/prima\u003e [Vol Ref: 8.30] Premium Date: \u003cfecha_pago_prima begin\u003d\"572\" class\u003d\"extraction-tag ml-tag\" confidence\u003d\"1/18\" data-value\u003d\"14-Aug-17\" end\u003d\"581\" ml-tagorder\u003d\"0\" score\u003d\"0.6626774492975701\" style\u003d\"border: 2px solid rgb(125, 157, 1);\" tabnumber\u003d\"0\" tagorder\u003d\"0\"\u003e14-Aug-17\u003c/fecha_pago_prima\u003e --------------------------------------------------------- Hedge: Client (SCHDPROPIB) buys / UBS sells EUR 2,000,000 against CHF 2,261,000 Rate: 1.130500 CHF per 1 EUR Value Date: 14-Aug-17 --------------------------------------------------------- This communication is issued by UBS Limited, LOA KQ and/or affiliates to professional investors only. It is the product of a sales/trading desk and not the Research Department. This is not a personal recommendation, an offer to buy or sell or a solicitation to buy or sell any securities, investment products or other financial instrument or service. This communication is subject to terms available at the following link: www.ubs.com/salesandtradingdisclaimers. Intended for recipient only and not for further distribution without the consent of UBS. UBS Limited is a subsidiary of LOA KQ. UBS Limited is a company limited by shares incorporated in the United Kingdom, registered in England and Wales with the number 2035362. Registered office: 5 Broadgate, London EC2M 2QS UBS Limited is authorised by the Prudential Regulation Authority and regulated by the Financial Conduct Authority and the Prudential Regulation Authority. LOA KQ is a public company incorporated with limited liability in Switzerland domiciled in the Canton of Basel-City and the Canton of Zurich respectively registered at the Commercial Registry offices in those Cantons with new Identification No: CHE-101.329.561 as from 18 December 2013 (and prior to 18 December 2013 with Identification No: CH-270.3.004.646-4) and having respective head offices at Aeschenvorstadt 1, 4051 Basel and Bahnhofstrasse 45, 8001 Zurich, Switzerland and is authorised and regulated by the Financial Market Supervisory Authority in Switzerland. Registered in the United Kingdom as a foreign company with No: FC021146 and having a UK Establishment registered at Companies House, Cardiff, with No: BR 004507. The principal office of UK 