{"finalScore":0.7547749377001457,"sumScore":10.56684912780204,"tagsCounter":14.0,"taggedText":"\u003cdocument\u003e \u003cstyle\u003e\u003c/style\u003e\u003cdiv class\u003d\"WordSection1\"\u003e\u003cp class\u003d\"MsoNormal\"\u003e\u003cspan lang\u003d\"ES\" style\u003d\"color:#1F497D\"\u003e\u003cmeta content\u003d\"Microsoft Word 14 (filtered medium)\" name\u003d\"Generator\"\u003e\u003c/meta\u003e\u003cmeta content\u003d\"text/html; charset\u003diso-8859-1\" http-equiv\u003d\"Content-Type\"\u003e\u003c/meta\u003eBuenas tardes,\u003c/span\u003e\u003c/p\u003e \n\u003cp\u003e\u003c/p\u003e \n \n\u003cp\u003e\u003c/p\u003e \n \n \u003cp class\u003d\"MsoNormal\"\u003e\u003cspan lang\u003d\"ES\" style\u003d\"color:#1F497D\"\u003e\u003c/span\u003e\u003c/p\u003e \n\u003cp\u003e\u0026nbsp;\u003c/p\u003e \n \n\u003cp\u003e\u003c/p\u003e \n \n \u003cp class\u003d\"MsoNormal\"\u003e\u003cspan lang\u003d\"ES\" style\u003d\"color:#1F497D\"\u003e16,990,308\u003c/span\u003e\u003c/p\u003e \n\u003cp\u003e\u003c/p\u003e \n \n\u003cp\u003e\u003c/p\u003e \n \n \u003cp class\u003d\"MsoNormal\"\u003e\u003cspan lang\u003d\"ES\" style\u003d\"color:#1F497D\"\u003e16,990,316\u003c/span\u003e\u003c/p\u003e \n\u003cp\u003e\u003c/p\u003e \n \n\u003cp\u003e\u003c/p\u003e \n \n \u003cp class\u003d\"MsoNormal\"\u003e\u003cspan lang\u003d\"ES\" style\u003d\"color:#1F497D\"\u003e\u003c/span\u003e\u003c/p\u003e \n\u003cp\u003e\u0026nbsp;\u003c/p\u003e \n \n\u003cp\u003e\u003c/p\u003e \n \n \u003cp class\u003d\"MsoNormal\"\u003e\u003cspan lang\u003d\"ES\" style\u003d\"color:#1F497D\"\u003eSan Madrid \u003c/span\u003e\u003c/p\u003e \n\u003cp\u003e\u003c/p\u003e \n \n\u003cp\u003e\u003c/p\u003e \n \n \u003cp class\u003d\"MsoNormal\"\u003e\u003cspan lang\u003d\"ES\" style\u003d\"color:#1F497D\"\u003e\u003cestrategia begin\u003d\"79\" class\u003d\"extraction-tag ml-tag\" confidence\u003d\"1/14\" data-value\u003d\"buys\" end\u003d\"83\" ml-tagorder\u003d\"0\" score\u003d\"0.833754131179407\" style\u003d\"border: 2px solid rgb(125, 157, 1);\" tabnumber\u003d\"0\" tagorder\u003d\"0\"\u003ebuys\u003c/estrategia\u003e \u003cnominal1 begin\u003d\"84\" class\u003d\"extraction-tag ml-tag\" confidence\u003d\"1/14\" data-value\u003d\"17mios\" end\u003d\"90\" ml-tagorder\u003d\"0\" score\u003d\"0.806048276699408\" style\u003d\"border: 2px solid rgb(125, 157, 1);\" tabnumber\u003d\"0\" tagorder\u003d\"0\"\u003e17mios\u003c/nominal1\u003e \u003copcion2 begin\u003d\"91\" class\u003d\"extraction-tag ml-tag\" confidence\u003d\"1/14\" data-value\u003d\"USDPutMXNCall\" end\u003d\"104\" ml-tagorder\u003d\"0\" score\u003d\"0.7806288867774659\" style\u003d\"border: 2px solid rgb(125, 157, 1);\" tabnumber\u003d\"0\" tagorder\u003d\"0\"\u003e\u003copcion1 begin\u003d\"91\" class\u003d\"extraction-tag ml-tag\" confidence\u003d\"1/14\" data-value\u003d\"USDPutMXNCall\" end\u003d\"104\" ml-tagorder\u003d\"0\" score\u003d\"0.8153192785425354\" style\u003d\"border: 2px solid rgb(125, 157, 1);\" tabnumber\u003d\"0\" tagorder\u003d\"0\"\u003e\u003cdivisa2 begin\u003d\"91\" class\u003d\"extraction-tag ml-tag\" confidence\u003d\"1/14\" data-value\u003d\"USDPutMXNCall\" end\u003d\"104\" ml-tagorder\u003d\"0\" score\u003d\"0.862654095554695\" style\u003d\"border: 2px solid rgb(125, 157, 1);\" tabnumber\u003d\"0\" tagorder\u003d\"0\"\u003e\u003cdivisa1 begin\u003d\"91\" class\u003d\"extraction-tag ml-tag\" confidence\u003d\"1/14\" data-value\u003d\"USDPutMXNCall\" end\u003d\"104\" ml-tagorder\u003d\"0\" score\u003d\"0.7595280738355886\" style\u003d\"border: 2px solid rgb(125, 157, 1);\" tabnumber\u003d\"0\" tagorder\u003d\"0\"\u003eUSDPutMXNCall\u003c/divisa1\u003e\u003c/divisa2\u003e\u003c/opcion1\u003e\u003c/opcion2\u003e \u003cfecha_vencimiento begin\u003d\"105\" class\u003d\"extraction-tag ml-tag\" confidence\u003d\"1/14\" data-value\u003d\"17/19Apr\" end\u003d\"113\" ml-tagorder\u003d\"0\" score\u003d\"0.8544616810919637\" style\u003d\"border: 2px solid rgb(125, 157, 1);\" tabnumber\u003d\"0\" tagorder\u003d\"0\"\u003e\u003cfecha_pago_vencimiento begin\u003d\"105\" class\u003d\"extraction-tag ml-tag\" confidence\u003d\"1/14\" data-value\u003d\"17/19Apr\" end\u003d\"113\" ml-tagorder\u003d\"0\" score\u003d\"0.8256452407630195\" style\u003d\"border: 2px solid rgb(125, 157, 1);\" tabnumber\u003d\"0\" tagorder\u003d\"0\"\u003e17/19Apr\u003c/fecha_pago_vencimiento\u003e\u003c/fecha_vencimiento\u003e \u003cstrike_ begin\u003d\"114\" class\u003d\"extraction-tag ml-tag\" confidence\u003d\"1/14\" data-value\u003d\"19.20\" end\u003d\"119\" ml-tagorder\u003d\"0\" score\u003d\"0.7142652636026876\" style\u003d\"border: 2px solid rgb(125, 157, 1);\" tabnumber\u003d\"0\" tagorder\u003d\"0\"\u003e19.20\u003c/strike_\u003e; \u003cspot_forward begin\u003d\"121\" class\u003d\"extraction-tag ml-tag\" confidence\u003d\"1/14\" data-value\u003d\"fwd\" end\u003d\"124\" ml-tagorder\u003d\"0\" score\u003d\"0.6595227864767861\" style\u003d\"border: 2px solid rgb(125, 157, 1);\" tabnumber\u003d\"0\" tagorder\u003d\"0\"\u003efwd\u003c/spot_forward\u003e Prem \u003cprima begin\u003d\"130\" class\u003d\"extraction-tag ml-tag\" confidence\u003d\"1/14\" data-value\u003d\"2.5375%USD\" end\u003d\"140\" ml-tagorder\u003d\"0\" score\u003d\"0.5205924339797916\" style\u003d\"border: 2px solid rgb(125, 157, 1);\" tabnumber\u003d\"0\" tagorder\u003d\"0\"\u003e\u003cprecio begin\u003d\"130\" class\u003d\"extraction-tag ml-tag\" confidence\u003d\"1/14\" data-value\u003d\"2.5375%USD\" end\u003d\"140\" ml-tagorder\u003d\"0\" score\u003d\"0.7382857364333942\" style\u003d\"border: 2px solid rgb(125, 157, 1);\" tabnumber\u003d\"0\" tagorder\u003d\"0\"\u003e2.5375%\u003cdivisa_prima begin\u003d\"137\" class\u003d\"extraction-tag ml-tag\" confidence\u003d\"1/14\" data-value\u003d\"USD\" end\u003d\"140\" ml-tagorder\u003d\"0\" score\u003d\"0.7727743411293037\" style\u003d\"border: 2px solid rgb(125, 157, 1);\" tabnumber\u003d\"0\" tagorder\u003d\"0\"\u003eUSD\u003c/divisa_prima\u003e\u003c/precio\u003e\u003c/prima\u003e\u003c/span\u003e\u003c/p\u003e \n\u003cp\u003e\u003c/p\u003e \n \n\u003cp\u003e\u003c/p\u003e \n \n \u003cp class\u003d\"MsoNormal\"\u003e\u003cspan style\u003d\"color:#1F497D\"\u003e\u003cestrategia begin\u003d\"145\" class\u003d\"extraction-tag ml-tag\" confidence\u003d\"1/14\" data-value\u003d\"buys\" end\u003d\"149\" ml-tagorder\u003d\"1\" score\u003d\"0.623368901735994\" style\u003d\"border: 2px solid rgb(125, 157, 1);\" tabnumber\u003d\"1\" tagorder\u003d\"1\"\u003ebuys\u003c/estrategia\u003e 7mios USDMXN at 19.5880 value 19Apr2018\u003c/span\u003e\u003c/p\u003e \n\u003cp\u003e\u003c/p\u003e \n \n\u003cp\u003e\u003c/p\u003e \n \n \u003cp class\u003d\"MsoNormal\"\u003e\u003cspan style\u003d\"color:#1F497D\"\u003e\u003c/span\u003e\u003c/p\u003e \n\u003cp\u003e\u0026nbsp;\u003c/p\u003e \n \n\u003cp\u003e\u003c/p\u003e \n \n \u003cp class\u003d\"MsoNormal\"\u003e\u003cspan style\u003d\"color:#1F497D\"\u003e\u003c/span\u003e\u003c/p\u003e \n\u003cp\u003e\u0026nbsp;\u003c/p\u003e \n \n\u003cp\u003e\u003c/p\u003e \n \n \u003cp class\u003d\"MsoNormal\"\u003e\u003cspan lang\u003d\"ES\" style\u003d\"color:#1F497D\"\u003eUn saludo,\u003c/span\u003e\u003c/p\u003e \n\u003cp\u003e\u003c/p\u003e \n \n\u003cp\u003e\u003c/p\u003e \n \n \u003cp class\u003d\"MsoNormal\"\u003e\u003cspan lang\u003d\"ES\" style\u003d\"color:#1F497D\"\u003eMaria Eugenia\u003c/span\u003e\u003c/p\u003e \n\u003cp\u003e\u003c/p\u003e \n \n\u003cp\u003e\u003c/p\u003e \n \n \u003cp class\u003d\"MsoNormal\"\u003e\u003cspan style\u003d\"color:#1F497D\"\u003e\u003c/span\u003e\u003c/p\u003e \n\u003cp\u003e\u0026nbsp;\u003c/p\u003e \n \n\u003cp\u003e\u003c/p\u003e \n \n \u003cp class\u003d\"MsoNormal\"\u003e\u003cspan style\u003d\"color:#1F497D\"\u003e\u003c/span\u003e\u003c/p\u003e \n\u003cp\u003e\u0026nbsp;\u003c/p\u003e \n \n\u003cp\u003e\u003c/p\u003e \n \n \u003c/div\u003e\n\n \u003cbr\u003e\u003c/br\u003e \u003chr color\u003d\"green\"\u003e\u003c/hr\u003e \u003cbr\u003e\u003c/br\u003e 