{"finalScore":0.7049678458769031,"sumScore":12.689421225784256,"tagsCounter":18.0,"taggedText":"\u003cdocument\u003e\u003cstyle type\u003d\"text/css\"\u003e\u003c/style\u003e\u003cdiv\u003e\u003cdiv\u003e\u003ctable style\u003d\"user-select: auto;\"\u003e\u003ctbody\u003e\u003ctr\u003e\u003ctd\u003e\u003cdiv\u003e\u003cstrong\u003e\u003cem\u003e\u003cmeta content\u003d\"text-html; charset\u003dutf-8\"\u003e\u003c/meta\u003e\u003cbase\u003e\u003c/base\u003e\u003c/em\u003e\u003c/strong\u003e\u003c/div\u003e\u003c/td\u003e \u003ctd\u003e\u003ctable style\u003d\"user-select: auto;\"\u003e\u003ctbody\u003e\u003ctr\u003e\u003ctd\u003e\u003cdiv\u003e255 Greenwich Street, 4th Floor\u003c/div\u003e\n\n\u003cdiv\u003eNew York\u003c/div\u003e\n\n\u003cdiv\u003eNY 10007\u003c/div\u003e\n\n\u003cdiv\u003eTel: (212) 943-8100\u003c/div\u003e\n\n\u003c/td\u003e \n \n\u003c/tr\u003e \n \n\u003c/tbody\u003e\u003c/table\u003e\n\n\u003c/td\u003e \n \n\u003c/tr\u003e \n \n\u003ctr\u003e\u003ctd colspan\u003d\"3\"\u003e\u003cdiv\u003e\u003cstrong\u003e\u003cem\u003eCURRENCY OPTION CONFIRMATION\u003c/em\u003e\u003c/strong\u003e\u003c/div\u003e\n\n\u003c/td\u003e \n \n\u003c/tr\u003e \n \n\u003c/tbody\u003e\u003c/table\u003e\n\n\u003cdiv\u003e\u003ctable style\u003d\"user-select: auto;\"\u003e\u003ctbody\u003e\u003ctr\u003e\u003ctd\u003e\u003cdiv\u003eBanco Santander Madrid\u003c/div\u003e\n\n\u003c/td\u003e \n \n\u003ctd\u003e\u003cdiv\u003e\u003cstrong\u003eTFS Ref\u003c/strong\u003e\u003c/div\u003e\n\n\u003cdiv\u003e\u003cstrong\u003ePage\u003c/strong\u003e\u003c/div\u003e\n\n\u003cdiv\u003eDate\u003c/div\u003e\n\n\u003cdiv\u003eTime\u003c/div\u003e\n\n\u003c/td\u003e \n \n\u003ctd\u003e\u003cdiv\u003e\u003cstrong\u003e: 2601753/0/00\u003c/strong\u003e\u003c/div\u003e\n\n\u003cdiv\u003e\u003cstrong\u003e: \u003cspan\u003e1\u003c/span\u003e of 1\u003c/strong\u003e\u003c/div\u003e\n\n\u003cdiv\u003e: \u003cfecha_inicio begin\u003d\"211\" class\u003d\"extraction-tag ml-tag\" confidence\u003d\"1/19\" data-value\u003d\"24 Aug 2017\" end\u003d\"222\" ml-tagorder\u003d\"0\" score\u003d\"0.8185960362400587\" style\u003d\"border: 2px solid rgb(125, 157, 1);\" tabnumber\u003d\"0\" tagorder\u003d\"0\"\u003e24 Aug 2017\u003c/fecha_inicio\u003e\u003c/div\u003e\n\n\u003cdiv\u003e: 14:36:32 (UTC)\u003c/div\u003e\n\n\u003c/td\u003e \n \n\u003c/tr\u003e \n \n\u003c/tbody\u003e\u003c/table\u003e\n\n\u003c/div\u003e\n\n\u003cdiv\u003e\u003ctable style\u003d\"user-select: auto;\"\u003e\u003ctbody\u003e\u003ctr\u003e\u003ctd\u003e\u003cdiv\u003eEmail:\u003c/div\u003e\n\n\u003c/td\u003e \n \n\u003ctd\u003e\u003cdiv\u003efxoptions_operations@gruposantander.com\u003c/div\u003e\n\n\u003c/td\u003e \n \n\u003ctd\u003e\u003cdiv\u003eSEF.Email:\u003c/div\u003e\n\n\u003c/td\u003e \n \n\u003ctd\u003e\u003cdiv\u003efxoptions_operations@gruposantander.com\u003c/div\u003e\n\n\u003c/td\u003e \n \n\u003c/tr\u003e \n \n\u003ctr\u003e\u003ctd\u003e\u003cdiv\u003eExtDlvry:\u003c/div\u003e\n\n\u003c/td\u003e \n \n\u003ctd\u003e\u003cdiv\u003eNot Applicable\u003c/div\u003e\n\n\u003c/td\u003e \n \n\u003c/tr\u003e \n \n\u003c/tbody\u003e\u003c/table\u003e\n\n\u003c/div\u003e\n\n\u003c/div\u003e\n\n\u003c/div\u003e\n\n\u003cdiv\u003e\u003ctable style\u003d\"user-select: auto;\"\u003e\u003ctbody\u003e\u003ctr\u003e\u003ctd\u003e\u003cstrong\u003eSef Reportable\u003c/strong\u003e\u003c/td\u003e \n \n\u003c/tr\u003e \n \n\u003c/tbody\u003e\u003c/table\u003e\n\n\u003c/div\u003e\n\n\u003cdiv\u003eYes\u003c/div\u003e\n\n\u003cstrong\u003eSDR\u003c/strong\u003e\u003cdiv\u003eDTCC\u003c/div\u003e\n\n\u003cdiv\u003e\u003ctable style\u003d\"user-select: auto;\"\u003e\u003ctbody\u003e\u003ctr\u003e\u003ctd\u003e\u003cstrong\u003eOption Details\u003c/strong\u003e\u003c/td\u003e \n \n\u003c/tr\u003e \n \n\u003c/tbody\u003e\u003c/table\u003e\n\n\u003c/div\u003e\n\n\u003cdiv\u003eBuyer\u003c/div\u003e\n\n\u003cdiv\u003e\u003ccontrapartida begin\u003d\"447\" class\u003d\"extraction-tag ml-tag\" confidence\u003d\"1/19\" data-value\u003d\"Morgan Stanley \u0026 Co International PLC\" end\u003d\"484\" ml-tagorder\u003d\"0\" score\u003d\"0.697862573682987\" style\u003d\"border: 2px solid rgb(125, 157, 1);\" tabnumber\u003d\"0\" tagorder\u003d\"0\"\u003eMorgan Stanley \u0026amp; Co International PLC\u003c/contrapartida\u003e\u003c/div\u003e\n\n\u003cdiv\u003eLEI\u003c/div\u003e\n\n\u003cdiv\u003e4PQUHN3JPFGFNF3BB653\u003c/div\u003e\n\n\u003cdiv\u003e\u003cestrategia begin\u003d\"510\" class\u003d\"extraction-tag ml-tag\" confidence\u003d\"1/19\" data-value\u003d\"Seller\" end\u003d\"516\" ml-tagorder\u003d\"0\" score\u003d\"0.7654004239315589\" style\u003d\"border: 2px solid rgb(125, 157, 1);\" tabnumber\u003d\"0\" tagorder\u003d\"0\"\u003eSeller\u003c/estrategia\u003e\u003c/div\u003e\n\n\u003cdiv\u003eBanco Santander Madrid\u003c/div\u003e\n\n\u003cdiv\u003eLEI\u003c/div\u003e\n\n\u003cdiv\u003e5493006QMFDDMYWIAM13\u003c/div\u003e\n\n\u003cdiv\u003eCcy vs Ccy\u003c/div\u003e\n\n\u003cdiv\u003e\u003cdivisa1 begin\u003d\"576\" class\u003d\"extraction-tag ml-tag\" confidence\u003d\"1/19\" data-value\u003d\"USD\" end\u003d\"579\" ml-tagorder\u003d\"0\" score\u003d\"0.5827487382424847\" style\u003d\"border: 2px solid rgb(125, 157, 1);\" tabnumber\u003d\"0\" tagorder\u003d\"0\"\u003eUSD\u003c/divisa1\u003e vs \u003cdivisa2 begin\u003d\"583\" class\u003d\"extraction-tag ml-tag\" confidence\u003d\"1/19\" data-value\u003d\"CAD\" end\u003d\"586\" ml-tagorder\u003d\"0\" score\u003d\"0.6406403842035574\" style\u003d\"border: 2px solid rgb(125, 157, 1);\" tabnumber\u003d\"0\" tagorder\u003d\"0\"\u003eCAD\u003c/divisa2\u003e\u003c/div\u003e\n\n\u003cdiv\u003eOption\u003c/div\u003e\n\n\u003cdiv\u003eCAD \u003copcion1 begin\u003d\"598\" class\u003d\"extraction-tag ml-tag\" confidence\u003d\"1/19\" data-value\u003d\"Put\" end\u003d\"601\" ml-tagorder\u003d\"0\" score\u003d\"0.6977200740930894\" style\u003d\"border: 2px solid rgb(125, 157, 1);\" tabnumber\u003d\"0\" tagorder\u003d\"0\"\u003ePut\u003c/opcion1\u003e\u003c/div\u003e\n\n\u003cdiv\u003eAmount\u003c/div\u003e\n\n\u003cdiv\u003eUSD \u003cnominal2 begin\u003d\"613\" class\u003d\"extraction-tag ml-tag\" confidence\u003d\"1/19\" data-value\u003d\"20,000,000\" end\u003d\"623\" ml-tagorder\u003d\"0\" score\u003d\"0.6377483843911678\" style\u003d\"border: 2px solid rgb(125, 157, 1);\" tabnumber\u003d\"0\" tagorder\u003d\"0\"\u003e\u003cnominal1 begin\u003d\"613\" class\u003d\"extraction-tag ml-tag\" confidence\u003d\"1/19\" data-value\u003d\"20,000,000\" end\u003d\"623\" ml-tagorder\u003d\"0\" score\u003d\"0.7703084457603734\" style\u003d\"border: 2px solid rgb(125, 157, 1);\" tabnumber\u003d\"0\" tagorder\u003d\"0\"\u003e20,000,000\u003c/nominal1\u003e\u003c/nominal2\u003e\u003c/div\u003e\n\n\u003cdiv\u003eExpiry\u003c/div\u003e\n\n\u003cdiv\u003eFri \u003cfecha_vencimiento begin\u003d\"635\" class\u003d\"extraction-tag ml-tag\" confidence\u003d\"1/19\" data-value\u003d\"10 Nov 2017\" end\u003d\"646\" ml-tagorder\u003d\"0\" score\u003d\"0.7078301959684933\" style\u003d\"border: 2px solid rgb(125, 157, 1);\" tabnumber\u003d\"0\" tagorder\u003d\"0\"\u003e10 Nov 2017\u003c/fecha_vencimiento\u003e\u003c/div\u003e\n\n\u003cdiv\u003e\u003ccash_delivery begin\u003d\"647\" class\u003d\"extraction-tag ml-tag\" confidence\u003d\"1/19\" data-value\u003d\"Delivery\" end\u003d\"655\" ml-tagorder\u003d\"0\" score\u003d\"0.6377694835409622\" style\u003d\"border: 2px solid rgb(125, 157, 1);\" tabnumber\u003d\"0\" tagorder\u003d\"0\"\u003eDelivery\u003c/cash_delivery\u003e\u003c/div\u003e\n\n\u003cdiv\u003eTue \u003cfecha_pago_vencimiento begin\u003d\"660\" class\u003d\"extraction-tag ml-tag\" confidence\u003d\"1/19\" data-value\u003d\"14 Nov 2017\" end\u003d\"671\" ml-tagorder\u003d\"0\" score\u003d\"0.6524352807010443\" style\u003d\"border: 2px solid rgb(125, 157, 1);\" tabnumber\u003d\"0\" tagorder\u003d\"0\"\u003e14 Nov 