{"finalScore":0.7343443828217956,"sumScore":11.015165742326934,"tagsCounter":15.0,"taggedText":"\u003cdocument\u003eHi, Please find below the details of the FXO we just did with VOLVO PERSONVAGNAR AB - (\u003ccontrapartida_corta begin\u003d\"87\" class\u003d\"extraction-tag ml-tag\" confidence\u003d\"1/16\" data-value\u003d\"6ZDJ\" end\u003d\"91\" ml-tagorder\u003d\"0\" score\u003d\"0.7326204403436881\" style\u003d\"border: 2px solid rgb(125, 157, 1);\" tabnumber\u003d\"0\" tagorder\u003d\"0\"\u003e6ZDJ\u003c/contrapartida_corta\u003e). Booked in Murex via ABACUS, please check. OPTION \u003cestrategia begin\u003d\"143\" class\u003d\"extraction-tag ml-tag\" confidence\u003d\"1/16\" data-value\u003d\"BUYER\" end\u003d\"148\" ml-tagorder\u003d\"0\" score\u003d\"0.7235504758323306\" style\u003d\"border: 2px solid rgb(125, 157, 1);\" tabnumber\u003d\"0\" tagorder\u003d\"0\"\u003eBUYER\u003c/estrategia\u003e: BANCO SANTANDER MADRID OPTION SELLER: VOLVO PERSONVAGNAR AB TYPE: \u003cdivisa1 begin\u003d\"216\" class\u003d\"extraction-tag ml-tag\" confidence\u003d\"1/16\" data-value\u003d\"USD\" end\u003d\"219\" ml-tagorder\u003d\"0\" score\u003d\"0.7381158433186608\" style\u003d\"border: 2px solid rgb(125, 157, 1);\" tabnumber\u003d\"0\" tagorder\u003d\"0\"\u003eUSD\u003c/divisa1\u003e \u003copcion1 begin\u003d\"220\" class\u003d\"extraction-tag ml-tag\" confidence\u003d\"1/16\" data-value\u003d\"CALL\" end\u003d\"224\" ml-tagorder\u003d\"0\" score\u003d\"0.7089061215061313\" style\u003d\"border: 2px solid rgb(125, 157, 1);\" tabnumber\u003d\"0\" tagorder\u003d\"0\"\u003eCALL\u003c/opcion1\u003e / \u003cdivisa2 begin\u003d\"227\" class\u003d\"extraction-tag ml-tag\" confidence\u003d\"1/16\" data-value\u003d\"SEK\" end\u003d\"230\" ml-tagorder\u003d\"0\" score\u003d\"0.7259726745389761\" style\u003d\"border: 2px solid rgb(125, 157, 1);\" tabnumber\u003d\"0\" tagorder\u003d\"0\"\u003eSEK\u003c/divisa2\u003e \u003copcion2 begin\u003d\"231\" class\u003d\"extraction-tag ml-tag\" confidence\u003d\"1/16\" data-value\u003d\"PUT\" end\u003d\"234\" ml-tagorder\u003d\"0\" score\u003d\"0.7576591782199764\" style\u003d\"border: 2px solid rgb(125, 157, 1);\" tabnumber\u003d\"0\" tagorder\u003d\"0\"\u003ePUT\u003c/opcion2\u003e NOTIONAL: USD \u003cnominal2 begin\u003d\"249\" class\u003d\"extraction-tag ml-tag\" confidence\u003d\"1/16\" data-value\u003d\"10,000,000.00\" end\u003d\"262\" ml-tagorder\u003d\"0\" score\u003d\"0.6179044946304694\" style\u003d\"border: 2px solid rgb(125, 157, 1);\" tabnumber\u003d\"0\" tagorder\u003d\"0\"\u003e\u003cnominal1 begin\u003d\"249\" class\u003d\"extraction-tag ml-tag\" confidence\u003d\"1/16\" data-value\u003d\"10,000,000.00\" end\u003d\"262\" ml-tagorder\u003d\"0\" score\u003d\"0.8730739280326006\" style\u003d\"border: 2px solid rgb(125, 157, 1);\" tabnumber\u003d\"0\" tagorder\u003d\"0\"\u003e10,000,000.00\u003c/nominal1\u003e\u003c/nominal2\u003e STRIKE: \u003cstrike_ begin\u003d\"271\" class\u003d\"extraction-tag ml-tag\" confidence\u003d\"1/16\" data-value\u003d\"8.31\" end\u003d\"275\" ml-tagorder\u003d\"0\" score\u003d\"0.6860303319941725\" style\u003d\"border: 2px solid rgb(125, 157, 1);\" tabnumber\u003d\"0\" tagorder\u003d\"0\"\u003e8.31\u003c/strike_\u003e OPTION EXPIRY: \u003cfecha_vencimiento begin\u003d\"291\" class\u003d\"extraction-tag ml-tag\" confidence\u003d\"1/16\" data-value\u003d\"28/11/2017\" end\u003d\"301\" ml-tagorder\u003d\"0\" score\u003d\"0.7394585942191978\" style\u003d\"border: 2px solid rgb(125, 157, 1);\" tabnumber\u003d\"0\" tagorder\u003d\"0\"\u003e28/11/2017\u003c/fecha_vencimiento\u003e OPTION \u003ccash_delivery begin\u003d\"309\" class\u003d\"extraction-tag ml-tag\" confidence\u003d\"1/16\" data-value\u003d\"DELIVERY\" end\u003d\"317\" ml-tagorder\u003d\"0\" score\u003d\"0.6851961931303964\" style\u003d\"border: 2px solid rgb(125, 157, 1);\" tabnumber\u003d\"0\" tagorder\u003d\"0\"\u003eDELIVERY\u003c/cash_delivery\u003e: \u003cfecha_pago_vencimiento begin\u003d\"319\" class\u003d\"extraction-tag ml-tag\" confidence\u003d\"1/16\" data-value\u003d\"30/11/2017\" end\u003d\"329\" ml-tagorder\u003d\"0\" score\u003d\"0.6955859639945233\" style\u003d\"border: 2px solid rgb(125, 157, 1);\" tabnumber\u003d\"0\" tagorder\u003d\"0\"\u003e30/11/2017\u003c/fecha_pago_vencimiento\u003e PREMIUM (Client receives) : \u003cdivisa_prima begin\u003d\"358\" class\u003d\"extraction-tag ml-tag\" confidence\u003d\"1/16\" data-value\u003d\"SEK\" end\u003d\"361\" ml-tagorder\u003d\"0\" score\u003d\"0.8216146914682019\" style\u003d\"border: 2px solid rgb(125, 157, 1);\" tabnumber\u003d\"0\" tagorder\u003d\"0\"\u003eSEK\u003c/divisa_prima\u003e \u003cprima begin\u003d\"362\" class\u003d\"extraction-tag ml-tag\" confidence\u003d\"1/16\" data-value\u003d\"376,000.00\" end\u003d\"372\" ml-tagorder\u003d\"0\" score\u003d\"0.7493822762812096\" style\u003d\"border: 2px solid rgb(125, 157, 1);\" tabnumber\u003d\"0\" tagorder\u003d\"0\"\u003e376,000.00\u003c/prima\u003e PREMIUM DELIVERY: \u003cfecha_pago_prima begin\u003d\"391\" class\u003d\"extraction-tag ml-tag\" confidence\u003d\"1/16\" data-value\u003d\"30/10/2017\" end\u003d\"401\" ml-tagorder\u003d\"0\" score\u003d\"0.7600945348164003\" style\u003d\"border: 2px solid rgb(125, 157, 1);\" tabnumber\u003d\"0\" tagorder\u003d\"0\"\u003e30/10/2017\u003c/fecha_pago_prima\u003e DELTA EXCHANGE Client buys 2,900,000.00 USD vs SEK @ 8.22 UK_TLECLER MU GROSS - EUR SC 870 EUR MIFID HR34852643400000000000000 Thank you. Regards. \u003cmeta-manual-answer data-code\u003d\"id_operacion\" data-na\u003d\"true\"\u003e\u003c/meta-manual-answer\u003e\u003cmeta-manual-answer data-code\u003d\"tipo_de_opcion\" data-na\u003d\"true\" tabnumber\u003d\"0\"\u003e\u003c/meta-manual-answer\u003e\u003cmeta-manual-answer data-code\u003d\"nominal2\" data-na\u003d\"true\" tabnumber\u003d\"0\"\u003e\u003c/meta-manual-answer\u003e\u003cmeta-manual-answer data-code\u003d\"precio\" data-na\u003d\"true\" tabnumber\u003d\"0\"\u003e\u003c/meta-manual-answer\u003e\u003cmeta-manual-answer data-code\u003d\"fecha_inicio\" data-na\u003d\"true\" tabnumber\u003d\"0\"\u003e\u003c/meta-manual-answer\u003e\u003cmeta-manual-answer data-code\u003d\"uti_usi\" data-na\u003d\"true\" tabnumber\u003d\"0\"\u003e\u003c/meta-manual-answer\u003e\u003cmeta-manual-answer data-code\u003d\"cash_delivery\" data-na\u003d\"true\" tabnumber\u003d\"0\"\u003e\u003c/meta-manual-answer\u003e\u003cmeta-manual-answer data-code\u003d\"barrier\" data-na\u003d\"true\" tabnumber\u003d\"0\"\u003e\u003c/meta-manual-answer\u003e\u003cmeta-manual-answer data-code\u003d\"barrier_start_date\" data-na\u003d\"true\" tabnumber\u003d\"0\"\u003e\u003c/meta-manual-answer\u003e\u003cmeta-manual-answer data-code\u003d\"tipo_barrera\" data-na\u003d\"true\" tabnumber\u003d\"0\"\u003e\u003c/meta-manual-answer\u003e\u003cmeta-manual-answer data-code\u003d\"estilo_barrera\" data-na\u003d\"true\" tabnumber\u003d\"0\"\u003e\u003c/meta-manual-answer\u003e\u003cmeta-manual-answer data-code\u003d\"rebate\" data-na\u003d\"true\" tabnumber\u003d\"0\"\u003e\u003c/meta-manual-answer\u003e\u003cmeta-manual-answer data-code\u003d\"spot_forward\" data-na\u003d\"true\" tabnumber\u003d\"0\"\u003e\u003c/meta-manual-answer\u003e\u003c/document\u003e ","tags":[{"score":0.7326204403436881,"tabnumber":"0","end":91,"tag":"contrapartida_corta","text":"6ZDJ","begin":87},{"score":0.7235504758323306,"tabnumber":"0","end":148,"tag":"estrategia","text":"BUYER","begin":143},{"score":0.7381158433186608,"tabnumber":"0","end":219,"tag":"divisa1","text":"USD","begin":216},{"score":0.7089061215061313,"tabnumber":"0","end":224,"tag":"opcion1","text":"CALL","begin":220},{"score":0.7259726745389761,"tabnumber":"0","end":230,"tag":"divisa2","text":"SEK","begin":227},{"score":0.7576591782199764,"tabnumber":"0","end":234,"tag":"opcion2","text":"PUT","begin":231},{"score":0.6179044946304694,"tabnumber":"0","end":262,"tag":"nominal2","text":"10,000,000.00","begin":249},{"score":0.8730739280326006,"tabnumber":"0",