{"finalScore":0.6970907267063065,"sumScore":12.547633080713517,"tagsCounter":18.0,"taggedText":"\u003cdocument\u003eTFS-ICAP London VAT Registered Number 766 0854 05 Beaufort House 15 St. Botolph Street London EC3A 7QX Tel: 020 7198 1500 CURRENCY OPTION CONFIRMATION Banco Santander Madrid TFS Ref Page Date Time Trader : 2596626/0/00 : 1 of 1 : \u003cfecha_inicio begin\u003d\"230\" class\u003d\"extraction-tag ml-tag\" confidence\u003d\"1/19\" data-value\u003d\"26 Jul 2017\" end\u003d\"241\" ml-tagorder\u003d\"0\" score\u003d\"0.7917120588729036\" style\u003d\"border: 2px solid rgb(125, 157, 1);\" tabnumber\u003d\"0\" tagorder\u003d\"0\"\u003e26 Jul 2017\u003c/fecha_inicio\u003e : 13:14:00 (UTC) : Howard Buckley Email: fxoptionsmadrid@gruposantander.com ExtDlvry: Not Applicable Sef Reportable No Option Details \u003cestrategia begin\u003d\"376\" class\u003d\"extraction-tag ml-tag\" confidence\u003d\"1/19\" data-value\u003d\"Buyer\" end\u003d\"381\" ml-tagorder\u003d\"0\" score\u003d\"0.7078262490837686\" style\u003d\"border: 2px solid rgb(125, 157, 1);\" tabnumber\u003d\"0\" tagorder\u003d\"0\"\u003eBuyer\u003c/estrategia\u003e Banco Santander Madrid Seller Credit Suisse AG Ccy vs Ccy \u003cdivisa1 begin\u003d\"440\" class\u003d\"extraction-tag ml-tag\" confidence\u003d\"1/19\" data-value\u003d\"EUR\" end\u003d\"443\" ml-tagorder\u003d\"0\" score\u003d\"0.5879185953728758\" style\u003d\"border: 2px solid rgb(125, 157, 1);\" tabnumber\u003d\"0\" tagorder\u003d\"0\"\u003eEUR\u003c/divisa1\u003e vs \u003cdivisa2 begin\u003d\"447\" class\u003d\"extraction-tag ml-tag\" confidence\u003d\"1/19\" data-value\u003d\"USD\" end\u003d\"450\" ml-tagorder\u003d\"0\" score\u003d\"0.6932639365905794\" style\u003d\"border: 2px solid rgb(125, 157, 1);\" tabnumber\u003d\"0\" tagorder\u003d\"0\"\u003eUSD\u003c/divisa2\u003e Option EUR \u003copcion1 begin\u003d\"462\" class\u003d\"extraction-tag ml-tag\" confidence\u003d\"1/19\" data-value\u003d\"Put\" end\u003d\"465\" ml-tagorder\u003d\"0\" score\u003d\"0.6817173190467963\" style\u003d\"border: 2px solid rgb(125, 157, 1);\" tabnumber\u003d\"0\" tagorder\u003d\"0\"\u003ePut\u003c/opcion1\u003e Amount EUR \u003cnominal2 begin\u003d\"477\" class\u003d\"extraction-tag ml-tag\" confidence\u003d\"1/19\" data-value\u003d\"30,000,000\" end\u003d\"487\" ml-tagorder\u003d\"0\" score\u003d\"0.517296484852484\" style\u003d\"border: 2px solid rgb(125, 157, 1);\" tabnumber\u003d\"0\" tagorder\u003d\"0\"\u003e\u003cnominal1 begin\u003d\"477\" class\u003d\"extraction-tag ml-tag\" confidence\u003d\"1/19\" data-value\u003d\"30,000,000\" end\u003d\"487\" ml-tagorder\u003d\"0\" score\u003d\"0.690510967241953\" style\u003d\"border: 2px solid rgb(125, 157, 1);\" tabnumber\u003d\"0\" tagorder\u003d\"0\"\u003e30,000,000\u003c/nominal1\u003e\u003c/nominal2\u003e Expiry Thu \u003cfecha_vencimiento begin\u003d\"499\" class\u003d\"extraction-tag ml-tag\" confidence\u003d\"1/19\" data-value\u003d\"27 Jul 2017\" end\u003d\"510\" ml-tagorder\u003d\"0\" score\u003d\"0.7471763881570257\" style\u003d\"border: 2px solid rgb(125, 157, 1);\" tabnumber\u003d\"0\" tagorder\u003d\"0\"\u003e27 Jul 2017\u003c/fecha_vencimiento\u003e \u003ccash_delivery begin\u003d\"511\" class\u003d\"extraction-tag ml-tag\" confidence\u003d\"1/19\" data-value\u003d\"Delivery\" end\u003d\"519\" ml-tagorder\u003d\"0\" score\u003d\"0.629823124754254\" style\u003d\"border: 2px solid rgb(125, 157, 1);\" tabnumber\u003d\"0\" tagorder\u003d\"0\"\u003eDelivery\u003c/cash_delivery\u003e Mon \u003cfecha_pago_vencimiento begin\u003d\"524\" class\u003d\"extraction-tag ml-tag\" confidence\u003d\"1/19\" data-value\u003d\"31 Jul 2017\" end\u003d\"535\" ml-tagorder\u003d\"0\" score\u003d\"0.7767261711898753\" style\u003d\"border: 2px solid rgb(125, 157, 1);\" tabnumber\u003d\"0\" tagorder\u003d\"0\"\u003e31 Jul 2017\u003c/fecha_pago_vencimiento\u003e Cut NY 10:00 Style \u003ctipo_de_opcion begin\u003d\"555\" class\u003d\"extraction-tag ml-tag\" confidence\u003d\"1/19\" data-value\u003d\"European\" end\u003d\"563\" ml-tagorder\u003d\"0\" score\u003d\"0.5897744523460143\" style\u003d\"border: 2px solid rgb(125, 157, 1);\" tabnumber\u003d\"0\" tagorder\u003d\"0\"\u003eEuropean\u003c/tipo_de_opcion\u003e Strike \u003cstrike_ begin\u003d\"571\" class\u003d\"extraction-tag ml-tag\" confidence\u003d\"1/19\" data-value\u003d\"1.1600\" end\u003d\"577\" ml-tagorder\u003d\"0\" score\u003d\"0.7274555009291155\" style\u003d\"border: 2px solid rgb(125, 157, 1);\" tabnumber\u003d\"0\" tagorder\u003d\"0\"\u003e1.1600\u003c/strike_\u003e Price \u003cprecio begin\u003d\"584\" class\u003d\"extraction-tag ml-tag\" confidence\u003d\"1/19\" data-value\u003d\"USD per1 EUR (15.75\" end\u003d\"603\" ml-tagorder\u003d\"0\" score\u003d\"0.650824488944731\" style\u003d\"border: 2px solid rgb(125, 157, 1);\" tabnumber\u003d\"0\" tagorder\u003d\"0\"\u003eUSD per1 EUR (15.75\u003c/precio\u003e) Premium \u003cdivisa_prima begin\u003d\"613\" class\u003d\"extraction-tag ml-tag\" confidence\u003d\"1/19\" data-value\u003d\"USD\" end\u003d\"616\" ml-tagorder\u003d\"0\" score\u003d\"0.8264384592218741\" style\u003d\"border: 2px solid rgb(125, 157, 1);\" tabnumber\u003d\"0\" tagorder\u003d\"0\"\u003eUSD\u003c/divisa_prima\u003e (\u003cprima begin\u003d\"618\" class\u003d\"extraction-tag ml-tag\" confidence\u003d\"1/19\" data-value\u003d\"47,250.00\" end\u003d\"627\" ml-tagorder\u003d\"0\" score\u003d\"0.6767292475489683\" style\u003d\"border: 2px solid rgb(125, 157, 1);\" tabnumber\u003d\"0\" tagorder\u003d\"0\"\u003e47,250.00\u003c/prima\u003e) Premium Style \u003cspot_forward begin\u003d\"643\" class\u003d\"extraction-tag ml-tag\" confidence\u003d\"1/19\" data-value\u003d\"Forward\" end\u003d\"650\" ml-tagorder\u003d\"0\" score\u003d\"0.7176862814083205\" style\u003d\"border: 2px solid rgb(125, 157, 1);\" tabnumber\u003d\"0\" tagorder\u003d\"0\"\u003eForward\u003c/spot_forward\u003e Vol 13.000% UTI \u003cuti_usi begin\u003d\"667\" class\u003d\"extraction-tag ml-tag\" confidence\u003d\"1/19\" data-value\u003d\"1010000286BSECUFXO-2596626-1\" end\u003d\"695\" ml-tagorder\u003d\"0\" score\u003d\"0.7871756162626763\" style\u003d\"border: 2px solid rgb(125, 157, 1);\" tabnumber\u003d\"0\" tagorder\u003d\"0\"\u003e1010000286BSECUFXO-2596626-1\u003c/uti_usi\u003e Premium Payment You pay USD 47,250.00 Value Date \u003cfecha_pago_prima begin\u003d\"745\" class\u003d\"extraction-tag ml-tag\" confidence\u003d\"1/19\" data-value\u003d\"31 Jul 2017\" end\u003d\"756\" ml-tagorder\u003d\"0\" score\u003d\"0.7475777388893002\" style\u003d\"border: 2px solid rgb(125, 157, 1);\" tabnumber\u003d\"0\" tagorder\u003d\"0\"\u003e31 Jul 2017\u003c/fecha_pago_prima\u003e Delta Payment Buyer Banco Santander Madrid Seller Credit Suisse AG Type EURUSD Forward Amount EUR 9,300,000 Rate 1.16395 Value Date 31 Jul 2017 UTI 1010000286BSECUFXO-2596626-2 Brokerage Ccy EUR Amount 450 We have acted as brokers, for your account and risk. For payment of brokerage please refer to our monthly statement. Confirmation queries - telephone 44 (0) 20 7454 9422. Authorised and Regulated by the Financial Conduct Authority. _____ The information herein may have been obtained from various sources. Any opinion expressed may be that of the sender only, is subject to change without notice and should be independently evaluated. Nothing herein constitutes investment advice or an offer, or solicitation of an offer, to buy or sell any financial product. Any data consists of purely indicative prices and should not be relied upon to revalue any commercial positions held by any recipient. Tradition makes no warranty that the data represent or indicates prices at which transactions may be or have been made by any Tradition Group company. To the maximum extent of the law, Tradition accepts no responsibility for, and cannot and does not warrant the integrity, accuracy, quality, completeness, merchantability or suitability for a particular purpose or requirement of the information or data, even 