{"finalScore":0.6971748105771342,"sumScore":11.851971779811281,"tagsCounter":17.0,"taggedText":"\u003cdocument\u003eCustomer Pays \u003cprecio begin\u003d\"14\" class\u003d\"extraction-tag ml-tag\" confidence\u003d\"1/18\" data-value\u003d\"0.0940\" end\u003d\"20\" ml-tagorder\u003d\"0\" score\u003d\"0.6209449123812223\" style\u003d\"border: 2px solid rgb(125, 157, 1);\" tabnumber\u003d\"0\" tagorder\u003d\"0\"\u003e0.0940\u003c/precio\u003e % of GBP face Customer Pays Premium GBP 14,100.00 on 10-Oct-17 Trade Time: Fri Oct 06 17:36:53 GMT 2017 Buy/Sell: Counterparty buys/\u003ccontrapartida_corta begin\u003d\"153\" class\u003d\"extraction-tag ml-tag\" confidence\u003d\"1/18\" data-value\u003d\"JPM\" end\u003d\"156\" ml-tagorder\u003d\"0\" score\u003d\"0.5767512713096948\" style\u003d\"border: 2px solid rgb(125, 157, 1);\" tabnumber\u003d\"0\" tagorder\u003d\"0\"\u003e\u003ccontrapartida begin\u003d\"153\" class\u003d\"extraction-tag ml-tag\" confidence\u003d\"1/18\" data-value\u003d\"JPM\" end\u003d\"156\" ml-tagorder\u003d\"0\" score\u003d\"0.6881662477223407\" style\u003d\"border: 2px solid rgb(125, 157, 1);\" tabnumber\u003d\"0\" tagorder\u003d\"0\"\u003eJPM\u003c/contrapartida\u003e\u003c/contrapartida_corta\u003e sells FX Pair: \u003cdivisa2 begin\u003d\"172\" class\u003d\"extraction-tag ml-tag\" confidence\u003d\"1/18\" data-value\u003d\"GBPUSD\" end\u003d\"178\" ml-tagorder\u003d\"0\" score\u003d\"0.6071519804443541\" style\u003d\"border: 2px solid rgb(125, 157, 1);\" tabnumber\u003d\"0\" tagorder\u003d\"0\"\u003eGBPUSD\u003c/divisa2\u003e Put/Call: \u003copcion2 begin\u003d\"189\" class\u003d\"extraction-tag ml-tag\" confidence\u003d\"1/18\" data-value\u003d\"Put\" end\u003d\"192\" ml-tagorder\u003d\"0\" score\u003d\"0.6742024983003904\" style\u003d\"border: 2px solid rgb(125, 157, 1);\" tabnumber\u003d\"0\" tagorder\u003d\"0\"\u003e\u003copcion1 begin\u003d\"189\" class\u003d\"extraction-tag ml-tag\" confidence\u003d\"1/18\" data-value\u003d\"Put\" end\u003d\"192\" ml-tagorder\u003d\"0\" score\u003d\"0.7217716387644767\" style\u003d\"border: 2px solid rgb(125, 157, 1);\" tabnumber\u003d\"0\" tagorder\u003d\"0\"\u003ePut\u003c/opcion1\u003e\u003c/opcion2\u003e on GBP Strike: \u003cstrike_ begin\u003d\"208\" class\u003d\"extraction-tag ml-tag\" confidence\u003d\"1/18\" data-value\u003d\"1.2925\" end\u003d\"214\" ml-tagorder\u003d\"0\" score\u003d\"0.8196938637864623\" style\u003d\"border: 2px solid rgb(125, 157, 1);\" tabnumber\u003d\"0\" tagorder\u003d\"0\"\u003e1.2925\u003c/strike_\u003e Expiration Date: Mon \u003cfecha_vencimiento begin\u003d\"236\" class\u003d\"extraction-tag ml-tag\" confidence\u003d\"1/18\" data-value\u003d\"09Oct2017\" end\u003d\"245\" ml-tagorder\u003d\"0\" score\u003d\"0.6980268225522592\" style\u003d\"border: 2px solid rgb(125, 157, 1);\" tabnumber\u003d\"0\" tagorder\u003d\"0\"\u003e09Oct2017\u003c/fecha_vencimiento\u003e Settlement Date: Wed \u003cfecha_pago_vencimiento begin\u003d\"267\" class\u003d\"extraction-tag ml-tag\" confidence\u003d\"1/18\" data-value\u003d\"11Oct2017\" end\u003d\"276\" ml-tagorder\u003d\"0\" score\u003d\"0.6741225688203693\" style\u003d\"border: 2px solid rgb(125, 157, 1);\" tabnumber\u003d\"0\" tagorder\u003d\"0\"\u003e11Oct2017\u003c/fecha_pago_vencimiento\u003e Quantity: \u003cnominal1 begin\u003d\"287\" class\u003d\"extraction-tag ml-tag\" confidence\u003d\"1/18\" data-value\u003d\"15,000,000.00\" end\u003d\"300\" ml-tagorder\u003d\"0\" score\u003d\"0.6896631191977886\" style\u003d\"border: 2px solid rgb(125, 157, 1);\" tabnumber\u003d\"0\" tagorder\u003d\"0\"\u003e15,000,000.00\u003c/nominal1\u003e GBP Other Quantity: \u003cnominal2 begin\u003d\"321\" class\u003d\"extraction-tag ml-tag\" confidence\u003d\"1/18\" data-value\u003d\"19,387,500.00\" end\u003d\"334\" ml-tagorder\u003d\"0\" score\u003d\"0.7309824159824326\" style\u003d\"border: 2px solid rgb(125, 157, 1);\" tabnumber\u003d\"0\" tagorder\u003d\"0\"\u003e19,387,500.00\u003c/nominal2\u003e USD Premium: \u003cprima begin\u003d\"348\" class\u003d\"extraction-tag ml-tag\" confidence\u003d\"1/18\" data-value\u003d\"14,100.00\" end\u003d\"357\" ml-tagorder\u003d\"0\" score\u003d\"0.755944643107428\" style\u003d\"border: 2px solid rgb(125, 157, 1);\" tabnumber\u003d\"0\" tagorder\u003d\"0\"\u003e14,100.00\u003c/prima\u003e \u003cdivisa_prima begin\u003d\"358\" class\u003d\"extraction-tag ml-tag\" confidence\u003d\"1/18\" data-value\u003d\"GBP\" end\u003d\"361\" ml-tagorder\u003d\"0\" score\u003d\"0.7132801394310381\" style\u003d\"border: 2px solid rgb(125, 157, 1);\" tabnumber\u003d\"0\" tagorder\u003d\"0\"\u003eGBP\u003c/divisa_prima\u003e Premium Date: Tue \u003cfecha_pago_prima begin\u003d\"380\" class\u003d\"extraction-tag ml-tag\" confidence\u003d\"1/18\" data-value\u003d\"10Oct2017\" end\u003d\"389\" ml-tagorder\u003d\"0\" score\u003d\"0.7244452355653627\" style\u003d\"border: 2px solid rgb(125, 157, 1);\" tabnumber\u003d\"0\" tagorder\u003d\"0\"\u003e10Oct2017\u003c/fecha_pago_prima\u003e Settlement Type: \u003ccash_delivery begin\u003d\"407\" class\u003d\"extraction-tag ml-tag\" confidence\u003d\"1/18\" data-value\u003d\"Physical\" end\u003d\"415\" ml-tagorder\u003d\"0\" score\u003d\"0.7061130956986096\" style\u003d\"border: 2px solid rgb(125, 157, 1);\" tabnumber\u003d\"0\" tagorder\u003d\"0\"\u003ePhysical\u003c/cash_delivery\u003e Settlement Ccy: N/A Instrument Type: \u003ctipo_de_opcion begin\u003d\"453\" class\u003d\"extraction-tag ml-tag\" confidence\u003d\"1/18\" data-value\u003d\"Vanilla\" end\u003d\"460\" ml-tagorder\u003d\"0\" score\u003d\"0.723050521781849\" style\u003d\"border: 2px solid rgb(125, 157, 1);\" tabnumber\u003d\"0\" tagorder\u003d\"0\"\u003eVanilla\u003c/tipo_de_opcion\u003e Settlement Location: LONDON Expiration Cut: NYC Volatility: 7.752/11.596 ǀ Mid 9.674 Depo: Denominated 0.99996432 ǀ Asset 0.99999802 Spot Rate: 1.30557 Forward Rate: 1.305609 Forward Pts: 0.43 Trade ID: MDFXO_1-1LN00E Account: BANCO SANTANDER SA UTI: \u003cuti_usi begin\u003d\"712\" class\u003d\"extraction-tag ml-tag\" confidence\u003d\"1/18\" data-value\u003d\"GFXFXO0000000000000000001ZA7SG0N\" end\u003d\"744\" ml-tagorder\u003d\"0\" score\u003d\"0.7276608049652045\" style\u003d\"border: 2px solid rgb(125, 157, 1);\" tabnumber\u003d\"0\" tagorder\u003d\"0\"\u003eGFXFXO0000000000000000001ZA7SG0N\u003c/uti_usi\u003e USI: GFXFXO0000000000000000001ZA7SG0N DO NOT REPLY - This is a system generated message. If you have any questions about this message please contact J.P. Morgan FX \u0026amp; Commodities e-Trading Client Services Hotline: Europe +44-207-777-4422 North America +1 877 339 5762 Japan +81 3 6736 7888 Asia ex-Japan +65 6882 7222 * email: fxc.ecs@jpmorgan.com \u003cfxc.ecs @jpmorgan.com\u003d\"\"\u003e . This message is provided for informational purposes only and is subject to change without notice. It is not intended as research, a recommendation, advice, offer or solicitation to buy or sell any financial product or service, nor a confirmation of terms. The recipient should rely solely on the final transaction documentation containing the definitive terms and conditions of the transaction, which in the event of an inconsistency, will override the information in this message. Please consult your own advisors regarding legal, tax, accounting or any other aspects including suitability implications for your particular circumstances. J.P. Morgan disclaims any responsibility or liability whatsoever for the quality, accuracy or completeness of the information herein, and for any reliance on, or uses to which, the information in this message is put. This message is specific for the recipient and may not be reproduced, redistributed or transmitted, in whole or in part, without the prior written consent of J.P. Morgan. If you are not the intended recipient, you are not authorized to use the information in this message in any way, please delete this message and notify the sender immediately. Any unauthorized use is strictly 