{"finalScore":0.7024167884706054,"sumScore":12.643502192470898,"tagsCounter":18.0,"taggedText":"\u003cdocument\u003eTFS-ICAP London VAT Registered Number 766 0854 05 Beaufort House 15 St. Botolph Street London EC3A 7QX Tel: 020 7198 1500 CURRENCY OPTION CONFIRMATION Banco Santander Madrid TFS Ref Page Date Time Trader : 2597596/0/00 : 1 of 1 : \u003cfecha_inicio begin\u003d\"230\" class\u003d\"extraction-tag ml-tag\" confidence\u003d\"1/19\" data-value\u003d\"01 Aug 2017\" end\u003d\"241\" ml-tagorder\u003d\"0\" score\u003d\"0.7472156758587941\" style\u003d\"border: 2px solid rgb(125, 157, 1);\" tabnumber\u003d\"0\" tagorder\u003d\"0\"\u003e01 Aug 2017\u003c/fecha_inicio\u003e : 11:07:43 (UTC) : Howard Buckley Email: fxoptionsmadrid@gruposantander.com ExtDlvry: Not Applicable Sef Reportable No Option Details Buyer \u003ccontrapartida begin\u003d\"382\" class\u003d\"extraction-tag ml-tag\" confidence\u003d\"1/19\" data-value\u003d\"BNP Paribas Paris\" end\u003d\"399\" ml-tagorder\u003d\"0\" score\u003d\"0.747580412193967\" style\u003d\"border: 2px solid rgb(125, 157, 1);\" tabnumber\u003d\"0\" tagorder\u003d\"0\"\u003eBNP Paribas Paris\u003c/contrapartida\u003e Seller Banco Santander Madrid Ccy vs Ccy \u003cdivisa1 begin\u003d\"441\" class\u003d\"extraction-tag ml-tag\" confidence\u003d\"1/19\" data-value\u003d\"EUR\" end\u003d\"444\" ml-tagorder\u003d\"0\" score\u003d\"0.5879185953728758\" style\u003d\"border: 2px solid rgb(125, 157, 1);\" tabnumber\u003d\"0\" tagorder\u003d\"0\"\u003eEUR\u003c/divisa1\u003e vs \u003cdivisa2 begin\u003d\"448\" class\u003d\"extraction-tag ml-tag\" confidence\u003d\"1/19\" data-value\u003d\"USD\" end\u003d\"451\" ml-tagorder\u003d\"0\" score\u003d\"0.6933460580354834\" style\u003d\"border: 2px solid rgb(125, 157, 1);\" tabnumber\u003d\"0\" tagorder\u003d\"0\"\u003eUSD\u003c/divisa2\u003e Option EUR \u003copcion1 begin\u003d\"463\" class\u003d\"extraction-tag ml-tag\" confidence\u003d\"1/19\" data-value\u003d\"Call\" end\u003d\"467\" ml-tagorder\u003d\"0\" score\u003d\"0.7271067466349169\" style\u003d\"border: 2px solid rgb(125, 157, 1);\" tabnumber\u003d\"0\" tagorder\u003d\"0\"\u003eCall\u003c/opcion1\u003e Amount EUR \u003cnominal2 begin\u003d\"479\" class\u003d\"extraction-tag ml-tag\" confidence\u003d\"1/19\" data-value\u003d\"30,000,000\" end\u003d\"489\" ml-tagorder\u003d\"0\" score\u003d\"0.5217007842518799\" style\u003d\"border: 2px solid rgb(125, 157, 1);\" tabnumber\u003d\"0\" tagorder\u003d\"0\"\u003e\u003cnominal1 begin\u003d\"479\" class\u003d\"extraction-tag ml-tag\" confidence\u003d\"1/19\" data-value\u003d\"30,000,000\" end\u003d\"489\" ml-tagorder\u003d\"0\" score\u003d\"0.7273467652733768\" style\u003d\"border: 2px solid rgb(125, 157, 1);\" tabnumber\u003d\"0\" tagorder\u003d\"0\"\u003e30,000,000\u003c/nominal1\u003e\u003c/nominal2\u003e Expiry Mon \u003cfecha_vencimiento begin\u003d\"501\" class\u003d\"extraction-tag ml-tag\" confidence\u003d\"1/19\" data-value\u003d\"07 Aug 2017\" end\u003d\"512\" ml-tagorder\u003d\"0\" score\u003d\"0.775373263911286\" style\u003d\"border: 2px solid rgb(125, 157, 1);\" tabnumber\u003d\"0\" tagorder\u003d\"0\"\u003e07 Aug 2017\u003c/fecha_vencimiento\u003e \u003ccash_delivery begin\u003d\"513\" class\u003d\"extraction-tag ml-tag\" confidence\u003d\"1/19\" data-value\u003d\"Delivery\" end\u003d\"521\" ml-tagorder\u003d\"0\" score\u003d\"0.6773280293322822\" style\u003d\"border: 2px solid rgb(125, 157, 1);\" tabnumber\u003d\"0\" tagorder\u003d\"0\"\u003eDelivery\u003c/cash_delivery\u003e Wed \u003cfecha_pago_vencimiento begin\u003d\"526\" class\u003d\"extraction-tag ml-tag\" confidence\u003d\"1/19\" data-value\u003d\"09 Aug 2017\" end\u003d\"537\" ml-tagorder\u003d\"0\" score\u003d\"0.7669028479988648\" style\u003d\"border: 2px solid rgb(125, 157, 1);\" tabnumber\u003d\"0\" tagorder\u003d\"0\"\u003e09 Aug 2017\u003c/fecha_pago_vencimiento\u003e Cut NY 10:00 Style \u003ctipo_de_opcion begin\u003d\"557\" class\u003d\"extraction-tag ml-tag\" confidence\u003d\"1/19\" data-value\u003d\"European\" end\u003d\"565\" ml-tagorder\u003d\"0\" score\u003d\"0.5190081173505912\" style\u003d\"border: 2px solid rgb(125, 157, 1);\" tabnumber\u003d\"0\" tagorder\u003d\"0\"\u003eEuropean\u003c/tipo_de_opcion\u003e Strike \u003cstrike_ begin\u003d\"573\" class\u003d\"extraction-tag ml-tag\" confidence\u003d\"1/19\" data-value\u003d\"1.1900\" end\u003d\"579\" ml-tagorder\u003d\"0\" score\u003d\"0.7192652094905502\" style\u003d\"border: 2px solid rgb(125, 157, 1);\" tabnumber\u003d\"0\" tagorder\u003d\"0\"\u003e1.1900\u003c/strike_\u003e Price \u003cprecio begin\u003d\"586\" class\u003d\"extraction-tag ml-tag\" confidence\u003d\"1/19\" data-value\u003d\"USD per1 EUR 17.25\" end\u003d\"604\" ml-tagorder\u003d\"0\" score\u003d\"0.6816715141697458\" style\u003d\"border: 2px solid rgb(125, 157, 1);\" tabnumber\u003d\"0\" tagorder\u003d\"0\"\u003eUSD per1 EUR 17.25\u003c/precio\u003e Premium \u003cdivisa_prima begin\u003d\"613\" class\u003d\"extraction-tag ml-tag\" confidence\u003d\"1/19\" data-value\u003d\"USD\" end\u003d\"616\" ml-tagorder\u003d\"0\" score\u003d\"0.7269854268973516\" style\u003d\"border: 2px solid rgb(125, 157, 1);\" tabnumber\u003d\"0\" tagorder\u003d\"0\"\u003eUSD\u003c/divisa_prima\u003e \u003cprima begin\u003d\"617\" class\u003d\"extraction-tag ml-tag\" confidence\u003d\"1/19\" data-value\u003d\"51,750.00\" end\u003d\"626\" ml-tagorder\u003d\"0\" score\u003d\"0.7348237653092472\" style\u003d\"border: 2px solid rgb(125, 157, 1);\" tabnumber\u003d\"0\" tagorder\u003d\"0\"\u003e51,750.00\u003c/prima\u003e Premium Style \u003cspot_forward begin\u003d\"641\" class\u003d\"extraction-tag ml-tag\" confidence\u003d\"1/19\" data-value\u003d\"Forward\" end\u003d\"648\" ml-tagorder\u003d\"0\" score\u003d\"0.7176862814083205\" style\u003d\"border: 2px solid rgb(125, 157, 1);\" tabnumber\u003d\"0\" tagorder\u003d\"0\"\u003eForward\u003c/spot_forward\u003e Vol 7.750% UTI \u003cuti_usi begin\u003d\"664\" class\u003d\"extraction-tag ml-tag\" confidence\u003d\"1/19\" data-value\u003d\"1010000286BSECUFXO-2597596-1\" end\u003d\"692\" ml-tagorder\u003d\"0\" score\u003d\"0.8482930023086838\" style\u003d\"border: 2px solid rgb(125, 157, 1);\" tabnumber\u003d\"0\" tagorder\u003d\"0\"\u003e1010000286BSECUFXO-2597596-1\u003c/uti_usi\u003e Premium Payment You receive USD 51,750.00 Value Date \u003cfecha_pago_prima begin\u003d\"746\" class\u003d\"extraction-tag ml-tag\" confidence\u003d\"1/19\" data-value\u003d\"09 Aug 2017\" end\u003d\"757\" ml-tagorder\u003d\"0\" score\u003d\"0.7239496966726777\" style\u003d\"border: 2px solid rgb(125, 157, 1);\" tabnumber\u003d\"0\" tagorder\u003d\"0\"\u003e09 Aug 2017\u003c/fecha_pago_prima\u003e Delta Payment Buyer Banco Santander Madrid Seller BNP Paribas Paris Type EURUSD Forward Amount EUR 7,500,000 Rate 1.18195 Value Date 09 Aug 2017 UTI 1010000286BSECUFXO-2597596-2 Brokerage Ccy EUR Amount 450 We have acted as brokers, for your account and risk. For payment of brokerage please refer to our monthly statement. Confirmation queries - telephone 44 (0) 20 7454 9422. Authorised and Regulated by the Financial Conduct Authority. _____ The information herein may have been obtained from various sources. Any opinion expressed may be that of the sender only, is subject to change without notice and should be independently evaluated. Nothing herein constitutes investment advice or an offer, or solicitation of an offer, to buy or sell any financial product. Any data consists of purely indicative prices and should not be relied upon to revalue any commercial positions held by any recipient. Tradition makes no warranty that the data represent or indicates prices at which transactions may be or have been made by any Tradition Group company. To the maximum extent of the law, Tradition accepts no responsibility for, and cannot and does not warrant the integrity, accuracy, quality, completeness, merchantability or suitability for a particular purpose or requirement of the 