{"finalScore":0.648609933493924,"sumScore":9.080539068914936,"tagsCounter":14.0,"taggedText":"\u003cdocument\u003e\u003cstyle type\u003d\"text/css\"\u003e\u003c/style\u003e\u003cdiv\u003e\u003cp\u003e\u003ccontrapartida begin\u003d\"9\" class\u003d\"extraction-tag ml-tag\" confidence\u003d\"1/15\" data-value\u003d\"Pvapmnwss\" end\u003d\"18\" ml-tagorder\u003d\"0\" score\u003d\"0.4524983662985087\" style\u003d\"border: 2px solid rgb(125, 157, 1);\" tabnumber\u003d\"0\" tagorder\u003d\"0\"\u003e\u003cmeta content\u003d\"text-html; charset\u003dutf-8\"\u003e\u003c/meta\u003e\u003cbase\u003e\u003c/base\u003ePvapmnwss\u003c/contrapartida\u003e \u003cestrategia begin\u003d\"19\" class\u003d\"extraction-tag ml-tag\" confidence\u003d\"1/15\" data-value\u003d\"buys\" end\u003d\"23\" ml-tagorder\u003d\"0\" score\u003d\"0.6682675129620381\" style\u003d\"border: 2px solid rgb(125, 157, 1);\" tabnumber\u003d\"0\" tagorder\u003d\"0\"\u003ebuys\u003c/estrategia\u003e \u003cnominal1 begin\u003d\"24\" class\u003d\"extraction-tag ml-tag\" confidence\u003d\"1/15\" data-value\u003d\"20m\" end\u003d\"27\" ml-tagorder\u003d\"0\" score\u003d\"0.7030450256834726\" style\u003d\"border: 2px solid rgb(125, 157, 1);\" tabnumber\u003d\"0\" tagorder\u003d\"0\"\u003e20m\u003c/nominal1\u003e usd from Banco Santander\u003c/p\u003e \n \n\u003cp\u003e\u003cstrike_ begin\u003d\"54\" class\u003d\"extraction-tag ml-tag\" confidence\u003d\"1/15\" data-value\u003d\"19.7500\" end\u003d\"61\" ml-tagorder\u003d\"0\" score\u003d\"0.7945002870784699\" style\u003d\"border: 2px solid rgb(125, 157, 1);\" tabnumber\u003d\"0\" tagorder\u003d\"0\"\u003e19.7500\u003c/strike_\u003e \u003cdivisa1 begin\u003d\"62\" class\u003d\"extraction-tag ml-tag\" confidence\u003d\"1/15\" data-value\u003d\"usd\" end\u003d\"65\" ml-tagorder\u003d\"0\" score\u003d\"0.680092526682833\" style\u003d\"border: 2px solid rgb(125, 157, 1);\" tabnumber\u003d\"0\" tagorder\u003d\"0\"\u003eusd\u003c/divisa1\u003e \u003copcion1 begin\u003d\"66\" class\u003d\"extraction-tag ml-tag\" confidence\u003d\"1/15\" data-value\u003d\"put\" end\u003d\"69\" ml-tagorder\u003d\"0\" score\u003d\"0.6384428821616647\" style\u003d\"border: 2px solid rgb(125, 157, 1);\" tabnumber\u003d\"0\" tagorder\u003d\"0\"\u003eput\u003c/opcion1\u003e \u003cdivisa2 begin\u003d\"70\" class\u003d\"extraction-tag ml-tag\" confidence\u003d\"1/15\" data-value\u003d\"mxn\" end\u003d\"73\" ml-tagorder\u003d\"0\" score\u003d\"0.7073404078529621\" style\u003d\"border: 2px solid rgb(125, 157, 1);\" tabnumber\u003d\"0\" tagorder\u003d\"0\"\u003emxn\u003c/divisa2\u003e \u003copcion2 begin\u003d\"74\" class\u003d\"extraction-tag ml-tag\" confidence\u003d\"1/15\" data-value\u003d\"call\" end\u003d\"78\" ml-tagorder\u003d\"0\" score\u003d\"0.7384970176600129\" style\u003d\"border: 2px solid rgb(125, 157, 1);\" tabnumber\u003d\"0\" tagorder\u003d\"0\"\u003ecall\u003c/opcion2\u003e\u003c/p\u003e \n \n\u003cp\u003e\u003cfecha_vencimiento begin\u003d\"80\" class\u003d\"extraction-tag ml-tag\" confidence\u003d\"1/15\" data-value\u003d\"28 Dec 2017\" end\u003d\"91\" ml-tagorder\u003d\"0\" score\u003d\"0.47413308918181696\" style\u003d\"border: 2px solid rgb(125, 157, 1);\" tabnumber\u003d\"0\" tagorder\u003d\"0\"\u003e28 Dec 2017\u003c/fecha_vencimiento\u003e РІР\u0026sbquo;вЂњ \u003cfecha_pago_vencimiento begin\u003d\"100\" class\u003d\"extraction-tag ml-tag\" confidence\u003d\"1/15\" data-value\u003d\"2 Jan 2018\" end\u003d\"110\" ml-tagorder\u003d\"0\" score\u003d\"0.6859078894201847\" style\u003d\"border: 2px solid rgb(125, 157, 1);\" tabnumber\u003d\"0\" tagorder\u003d\"0\"\u003e2 Jan 2018\u003c/fecha_pago_vencimiento\u003e\u003c/p\u003e \n \n\u003cp\u003eVol: 15.5\u003c/p\u003e \n \n\u003cp\u003e\u003c/p\u003e \n \n\u003cp\u003eMc: \u003cprecio begin\u003d\"129\" class\u003d\"extraction-tag ml-tag\" confidence\u003d\"1/15\" data-value\u003d\"0.2725%\" end\u003d\"136\" ml-tagorder\u003d\"0\" score\u003d\"0.7702278494011743\" style\u003d\"border: 2px solid rgb(125, 157, 1);\" tabnumber\u003d\"0\" tagorder\u003d\"0\"\u003e0.2725%\u003c/precio\u003e \u003cdivisa_prima begin\u003d\"137\" class\u003d\"extraction-tag ml-tag\" confidence\u003d\"1/15\" data-value\u003d\"usd\" end\u003d\"140\" ml-tagorder\u003d\"0\" score\u003d\"0.7097833600079467\" style\u003d\"border: 2px solid rgb(125, 157, 1);\" tabnumber\u003d\"0\" tagorder\u003d\"0\"\u003eusd\u003c/divisa_prima\u003e\u003c/p\u003e \n \n\u003cp\u003e\u003cspot_forward begin\u003d\"142\" class\u003d\"extraction-tag ml-tag\" confidence\u003d\"1/15\" data-value\u003d\"Spot\" end\u003d\"146\" ml-tagorder\u003d\"0\" score\u003d\"0.4626782874806274\" style\u003d\"border: 2px solid rgb(125, 157, 1);\" tabnumber\u003d\"0\" tagorder\u003d\"0\"\u003eSpot\u003c/spot_forward\u003e: 19.7600\u003c/p\u003e \n \n\u003cp\u003eSwaps: 115.00\u003c/p\u003e \n \n\u003cp\u003eUSD Depo: 0.00\u003c/p\u003e \n \n\u003cp\u003e\u003c/p\u003e \n \n\u003cp\u003eHedge STDL buys 9.2m usd from SANT @ 19.7715\u003c/p\u003e \n \n\u003cp\u003ePrem and hedge valued at 2 Jan 2018\u003c/p\u003e \n \n\u003cp\u003e\u003c/p\u003e \n \n\u003cp\u003eMc: \u003cuti_usi begin\u003d\"279\" class\u003d\"extraction-tag ml-tag\" confidence\u003d\"1/15\" data-value\u003d\"BKRBLTL5343293\" end\u003d\"293\" ml-tagorder\u003d\"0\" score\u003d\"0.5951245670432228\" style\u003d\"border: 2px solid rgb(125, 157, 1);\" tabnumber\u003d\"0\" tagorder\u003d\"0\"\u003eBKRBLTL5343293\u003c/uti_usi\u003e\u003c/p\u003e \n \n\u003cp\u003e\u003c/p\u003e \n \n\u003cp\u003e\u003c/p\u003e \n \n\u003cp\u003e\u003c/p\u003e \n \n\u003cp\u003e\u003cstrong\u003eMatt Neuenschwander\u003c/strong\u003e\u003c/p\u003e \n \n\u003cp\u003eBGC Partners\u003c/p\u003e \n \n\u003cp\u003eFX Options\u003c/p\u003e \n \n\u003cp\u003e1-212-829-5497- Desk\u003c/p\u003e \n \n\u003cp\u003e\u003c/p\u003e \n \n\u003cp\u003eAll transaction details sent to you are for your convenience only. All transactions are subject to final terms as indicated on the confirmation provided by BGC Derivatives Markets, LP\u003c/p\u003e \n \n\u003cp\u003e\u003c/p\u003e \n \n\u003c/div\u003e\n\n http://www.bgcpartners.com CONFIDENTIAL: This e-mail has been sent to you by one of the BGC entities (collectively BGC) Please see important legal information and disclaimer relating to this mail at the following links: http://www.bgcpartners.com/disclaimers/ Please see for BGC Disclosures The link contains company and FCA registration numbers. This e-mail, including its contents and attachments, if any, are confidential. If you are not the named recipient please notify the sender and immediately delete it. You may not disseminate, distribute, or forward this e-mail message or disclose its contents to anybody else. Copyright and any other intellectual property rights in its contents are the sole property of BGC and its affiliates. E-mail transmission cannot be guaranteed to be secure or error-free. The sender therefore does not accept liability for any errors or omissions in the contents of this message which arise as a result of e-mail transmission. If verification is required please request a hard-copy version. Although we routinely screen for viruses, addressees should check this e-mail and any attachments for viruses. We make no representation or warranty as to the absence of viruses in this e-mail or any attachments. Please note that to ensure regulatory compliance and for the protection of our customers and business, we may monitor and read e-mails sent to and from our server(s). The registered offices of the BGC entities are at 1 Churchill Place, London, E14 5RD. For any issues arising from this email please reply to the sender. The FCA register appears at http://www.FCA.org.uk/register/. The FCA regulates the financial services industry in the United Kingdom and is located at 25 The North Colonnade, Canary Wharf, London, E14 5HS. BGC Financial LP CFTC Rule 1.55(K) Firm Specific Disclosure Statement\u003cmeta-manual-answer 