{"finalScore":0.7671516233208653,"sumScore":9.205819479850383,"tagsCounter":12.0,"taggedText":"\u003cdocument\u003e\u003cstyle type\u003d\"text/css\"\u003e\u003c/style\u003e\u003cdiv\u003e\u003cp\u003e\u003cspan\u003e\u003cmeta content\u003d\"text-html; charset\u003dutf-8\"\u003e\u003c/meta\u003e\u003cbase\u003e\u003c/base\u003e\u003c/span\u003e\u003c/p\u003e \u003cp\u003e\u003c/p\u003e \n \n\u003cp\u003e\u003cspan\u003e16,274,379\u003c/span\u003e\u003c/p\u003e \n \n\u003cp\u003e\u003cspan\u003e16,274,382\u003c/span\u003e\u003c/p\u003e \n \n\u003cp\u003e\u003c/p\u003e \n \n\u003cp\u003e\u003cspan\u003eSan MAdrid\u003c/span\u003e\u003c/p\u003e \n \n\u003cp\u003e\u003cspan\u003e\u003cestrategia begin\u003d\"56\" class\u003d\"extraction-tag ml-tag\" confidence\u003d\"1/13\" data-value\u003d\"Sells\" end\u003d\"61\" ml-tagorder\u003d\"0\" score\u003d\"0.8861164004295577\" style\u003d\"border: 2px solid rgb(125, 157, 1);\" tabnumber\u003d\"0\" tagorder\u003d\"0\"\u003eSells\u003c/estrategia\u003e \u003cnominal1 begin\u003d\"62\" class\u003d\"extraction-tag ml-tag\" confidence\u003d\"1/13\" data-value\u003d\"30mios\" end\u003d\"68\" ml-tagorder\u003d\"0\" score\u003d\"0.8228682745201111\" style\u003d\"border: 2px solid rgb(125, 157, 1);\" tabnumber\u003d\"0\" tagorder\u003d\"0\"\u003e30mios\u003c/nominal1\u003e \u003copcion2 begin\u003d\"69\" class\u003d\"extraction-tag ml-tag\" confidence\u003d\"1/13\" data-value\u003d\"USDPutMXNCall\" end\u003d\"82\" ml-tagorder\u003d\"0\" score\u003d\"0.9057618849382364\" style\u003d\"border: 2px solid rgb(125, 157, 1);\" tabnumber\u003d\"0\" tagorder\u003d\"0\"\u003e\u003copcion1 begin\u003d\"69\" class\u003d\"extraction-tag ml-tag\" confidence\u003d\"1/13\" data-value\u003d\"USDPutMXNCall\" end\u003d\"82\" ml-tagorder\u003d\"0\" score\u003d\"0.9004637830068312\" style\u003d\"border: 2px solid rgb(125, 157, 1);\" tabnumber\u003d\"0\" tagorder\u003d\"0\"\u003e\u003cdivisa2 begin\u003d\"69\" class\u003d\"extraction-tag ml-tag\" confidence\u003d\"1/13\" data-value\u003d\"USDPutMXNCall\" end\u003d\"82\" ml-tagorder\u003d\"0\" score\u003d\"0.8268216575978063\" style\u003d\"border: 2px solid rgb(125, 157, 1);\" tabnumber\u003d\"0\" tagorder\u003d\"0\"\u003e\u003cdivisa1 begin\u003d\"69\" class\u003d\"extraction-tag ml-tag\" confidence\u003d\"1/13\" data-value\u003d\"USDPutMXNCall\" end\u003d\"82\" ml-tagorder\u003d\"0\" score\u003d\"0.7913081436597206\" style\u003d\"border: 2px solid rgb(125, 157, 1);\" tabnumber\u003d\"0\" tagorder\u003d\"0\"\u003eUSDPutMXNCall\u003c/divisa1\u003e\u003c/divisa2\u003e\u003c/opcion1\u003e\u003c/opcion2\u003e \u003cfecha_vencimiento begin\u003d\"83\" class\u003d\"extraction-tag ml-tag\" confidence\u003d\"1/13\" data-value\u003d\"01/05Jun 2018\" end\u003d\"96\" ml-tagorder\u003d\"0\" score\u003d\"0.6175358614331401\" style\u003d\"border: 2px solid rgb(125, 157, 1);\" tabnumber\u003d\"0\" tagorder\u003d\"0\"\u003e\u003cfecha_pago_vencimiento begin\u003d\"83\" class\u003d\"extraction-tag ml-tag\" confidence\u003d\"1/13\" data-value\u003d\"01/05Jun 2018\" end\u003d\"96\" ml-tagorder\u003d\"0\" score\u003d\"0.7089828221487122\" style\u003d\"border: 2px solid rgb(125, 157, 1);\" tabnumber\u003d\"0\" tagorder\u003d\"0\"\u003e01/05Jun 2018\u003c/fecha_pago_vencimiento\u003e\u003c/fecha_vencimiento\u003e\u003c/span\u003e\u003c/p\u003e \n \n\u003cdiv class\u003d\"groupTabPosition active-tab-index invalid\" data-content\u003d\"1\"\u003e\u003c/div\u003e\n\n\u003cdiv class\u003d\"groupTabPosition active-tab-index invalid\" data-content\u003d\"1\"\u003e\u003c/div\u003e\n\n\u003cdiv class\u003d\"groupTabPosition active-tab-index invalid\" data-content\u003d\"1\"\u003e\u003c/div\u003e\n\n\u003cdiv class\u003d\"groupTabPosition active-tab-index invalid\" data-content\u003d\"1\"\u003e\u003c/div\u003e\n\n \u003cstrike_ begin\u003d\"103\" class\u003d\"extraction-tag ml-tag\" confidence\u003d\"1/13\" data-value\u003d\"19.25\" end\u003d\"108\" ml-tagorder\u003d\"0\" score\u003d\"0.78253460009777\" style\u003d\"border: 2px solid rgb(125, 157, 1);\" tabnumber\u003d\"0\" tagorder\u003d\"0\"\u003e19.25\u003c/strike_\u003e; \u003cspot_forward begin\u003d\"110\" class\u003d\"extraction-tag ml-tag\" confidence\u003d\"1/13\" data-value\u003d\"Fwd\" end\u003d\"113\" ml-tagorder\u003d\"0\" score\u003d\"0.7020214221662996\" style\u003d\"border: 2px solid rgb(125, 157, 1);\" tabnumber\u003d\"0\" tagorder\u003d\"0\"\u003eFwd\u003c/spot_forward\u003e Prem \u003cprecio begin\u003d\"119\" class\u003d\"extraction-tag ml-tag\" confidence\u003d\"1/13\" data-value\u003d\"5.06%USD\" end\u003d\"127\" ml-tagorder\u003d\"0\" score\u003d\"0.6970187408604678\" style\u003d\"border: 2px solid rgb(125, 157, 1);\" tabnumber\u003d\"0\" tagorder\u003d\"0\"\u003e5.06%\u003cdivisa_prima begin\u003d\"124\" class\u003d\"extraction-tag ml-tag\" confidence\u003d\"1/13\" data-value\u003d\"USD\" end\u003d\"127\" ml-tagorder\u003d\"0\" score\u003d\"0.5643858889917324\" style\u003d\"border: 2px solid rgb(125, 157, 1);\" tabnumber\u003d\"0\" tagorder\u003d\"0\"\u003eUSD\u003c/divisa_prima\u003e\u003c/precio\u003e\u003cp\u003e\u003c/p\u003e \n \n\u003cp\u003e\u003cspan\u003eMadrid Sells 17.6mios USDMXN at 19.2420 value 05Jun 2018\u003c/span\u003e\u003c/p\u003e \n \n\u003cp\u003e\u003c/p\u003e \n \n\u003cp\u003e\u003cspan\u003eUn saludo,\u003c/span\u003e\u003c/p\u003e \n \n\u003cp\u003e\u003cspan\u003eMaria Eugenia\u003c/span\u003e\u003c/p\u003e \n \n\u003cp\u003e\u003c/p\u003e \n \n\u003cp\u003e\u003c/p\u003e \n \n\u003c/div\u003e\n\n\u003cdiv\u003e\u003cp\u003e\u003cspan\u003e\u003cfont\u003eAntes de imprimir este mensaje o sus documentos anexos, aseg?rese de que es necesario. Proteger el medio ambiente est? en nuestras manos. Before printing this e-mail or attachments, be sure it is necessary. It is in our hands to protect the environment.\u003c/font\u003e\u003c/span\u003e\u003c/p\u003e \n \n\u003c/div\u003e\n\n\u003cmeta-manual-answer data-code\u003d\"id_operacion\" data-na\u003d\"true\"\u003e\u003c/meta-manual-answer\u003e\u003cmeta-manual-answer data-code\u003d\"contrapartida\" data-na\u003d\"true\" tabnumber\u003d\"0\"\u003e\u003c/meta-manual-answer\u003e\u003cmeta-manual-answer data-code\u003d\"contrapartida_corta\" data-na\u003d\"true\" tabnumber\u003d\"0\"\u003e\u003c/meta-manual-answer\u003e\u003cmeta-manual-answer data-code\u003d\"tipo_de_opcion\" data-na\u003d\"true\" tabnumber\u003d\"0\"\u003e\u003c/meta-manual-answer\u003e\u003cmeta-manual-answer data-code\u003d\"nominal2\" data-na\u003d\"true\" tabnumber\u003d\"0\"\u003e\u003c/meta-manual-answer\u003e\u003cmeta-manual-answer data-code\u003d\"prima\" data-na\u003d\"true\" tabnumber\u003d\"0\"\u003e\u003c/meta-manual-answer\u003e\u003cmeta-manual-answer data-code\u003d\"fecha_pago_prima\" data-na\u003d\"true\" tabnumber\u003d\"0\"\u003e\u003c/meta-manual-answer\u003e\u003cmeta-manual-answer data-code\u003d\"fecha_inicio\" data-na\u003d\"true\" tabnumber\u003d\"0\"\u003e\u003c/meta-manual-answer\u003e\u003cmeta-manual-answer data-code\u003d\"uti_usi\" data-na\u003d\"true\" tabnumber\u003d\"0\"\u003e\u003c/meta-manual-answer\u003e\u003cmeta-manual-answer data-code\u003d\"cash_delivery\" data-na\u003d\"true\" tabnumber\u003d\"0\"\u003e\u003c/meta-manual-answer\u003e\u003cmeta-manual-answer data-code\u003d\"barrier\" data-na\u003d\"true\" tabnumber\u003d\"0\"\u003e\u003c/meta-manual-answer\u003e\u003cmeta-manual-answer data-code\u003d\"barrier_start_date\" data-na\u003d\"true\" tabnumber\u003d\"0\"\u003e\u003c/meta-manual-answer\u003e\u003cmeta-manual-answer data-code\u003d\"estilo_barrera\" data-na\u003d\"true\" tabnumber\u003d\"0\"\u003e\u003c/meta-manual-answer\u003e\u003cmeta-manual-answer data-code\u003d\"rebate\" data-na\u003d\"true\" tabnumber\u003d\"0\"\u003e\u003c/meta-manual-answer\u003e\u003cmeta-manual-answer data-code\u003d\"id_operacion\" data-na\u003d\"true\"\u003e\u003c/meta-manual-answer\u003e\u003cmeta-manual-answer data-code\u003d\"contrapartida\" data-na\u003d\"true\" 