{"finalScore":0.6759116283930919,"sumScore":12.166409311075654,"tagsCounter":18.0,"taggedText":"\u003cdocument\u003eRR DETS WITH OPCBAHN HEVDI INTРІР\u0026sbquo;в\u0026bdquo;ўL LONDON 30 MI OUSD PER LEG U \u003cestrategia begin\u003d\"67\" class\u003d\"extraction-tag ml-tag\" confidence\u003d\"1/12\" data-value\u003d\"BUY\" end\u003d\"70\" ml-tagorder\u003d\"0\" score\u003d\"0.7088749715418741\" style\u003d\"border: 2px solid rgb(125, 157, 1);\" tabnumber\u003d\"0\" tagorder\u003d\"0\"\u003eBUY\u003c/estrategia\u003e \u003cdivisa1 begin\u003d\"71\" class\u003d\"extraction-tag ml-tag\" confidence\u003d\"1/12\" data-value\u003d\"MXN\" end\u003d\"74\" ml-tagorder\u003d\"0\" score\u003d\"0.5308610932140043\" style\u003d\"border: 2px solid rgb(125, 157, 1);\" tabnumber\u003d\"0\" tagorder\u003d\"0\"\u003eMXN\u003c/divisa1\u003e \u003copcion1 begin\u003d\"75\" class\u003d\"extraction-tag ml-tag\" confidence\u003d\"1/12\" data-value\u003d\"PUT\" end\u003d\"78\" ml-tagorder\u003d\"0\" score\u003d\"0.6639434347503672\" style\u003d\"border: 2px solid rgb(125, 157, 1);\" tabnumber\u003d\"0\" tagorder\u003d\"0\"\u003ePUT\u003c/opcion1\u003e \u003cstrike_ begin\u003d\"79\" class\u003d\"extraction-tag ml-tag\" confidence\u003d\"1/12\" data-value\u003d\"19.82\" end\u003d\"84\" ml-tagorder\u003d\"0\" score\u003d\"0.522847305255669\" style\u003d\"border: 2px solid rgb(125, 157, 1);\" tabnumber\u003d\"0\" tagorder\u003d\"0\"\u003e\u003cnominal1 begin\u003d\"79\" class\u003d\"extraction-tag ml-tag\" confidence\u003d\"1/12\" data-value\u003d\"19.82\" end\u003d\"84\" ml-tagorder\u003d\"0\" score\u003d\"0.6578542872164791\" style\u003d\"border: 2px solid rgb(125, 157, 1);\" tabnumber\u003d\"0\" tagorder\u003d\"0\"\u003e19.82\u003c/nominal1\u003e\u003c/strike_\u003e VOL 12.85 PRICE \u003cprecio begin\u003d\"101\" class\u003d\"extraction-tag ml-tag\" confidence\u003d\"1/12\" data-value\u003d\"0.985%\" end\u003d\"107\" ml-tagorder\u003d\"0\" score\u003d\"0.8241157408604417\" style\u003d\"border: 2px solid rgb(125, 157, 1);\" tabnumber\u003d\"0\" tagorder\u003d\"0\"\u003e0.985%\u003c/precio\u003e USD U \u003cestrategia begin\u003d\"114\" class\u003d\"extraction-tag ml-tag\" confidence\u003d\"1/12\" data-value\u003d\"SELL\" end\u003d\"118\" ml-tagorder\u003d\"1\" score\u003d\"0.7928845991989206\" style\u003d\"border: 2px solid rgb(125, 157, 1);\" tabnumber\u003d\"1\" tagorder\u003d\"1\"\u003eSELL\u003c/estrategia\u003e MXN \u003copcion1 begin\u003d\"123\" class\u003d\"extraction-tag ml-tag\" confidence\u003d\"1/12\" data-value\u003d\"CALL\" end\u003d\"127\" ml-tagorder\u003d\"1\" score\u003d\"0.6526208311758828\" style\u003d\"border: 2px solid rgb(125, 157, 1);\" tabnumber\u003d\"1\" tagorder\u003d\"1\"\u003eCALL\u003c/opcion1\u003e \u003cstrike_ begin\u003d\"128\" class\u003d\"extraction-tag ml-tag\" confidence\u003d\"1/12\" data-value\u003d\"18.2865\" end\u003d\"135\" ml-tagorder\u003d\"1\" score\u003d\"0.5794265168664061\" style\u003d\"border: 2px solid rgb(125, 157, 1);\" tabnumber\u003d\"1\" tagorder\u003d\"1\"\u003e\u003cnominal1 begin\u003d\"128\" class\u003d\"extraction-tag ml-tag\" confidence\u003d\"1/12\" data-value\u003d\"18.2865\" end\u003d\"135\" ml-tagorder\u003d\"1\" score\u003d\"0.6430277420205339\" style\u003d\"border: 2px solid rgb(125, 157, 1);\" tabnumber\u003d\"1\" tagorder\u003d\"1\"\u003e18.2865\u003c/nominal1\u003e\u003c/strike_\u003e VOL 10.8 PRICE \u003cprecio begin\u003d\"151\" class\u003d\"extraction-tag ml-tag\" confidence\u003d\"1/12\" data-value\u003d\"0.80%\" end\u003d\"156\" ml-tagorder\u003d\"1\" score\u003d\"0.7482897838041254\" style\u003d\"border: 2px solid rgb(125, 157, 1);\" tabnumber\u003d\"1\" tagorder\u003d\"1\"\u003e0.80%\u003c/precio\u003e USD EXPIRY \u003cfecha_vencimiento begin\u003d\"168\" class\u003d\"extraction-tag ml-tag\" confidence\u003d\"1/12\" data-value\u003d\"23\" end\u003d\"170\" ml-tagorder\u003d\"0\" score\u003d\"0.6751574497467755\" style\u003d\"border: 2px solid rgb(125, 157, 1);\" tabnumber\u003d\"0\" tagorder\u003d\"0\"\u003e23\u003c/fecha_vencimiento\u003e РІР\u0026sbquo;вЂњ \u003cfecha_pago_vencimiento begin\u003d\"179\" class\u003d\"extraction-tag ml-tag\" confidence\u003d\"1/12\" data-value\u003d\"27 FEB 2018\" end\u003d\"190\" ml-tagorder\u003d\"0\" score\u003d\"0.7455984609487804\" style\u003d\"border: 2px solid rgb(125, 157, 1);\" tabnumber\u003d\"0\" tagorder\u003d\"0\"\u003e27 FEB 2018\u003c/fecha_pago_vencimiento\u003e MEX CUT \u003cspot_forward begin\u003d\"199\" class\u003d\"extraction-tag ml-tag\" confidence\u003d\"1/12\" data-value\u003d\"SPOT\" end\u003d\"203\" ml-tagorder\u003d\"0\" score\u003d\"0.586428721155936\" style\u003d\"border: 2px solid rgb(125, 157, 1);\" tabnumber\u003d\"0\" tagorder\u003d\"0\"\u003eSPOT\u003c/spot_forward\u003e 18.6735 SWAP 2960.0 DEPO 0.00 PREMV ALUE \u003cfecha_pago_prima begin\u003d\"245\" class\u003d\"extraction-tag ml-tag\" confidence\u003d\"1/12\" data-value\u003d\"27FEB18\" end\u003d\"252\" ml-tagorder\u003d\"0\" score\u003d\"0.7293160801161945\" style\u003d\"border: 2px solid rgb(125, 157, 1);\" tabnumber\u003d\"0\" tagorder\u003d\"0\"\u003e27FEB18\u003c/fecha_pago_prima\u003e HEDGE U SELL 13.8 MIO USD AT 18.9695 VAL 27FEB18 MXN PUT \u003cuti_usi begin\u003d\"310\" class\u003d\"extraction-tag ml-tag\" confidence\u003d\"1/12\" data-value\u003d\"1010000283M035X20171122XFO003045640379X1XX\" end\u003d\"352\" ml-tagorder\u003d\"0\" score\u003d\"0.7520665445011561\" style\u003d\"border: 2px solid rgb(125, 157, 1);\" tabnumber\u003d\"0\" tagorder\u003d\"0\"\u003e1010000283M035X20171122XFO003045640379X1XX\u003c/uti_usi\u003e MXN \u003copcion1 begin\u003d\"357\" class\u003d\"extraction-tag ml-tag\" confidence\u003d\"1/12\" data-value\u003d\"CALL\" end\u003d\"361\" ml-tagorder\u003d\"2\" score\u003d\"0.5414807785672135\" style\u003d\"border: 2px solid rgb(125, 157, 1);\" tabnumber\u003d\"2\" tagorder\u003d\"2\"\u003eCALL\u003c/opcion1\u003e \u003cuti_usi begin\u003d\"362\" class\u003d\"extraction-tag ml-tag\" confidence\u003d\"1/12\" data-value\u003d\"1010000283M035X20171122XFO003045640379X2XX\" end\u003d\"404\" ml-tagorder\u003d\"1\" score\u003d\"0.8116149701348916\" style\u003d\"border: 2px solid rgb(125, 157, 1);\" tabnumber\u003d\"1\" tagorder\u003d\"1\"\u003e1010000283M035X20171122XFO003045640379X2XX\u003c/uti_usi\u003e Regards, Thomas Purcell BGC Partners FX Options (212) 829-5497 All transaction details sent to you are for your convenience only. All transactions are subject to final terms as indicated on the confirmation provided by BGC Derivatives Markets, LP _____ http://www.bgcpartners.com CONFIDENTIAL: This e-mail has been sent to you by one of the BGC entities (collectively BGC) Please see important legal information and disclaimer relating to this mail at the following links: http://www.bgcpartners.com/disclaimers/ Please see for BGC Disclosures The link contains company and FCA registration numbers. This e-mail, including its contents and attachments, if any, are confidential. If you are not the named recipient please notify the sender and immediately delete it. You may not disseminate, distribute, or forward this e-mail message or disclose its contents to anybody else. Copyright and any other intellectual property rights in its contents are the sole property of BGC and its affiliates. E-mail transmission cannot be guaranteed to be secure or error-free. The sender therefore does not accept liability for any errors or omissions in the contents of this message which arise as a result of e-mail transmission. If verification is required please request a hard-copy version. Although we routinely screen for viruses, addressees should check this e-mail and any attachments for viruses. We make no representation or warranty as to the absence of viruses in this e-mail or any attachments. Please note that to ensure regulatory compliance and for the protection of our customers and business, we may monitor and read e-mails sent to and from our server(s). The registered 