{"finalScore":0.6787915739363989,"sumScore":12.89703990479158,"tagsCounter":19.0,"taggedText":"\u003cdocument\u003e\u003cstyle type\u003d\"text/css\"\u003e\u003c/style\u003e\u003cp\u003e\u003cfont\u003e\u003cnominal2 begin\u003d\"149\" class\u003d\"extraction-tag ml-tag\" confidence\u003d\"1/20\" data-value\u003d\"12,000,000\" end\u003d\"159\" ml-tagorder\u003d\"0\" score\u003d\"0.5727666993809796\" style\u003d\"border: 2px solid rgb(125, 157, 1);\" tabnumber\u003d\"0\" tagorder\u003d\"0\"\u003e\u003cmeta content\u003d\"text-html; charset\u003dutf-8\"\u003e\u003c/meta\u003e\u003cbase\u003e\u003c/base\u003e12,000,000\u003c/nominal2\u003e Strategy: \u003ctipo_de_opcion begin\u003d\"170\" class\u003d\"extraction-tag ml-tag\" confidence\u003d\"1/20\" data-value\u003d\"Vanilla\" end\u003d\"177\" ml-tagorder\u003d\"0\" score\u003d\"0.7393869317007045\" style\u003d\"border: 2px solid rgb(125, 157, 1);\" tabnumber\u003d\"0\" tagorder\u003d\"0\"\u003eVanilla\u003c/tipo_de_opcion\u003e Ticket Number: 34705 Position: Client \u003cestrategia begin\u003d\"216\" class\u003d\"extraction-tag ml-tag\" confidence\u003d\"1/20\" data-value\u003d\"buys\" end\u003d\"220\" ml-tagorder\u003d\"0\" score\u003d\"0.6554294201712252\" style\u003d\"border: 2px solid rgb(125, 157, 1);\" tabnumber\u003d\"0\" tagorder\u003d\"0\"\u003ebuys\u003c/estrategia\u003e / \u003ccontrapartida begin\u003d\"223\" class\u003d\"extraction-tag ml-tag\" confidence\u003d\"1/20\" data-value\u003d\"KOW\" end\u003d\"226\" ml-tagorder\u003d\"0\" score\u003d\"0.6817365316738146\" style\u003d\"border: 2px solid rgb(125, 157, 1);\" tabnumber\u003d\"0\" tagorder\u003d\"0\"\u003eKOW\u003c/contrapartida\u003e sells Option: \u003cdivisa1 begin\u003d\"241\" class\u003d\"extraction-tag ml-tag\" confidence\u003d\"1/20\" data-value\u003d\"USD\" end\u003d\"244\" ml-tagorder\u003d\"0\" score\u003d\"0.7070525623923344\" style\u003d\"border: 2px solid rgb(125, 157, 1);\" tabnumber\u003d\"0\" tagorder\u003d\"0\"\u003eUSD\u003c/divisa1\u003e \u003copcion1 begin\u003d\"245\" class\u003d\"extraction-tag ml-tag\" confidence\u003d\"1/20\" data-value\u003d\"Call\" end\u003d\"249\" ml-tagorder\u003d\"0\" score\u003d\"0.7658360602937311\" style\u003d\"border: 2px solid rgb(125, 157, 1);\" tabnumber\u003d\"0\" tagorder\u003d\"0\"\u003eCall\u003c/opcion1\u003e / \u003cdivisa2 begin\u003d\"252\" class\u003d\"extraction-tag ml-tag\" confidence\u003d\"1/20\" data-value\u003d\"JPY\" end\u003d\"255\" ml-tagorder\u003d\"0\" score\u003d\"0.7082262789664358\" style\u003d\"border: 2px solid rgb(125, 157, 1);\" tabnumber\u003d\"0\" tagorder\u003d\"0\"\u003eJPY\u003c/divisa2\u003e \u003copcion2 begin\u003d\"256\" class\u003d\"extraction-tag ml-tag\" confidence\u003d\"1/20\" data-value\u003d\"Put\" end\u003d\"259\" ml-tagorder\u003d\"0\" score\u003d\"0.664599019650221\" style\u003d\"border: 2px solid rgb(125, 157, 1);\" tabnumber\u003d\"0\" tagorder\u003d\"0\"\u003ePut\u003c/opcion2\u003e Face: USD \u003cnominal1 begin\u003d\"270\" class\u003d\"extraction-tag ml-tag\" confidence\u003d\"1/20\" data-value\u003d\"12,000,000\" end\u003d\"280\" ml-tagorder\u003d\"0\" score\u003d\"0.7167269281384436\" style\u003d\"border: 2px solid rgb(125, 157, 1);\" tabnumber\u003d\"0\" tagorder\u003d\"0\"\u003e12,000,000\u003c/nominal1\u003e Trade Date: \u003cfecha_inicio begin\u003d\"293\" class\u003d\"extraction-tag ml-tag\" confidence\u003d\"1/20\" data-value\u003d\"08-Mar-17\" end\u003d\"302\" ml-tagorder\u003d\"0\" score\u003d\"0.6494537925735668\" style\u003d\"border: 2px solid rgb(125, 157, 1);\" tabnumber\u003d\"0\" tagorder\u003d\"0\"\u003e08-Mar-17\u003c/fecha_inicio\u003e Expiry: \u003cfecha_vencimiento begin\u003d\"311\" class\u003d\"extraction-tag ml-tag\" confidence\u003d\"1/20\" data-value\u003d\"15-Mar-17\" end\u003d\"320\" ml-tagorder\u003d\"0\" score\u003d\"0.7149619743157376\" style\u003d\"border: 2px solid rgb(125, 157, 1);\" tabnumber\u003d\"0\" tagorder\u003d\"0\"\u003e15-Mar-17\u003c/fecha_vencimiento\u003e Cut: NYORK Delivery: \u003cfecha_pago_vencimiento begin\u003d\"342\" class\u003d\"extraction-tag ml-tag\" confidence\u003d\"1/20\" data-value\u003d\"17-Mar-17\" end\u003d\"351\" ml-tagorder\u003d\"0\" score\u003d\"0.6503653553749259\" style\u003d\"border: 2px solid rgb(125, 157, 1);\" tabnumber\u003d\"0\" tagorder\u003d\"0\"\u003e17-Mar-17\u003c/fecha_pago_vencimiento\u003e Strike: \u003cstrike_ begin\u003d\"360\" class\u003d\"extraction-tag ml-tag\" confidence\u003d\"1/20\" data-value\u003d\"115.5\" end\u003d\"365\" ml-tagorder\u003d\"0\" score\u003d\"0.6590714244556256\" style\u003d\"border: 2px solid rgb(125, 157, 1);\" tabnumber\u003d\"0\" tagorder\u003d\"0\"\u003e115.5\u003c/strike_\u003e (JPY per USD) Premium: Client pays / KOW receives Amount: \u003cprecio begin\u003d\"424\" class\u003d\"extraction-tag ml-tag\" confidence\u003d\"1/20\" data-value\u003d\"0.229%\" end\u003d\"430\" ml-tagorder\u003d\"0\" score\u003d\"0.68538287389765\" style\u003d\"border: 2px solid rgb(125, 157, 1);\" tabnumber\u003d\"0\" tagorder\u003d\"0\"\u003e0.229%\u003c/precio\u003e USD face or \u003cdivisa_prima begin\u003d\"443\" class\u003d\"extraction-tag ml-tag\" confidence\u003d\"1/20\" data-value\u003d\"USD\" end\u003d\"446\" ml-tagorder\u003d\"0\" score\u003d\"0.6344361979733357\" style\u003d\"border: 2px solid rgb(125, 157, 1);\" tabnumber\u003d\"0\" tagorder\u003d\"0\"\u003eUSD\u003c/divisa_prima\u003e \u003cprima begin\u003d\"447\" class\u003d\"extraction-tag ml-tag\" confidence\u003d\"1/20\" data-value\u003d\"27,480\" end\u003d\"453\" ml-tagorder\u003d\"0\" score\u003d\"0.5704408850279711\" style\u003d\"border: 2px solid rgb(125, 157, 1);\" tabnumber\u003d\"0\" tagorder\u003d\"0\"\u003e27,480\u003c/prima\u003e [Vol Ref: 9.74] Premium Date: \u003cfecha_pago_prima begin\u003d\"484\" class\u003d\"extraction-tag ml-tag\" confidence\u003d\"1/20\" data-value\u003d\"10-Mar-17\" end\u003d\"493\" ml-tagorder\u003d\"0\" score\u003d\"0.7479930576199112\" style\u003d\"border: 2px solid rgb(125, 157, 1);\" tabnumber\u003d\"0\" tagorder\u003d\"0\"\u003e10-Mar-17\u003c/fecha_pago_prima\u003e Settle Method: \u003ccash_delivery begin\u003d\"509\" class\u003d\"extraction-tag ml-tag\" confidence\u003d\"1/20\" data-value\u003d\"Physical\" end\u003d\"517\" ml-tagorder\u003d\"0\" score\u003d\"0.6628271956302841\" style\u003d\"border: 2px solid rgb(125, 157, 1);\" tabnumber\u003d\"0\" tagorder\u003d\"0\"\u003ePhysical\u003c/cash_delivery\u003e Spot Ref: 114.589 (JPY per USD) USI IssuerID: 1030338960 USI TradeID: INFX0000000000000000003099895411 UTI IssuerID: 1030338960 UTI TradeID: \u003cuti_usi begin\u003d\"659\" class\u003d\"extraction-tag ml-tag\" confidence\u003d\"1/20\" data-value\u003d\"INFX0000000000000000003099895411\" end\u003d\"691\" ml-tagorder\u003d\"0\" score\u003d\"0.710346715554681\" style\u003d\"border: 2px solid rgb(125, 157, 1);\" tabnumber\u003d\"0\" tagorder\u003d\"0\"\u003eINFX0000000000000000003099895411\u003c/uti_usi\u003e --------------------------------------------------------- This trade notification is sent to you for information purposes only. The trade details will be solely governed by the detailed provisions of the confirmation of such trade and, therefore, you should only rely on the more detailed confirmation of such trade that you receive from the Foreign Exchange Operations Department as evidence of the trade between you and KOW. Please contact KOW for additional information or queries. Check out our new brand campaign: www.ubs.com/together Visit our website at http://www.ubs.com This message contains confidential information and is intended only for the individual named. If you are not the named addressee you should not disseminate, distribute or copy this e-mail. Please notify the sender immediately by e-mail if you have received this e-mail by mistake and delete this e-mail from your system. E-mails are not encrypted and cannot be guaranteed to be secure or error-free as information could be intercepted, corrupted, lost, 