{"finalScore":0.7198177967296491,"sumScore":10.077449154215087,"tagsCounter":14.0,"taggedText":"\u003cdocument\u003e---------------------------------------------------------------- Counterparty : Gygadpis Sjll (Autobahn FX) Trade ID : FXOPA026D6L4 Execution Time : \u003cfecha_inicio begin\u003d\"149\" class\u003d\"extraction-tag ml-tag\" confidence\u003d\"1/15\" data-value\u003d\"24-OCT-2017\" end\u003d\"160\" ml-tagorder\u003d\"0\" score\u003d\"0.7277702550265344\" style\u003d\"border: 2px solid rgb(125, 157, 1);\" tabnumber\u003d\"0\" tagorder\u003d\"0\"\u003e24-OCT-2017\u003c/fecha_inicio\u003e 15:56 Client ID : [RAPID] Santander Madrid Ldn API (EU0380265) User ID : SSCHUBERT@SANTANDER.US Ccy Pair : AUDNZD User Buys/Sells : \u003cestrategia begin\u003d\"293\" class\u003d\"extraction-tag ml-tag\" confidence\u003d\"1/15\" data-value\u003d\"BUY\" end\u003d\"296\" ml-tagorder\u003d\"0\" score\u003d\"0.7238139229325786\" style\u003d\"border: 2px solid rgb(125, 157, 1);\" tabnumber\u003d\"0\" tagorder\u003d\"0\"\u003eBUY\u003c/estrategia\u003e AUD \u003copcion1 begin\u003d\"301\" class\u003d\"extraction-tag ml-tag\" confidence\u003d\"1/15\" data-value\u003d\"CALL\" end\u003d\"305\" ml-tagorder\u003d\"0\" score\u003d\"0.6495324517362553\" style\u003d\"border: 2px solid rgb(125, 157, 1);\" tabnumber\u003d\"0\" tagorder\u003d\"0\"\u003eCALL\u003c/opcion1\u003e \u003cuti_usi begin\u003d\"306\" class\u003d\"extraction-tag ml-tag\" confidence\u003d\"1/15\" data-value\u003d\"CCY1\" end\u003d\"310\" ml-tagorder\u003d\"0\" score\u003d\"0.5100461173305216\" style\u003d\"border: 2px solid rgb(125, 157, 1);\" tabnumber\u003d\"0\" tagorder\u003d\"0\"\u003eCCY1\u003c/uti_usi\u003e amount per leg : \u003cnominal1 begin\u003d\"328\" class\u003d\"extraction-tag ml-tag\" confidence\u003d\"1/15\" data-value\u003d\"30,000,000\" end\u003d\"338\" ml-tagorder\u003d\"0\" score\u003d\"0.7121755134761528\" style\u003d\"border: 2px solid rgb(125, 157, 1);\" tabnumber\u003d\"0\" tagorder\u003d\"0\"\u003e30,000,000\u003c/nominal1\u003e AUD CCY2 amount per leg : \u003cnominal2 begin\u003d\"365\" class\u003d\"extraction-tag ml-tag\" confidence\u003d\"1/15\" data-value\u003d\"34,800,000\" end\u003d\"375\" ml-tagorder\u003d\"0\" score\u003d\"0.7067919061220861\" style\u003d\"border: 2px solid rgb(125, 157, 1);\" tabnumber\u003d\"0\" tagorder\u003d\"0\"\u003e34,800,000\u003c/nominal2\u003e \u003cdivisa2 begin\u003d\"376\" class\u003d\"extraction-tag ml-tag\" confidence\u003d\"1/15\" data-value\u003d\"NZD\" end\u003d\"379\" ml-tagorder\u003d\"0\" score\u003d\"0.666938104186466\" style\u003d\"border: 2px solid rgb(125, 157, 1);\" tabnumber\u003d\"0\" tagorder\u003d\"0\"\u003eNZD\u003c/divisa2\u003e Expiry Date : \u003cfecha_vencimiento begin\u003d\"394\" class\u003d\"extraction-tag ml-tag\" confidence\u003d\"1/15\" data-value\u003d\"24-JAN-18\" end\u003d\"403\" ml-tagorder\u003d\"0\" score\u003d\"0.7800025391633616\" style\u003d\"border: 2px solid rgb(125, 157, 1);\" tabnumber\u003d\"0\" tagorder\u003d\"0\"\u003e24-JAN-18\u003c/fecha_vencimiento\u003e Zone Cut : NY Settlement Date : \u003cfecha_pago_vencimiento begin\u003d\"436\" class\u003d\"extraction-tag ml-tag\" confidence\u003d\"1/15\" data-value\u003d\"30-JAN-18\" end\u003d\"445\" ml-tagorder\u003d\"0\" score\u003d\"0.878729419198923\" style\u003d\"border: 2px solid rgb(125, 157, 1);\" tabnumber\u003d\"0\" tagorder\u003d\"0\"\u003e30-JAN-18\u003c/fecha_pago_vencimiento\u003e Strike : \u003cstrike_ begin\u003d\"455\" class\u003d\"extraction-tag ml-tag\" confidence\u003d\"1/15\" data-value\u003d\"1.1600\" end\u003d\"461\" ml-tagorder\u003d\"0\" score\u003d\"0.7515343789187183\" style\u003d\"border: 2px solid rgb(125, 157, 1);\" tabnumber\u003d\"0\" tagorder\u003d\"0\"\u003e1.1600\u003c/strike_\u003e Delta : 22% Spot : 1.12936 Fwd : 10.04 Vol : 7.23% Price(%CCY1) : \u003cprecio begin\u003d\"528\" class\u003d\"extraction-tag ml-tag\" confidence\u003d\"1/15\" data-value\u003d\"0.5120%\" end\u003d\"535\" ml-tagorder\u003d\"0\" score\u003d\"0.7733590910852056\" style\u003d\"border: 2px solid rgb(125, 157, 1);\" tabnumber\u003d\"0\" tagorder\u003d\"0\"\u003e0.5120%\u003c/precio\u003e AUD Pips(CCY2) : 57.8 Premium Amount : USER PAYS (\u003cprima begin\u003d\"586\" class\u003d\"extraction-tag ml-tag\" confidence\u003d\"1/15\" data-value\u003d\"153,600\" end\u003d\"593\" ml-tagorder\u003d\"0\" score\u003d\"0.7503171501314777\" style\u003d\"border: 2px solid rgb(125, 157, 1);\" tabnumber\u003d\"0\" tagorder\u003d\"0\"\u003e153,600\u003c/prima\u003e) \u003cdivisa_prima begin\u003d\"595\" class\u003d\"extraction-tag ml-tag\" confidence\u003d\"1/15\" data-value\u003d\"AUD\" end\u003d\"598\" ml-tagorder\u003d\"0\" score\u003d\"0.7277400832580307\" style\u003d\"border: 2px solid rgb(125, 157, 1);\" tabnumber\u003d\"0\" tagorder\u003d\"0\"\u003eAUD\u003c/divisa_prima\u003e Premium Date : \u003cfecha_pago_prima begin\u003d\"614\" class\u003d\"extraction-tag ml-tag\" confidence\u003d\"1/15\" data-value\u003d\"26-OCT-17\" end\u003d\"623\" ml-tagorder\u003d\"0\" score\u003d\"0.7186982216487768\" style\u003d\"border: 2px solid rgb(125, 157, 1);\" tabnumber\u003d\"0\" tagorder\u003d\"0\"\u003e26-OCT-17\u003c/fecha_pago_prima\u003e \u003cmeta-manual-answer data-code\u003d\"id_operacion\" data-na\u003d\"true\"\u003e\u003c/meta-manual-answer\u003e\u003cmeta-manual-answer data-code\u003d\"contrapartida_corta\" data-na\u003d\"true\" tabnumber\u003d\"0\"\u003e\u003c/meta-manual-answer\u003e\u003cmeta-manual-answer data-code\u003d\"tipo_de_opcion\" data-na\u003d\"true\" tabnumber\u003d\"0\"\u003e\u003c/meta-manual-answer\u003e\u003cmeta-manual-answer data-code\u003d\"opcion2\" data-na\u003d\"true\" tabnumber\u003d\"0\"\u003e\u003c/meta-manual-answer\u003e\u003cmeta-manual-answer data-code\u003d\"uti_usi\" data-na\u003d\"true\" tabnumber\u003d\"0\"\u003e\u003c/meta-manual-answer\u003e\u003cmeta-manual-answer data-code\u003d\"cash_delivery\" data-na\u003d\"true\" tabnumber\u003d\"0\"\u003e\u003c/meta-manual-answer\u003e\u003cmeta-manual-answer data-code\u003d\"barrier\" data-na\u003d\"true\" tabnumber\u003d\"0\"\u003e\u003c/meta-manual-answer\u003e\u003cmeta-manual-answer data-code\u003d\"barrier_start_date\" data-na\u003d\"true\" tabnumber\u003d\"0\"\u003e\u003c/meta-manual-answer\u003e\u003cmeta-manual-answer data-code\u003d\"estilo_barrera\" data-na\u003d\"true\" tabnumber\u003d\"0\"\u003e\u003c/meta-manual-answer\u003e\u003cmeta-manual-answer data-code\u003d\"rebate\" data-na\u003d\"true\" tabnumber\u003d\"0\"\u003e\u003c/meta-manual-answer\u003e\u003cmeta-manual-answer data-code\u003d\"spot_forward\" data-na\u003d\"true\" tabnumber\u003d\"0\"\u003e\u003c/meta-manual-answer\u003e\u003cmeta-manual-answer data-code\u003d\"contrapartida_corta\" data-na\u003d\"true\" tabnumber\u003d\"0\"\u003e\u003c/meta-manual-answer\u003e\u003cmeta-manual-answer data-code\u003d\"tipo_de_opcion\" data-na\u003d\"true\" tabnumber\u003d\"0\"\u003e\u003c/meta-manual-answer\u003e\u003cmeta-manual-answer data-code\u003d\"opcion2\" data-na\u003d\"true\" tabnumber\u003d\"0\"\u003e\u003c/meta-manual-answer\u003e\u003cmeta-manual-answer data-code\u003d\"uti_usi\" data-na\u003d\"true\" tabnumber\u003d\"0\"\u003e\u003c/meta-manual-answer\u003e\u003cmeta-manual-answer data-code\u003d\"cash_delivery\" data-na\u003d\"true\" tabnumber\u003d\"0\"\u003e\u003c/meta-manual-answer\u003e\u003cmeta-manual-answer data-code\u003d\"barrier\" data-na\u003d\"true\" tabnumber\u003d\"0\"\u003e\u003c/meta-manual-answer\u003e\u003cmeta-manual-answer data-code\u003d\"barrier_start_date\" data-na\u003d\"true\" tabnumber\u003d\"0\"\u003e\u003c/meta-manual-answer\u003e\u003cmeta-manual-answer data-code\u003d\"estilo_barrera\" data-na\u003d\"true\" tabnumber\u003d\"0\"\u003e\u003c/meta-manual-answer\u003e\u003cmeta-manual-answer data-code\u003d\"rebate\" data-na\u003d\"true\" tabnumber\u003d\"0\"\u003e\u003c/meta-manual-answer\u003e\u003cmeta-manual-answer data-code\u003d\"spot_forward\" data-na\u003d\"true\" 