{"finalScore":0.7094969432267297,"sumScore":12.770944978081134,"tagsCounter":18.0,"taggedText":"\u003cdocument\u003e\u003cstyle type\u003d\"text/css\"\u003e\u003c/style\u003e\u003cfecha_inicio begin\u003d\"0\" class\u003d\"extraction-tag ml-tag\" confidence\u003d\"1/18\" data-value\u003d\"Dec 07 14:57:27 GMT 2017\" end\u003d\"24\" ml-tagorder\u003d\"0\" score\u003d\"0.7210382866378904\" style\u003d\"border: 2px solid rgb(125, 157, 1);\" tabnumber\u003d\"0\" tagorder\u003d\"0\"\u003eDec 07 14:57:27 GMT 2017\u003c/fecha_inicio\u003e \u003cstrong\u003eBuy/Sell\u003c/strong\u003e: Counterparty \u003cestrategia begin\u003d\"48\" class\u003d\"extraction-tag ml-tag\" confidence\u003d\"1/18\" data-value\u003d\"buys\" end\u003d\"52\" ml-tagorder\u003d\"0\" score\u003d\"0.6956021065499092\" style\u003d\"border: 2px solid rgb(125, 157, 1);\" tabnumber\u003d\"0\" tagorder\u003d\"0\"\u003ebuys\u003c/estrategia\u003e/\u003ccontrapartida begin\u003d\"53\" class\u003d\"extraction-tag ml-tag\" confidence\u003d\"1/18\" data-value\u003d\"WLP\" end\u003d\"56\" ml-tagorder\u003d\"0\" score\u003d\"0.7041571617856063\" style\u003d\"border: 2px solid rgb(125, 157, 1);\" tabnumber\u003d\"0\" tagorder\u003d\"0\"\u003eWLP\u003c/contrapartida\u003e sells \u003cstrong\u003eFX Pair\u003c/strong\u003e: EURUSD \u003cstrong\u003ePut/Call\u003c/strong\u003e: \u003copcion2 begin\u003d\"89\" class\u003d\"extraction-tag ml-tag\" confidence\u003d\"1/18\" data-value\u003d\"Call\" end\u003d\"93\" ml-tagorder\u003d\"0\" score\u003d\"0.688751759274912\" style\u003d\"border: 2px solid rgb(125, 157, 1);\" tabnumber\u003d\"0\" tagorder\u003d\"0\"\u003e\u003copcion1 begin\u003d\"89\" class\u003d\"extraction-tag ml-tag\" confidence\u003d\"1/18\" data-value\u003d\"Call\" end\u003d\"93\" ml-tagorder\u003d\"0\" score\u003d\"0.690699482492855\" style\u003d\"border: 2px solid rgb(125, 157, 1);\" tabnumber\u003d\"0\" tagorder\u003d\"0\"\u003eCall\u003c/opcion1\u003e\u003c/opcion2\u003e on \u003cdivisa1 begin\u003d\"97\" class\u003d\"extraction-tag ml-tag\" confidence\u003d\"1/18\" data-value\u003d\"EUR\" end\u003d\"100\" ml-tagorder\u003d\"0\" score\u003d\"0.5560875472973767\" style\u003d\"border: 2px solid rgb(125, 157, 1);\" tabnumber\u003d\"0\" tagorder\u003d\"0\"\u003eEUR\u003c/divisa1\u003e \u003cstrong\u003eStrike\u003c/strong\u003e: \u003cstrike_ begin\u003d\"109\" class\u003d\"extraction-tag ml-tag\" confidence\u003d\"1/18\" data-value\u003d\"1.1850\" end\u003d\"115\" ml-tagorder\u003d\"0\" score\u003d\"0.6709706917717037\" style\u003d\"border: 2px solid rgb(125, 157, 1);\" tabnumber\u003d\"0\" tagorder\u003d\"0\"\u003e1.1850\u003c/strike_\u003e \u003cstrong\u003eBarrier\u003c/strong\u003e: \u003cbarrier begin\u003d\"125\" class\u003d\"extraction-tag ml-tag\" confidence\u003d\"1/18\" data-value\u003d\"1.2050\" end\u003d\"131\" ml-tagorder\u003d\"0\" score\u003d\"0.7174360904784514\" style\u003d\"border: 2px solid rgb(125, 157, 1);\" tabnumber\u003d\"0\" tagorder\u003d\"0\"\u003e1.2050\u003c/barrier\u003e \u003cstrong\u003eBarrier Direction\u003c/strong\u003e: Up \u003cstrong\u003eIn or Out\u003c/strong\u003e: \u003ctipo_barrera begin\u003d\"165\" class\u003d\"extraction-tag ml-tag\" confidence\u003d\"1/18\" data-value\u003d\"Out\" end\u003d\"168\" ml-tagorder\u003d\"0\" score\u003d\"0.7112904206915385\" style\u003d\"border: 2px solid rgb(125, 157, 1);\" tabnumber\u003d\"0\" tagorder\u003d\"0\"\u003eOut\u003c/tipo_barrera\u003e \u003cstrong\u003eBarrier Observation\u003c/strong\u003e: Continuous \u003cstrong\u003eExpiration Date\u003c/strong\u003e: Thu \u003cfecha_vencimiento begin\u003d\"222\" class\u003d\"extraction-tag ml-tag\" confidence\u003d\"1/18\" data-value\u003d\"21Dec2017\" end\u003d\"231\" ml-tagorder\u003d\"0\" score\u003d\"0.7574955699396666\" style\u003d\"border: 2px solid rgb(125, 157, 1);\" tabnumber\u003d\"0\" tagorder\u003d\"0\"\u003e21Dec2017\u003c/fecha_vencimiento\u003e \u003cstrong\u003eSettlement Date\u003c/strong\u003e: Wed \u003cfecha_pago_vencimiento begin\u003d\"253\" class\u003d\"extraction-tag ml-tag\" confidence\u003d\"1/18\" data-value\u003d\"27Dec2017\" end\u003d\"262\" ml-tagorder\u003d\"0\" score\u003d\"0.7626277214980781\" style\u003d\"border: 2px solid rgb(125, 157, 1);\" tabnumber\u003d\"0\" tagorder\u003d\"0\"\u003e27Dec2017\u003c/fecha_pago_vencimiento\u003e \u003cstrong\u003eQuantity\u003c/strong\u003e: \u003cnominal1 begin\u003d\"273\" class\u003d\"extraction-tag ml-tag\" confidence\u003d\"1/18\" data-value\u003d\"15,000,000.00\" end\u003d\"286\" ml-tagorder\u003d\"0\" score\u003d\"0.703176419284516\" style\u003d\"border: 2px solid rgb(125, 157, 1);\" tabnumber\u003d\"0\" tagorder\u003d\"0\"\u003e15,000,000.00\u003c/nominal1\u003e EUR \u003cstrong\u003eOther Quantity\u003c/strong\u003e: \u003cnominal2 begin\u003d\"307\" class\u003d\"extraction-tag ml-tag\" confidence\u003d\"1/18\" data-value\u003d\"17,775,000.00\" end\u003d\"320\" ml-tagorder\u003d\"0\" score\u003d\"0.7302655797252731\" style\u003d\"border: 2px solid rgb(125, 157, 1);\" tabnumber\u003d\"0\" tagorder\u003d\"0\"\u003e17,775,000.00\u003c/nominal2\u003e USD \u003cstrong\u003ePremium\u003c/strong\u003e: \u003cprima begin\u003d\"334\" class\u003d\"extraction-tag ml-tag\" confidence\u003d\"1/18\" data-value\u003d\"22,800.00\" end\u003d\"343\" ml-tagorder\u003d\"0\" score\u003d\"0.7321762084345057\" style\u003d\"border: 2px solid rgb(125, 157, 1);\" tabnumber\u003d\"0\" tagorder\u003d\"0\"\u003e22,800.00\u003c/prima\u003e \u003cdivisa_prima begin\u003d\"344\" class\u003d\"extraction-tag ml-tag\" confidence\u003d\"1/18\" data-value\u003d\"EUR\" end\u003d\"347\" ml-tagorder\u003d\"0\" score\u003d\"0.7249462287240256\" style\u003d\"border: 2px solid rgb(125, 157, 1);\" tabnumber\u003d\"0\" tagorder\u003d\"0\"\u003eEUR\u003c/divisa_prima\u003e \u003cstrong\u003ePremium Date\u003c/strong\u003e: Mon \u003cfecha_pago_prima begin\u003d\"366\" class\u003d\"extraction-tag ml-tag\" confidence\u003d\"1/18\" data-value\u003d\"11Dec2017\" end\u003d\"375\" ml-tagorder\u003d\"0\" score\u003d\"0.7598667682363823\" style\u003d\"border: 2px solid rgb(125, 157, 1);\" tabnumber\u003d\"0\" tagorder\u003d\"0\"\u003e11Dec2017\u003c/fecha_pago_prima\u003e \u003cstrong\u003eSettlement Type\u003c/strong\u003e: \u003ccash_delivery begin\u003d\"393\" class\u003d\"extraction-tag ml-tag\" confidence\u003d\"1/18\" data-value\u003d\"Physical\" end\u003d\"401\" ml-tagorder\u003d\"0\" score\u003d\"0.7165036208780386\" style\u003d\"border: 2px solid rgb(125, 157, 1);\" tabnumber\u003d\"0\" tagorder\u003d\"0\"\u003ePhysical\u003c/cash_delivery\u003e \u003cstrong\u003eSettlement Ccy\u003c/strong\u003e: N/A \u003cstrong\u003eInstrument Type\u003c/strong\u003e: Single Barrier \u003cstrong\u003eSettlement Location\u003c/strong\u003e: LONDON \u003cstrong\u003eExpiration Cut\u003c/strong\u003e: NYC \u003cstrong\u003eVolatility\u003c/strong\u003e: 7.547/7.547 ла\u0026mdash;ла\u0026sbquo; Mid 7.547 \u003cstrong\u003eDepo\u003c/strong\u003e: Denominated 0.99905401 ла\u0026mdash;ла\u0026sbquo; Asset 0.99999179 \u003cstrong\u003eSpot Rate\u003c/strong\u003e: 1.17935 \u003cstrong\u003eForward Rate\u003c/strong\u003e: 1.180460 \u003cstrong\u003eForward Pts\u003c/strong\u003e: 11.10 \u003cstrong\u003eTrade ID\u003c/strong\u003e: MDFXO_1-1ULY0E \u003cstrong\u003eAccount\u003c/strong\u003e: BANCO SANTANDER MADRID \u003cstrong\u003eUTI\u003c/strong\u003e: \u003cuti_usi begin\u003d\"715\" class\u003d\"extraction-tag ml-tag\" confidence\u003d\"1/18\" data-value\u003d\"GFXFXO0000000000000000001ZANTV0N\" end\u003d\"747\" ml-tagorder\u003d\"0\" score\u003d\"0.7278533143804055\" style\u003d\"border: 2px solid rgb(125, 157, 1);\" tabnumber\u003d\"0\" tagorder\u003d\"0\"\u003eGFXFXO0000000000000000001ZANTV0N\u003c/uti_usi\u003e \u003cstrong\u003eUSI\u003c/strong\u003e: GFXFXO0000000000000000001ZANTV0N DO NOT REPLY - This is a system generated message. If you have any questions about this message please contact J.P. Morgan FX \u0026amp; Commodities 