{"finalScore":0.6984510881585797,"sumScore":13.270570675013014,"tagsCounter":19.0,"taggedText":"\u003cdocument\u003eCustomer Pays \u003cprecio begin\u003d\"14\" class\u003d\"extraction-tag ml-tag\" confidence\u003d\"1/20\" data-value\u003d\"0.2570\" end\u003d\"20\" ml-tagorder\u003d\"0\" score\u003d\"0.6512702277754371\" style\u003d\"border: 2px solid rgb(125, 157, 1);\" tabnumber\u003d\"0\" tagorder\u003d\"0\"\u003e0.2570\u003c/precio\u003e % of EUR face Customer Pays Premium EUR 128,500.00 on 16-Jan-18 Trade Time: Thu \u003cfecha_inicio begin\u003d\"101\" class\u003d\"extraction-tag ml-tag\" confidence\u003d\"1/20\" data-value\u003d\"Jan 11 14:56:07 GMT 2018\" end\u003d\"125\" ml-tagorder\u003d\"0\" score\u003d\"0.6272595195459254\" style\u003d\"border: 2px solid rgb(125, 157, 1);\" tabnumber\u003d\"0\" tagorder\u003d\"0\"\u003eJan 11 14:56:07 GMT 2018\u003c/fecha_inicio\u003e Buy/Sell: Counterparty \u003cestrategia begin\u003d\"149\" class\u003d\"extraction-tag ml-tag\" confidence\u003d\"1/20\" data-value\u003d\"buys\" end\u003d\"153\" ml-tagorder\u003d\"0\" score\u003d\"0.6762215062108126\" style\u003d\"border: 2px solid rgb(125, 157, 1);\" tabnumber\u003d\"0\" tagorder\u003d\"0\"\u003ebuys\u003c/estrategia\u003e/\u003ccontrapartida begin\u003d\"154\" class\u003d\"extraction-tag ml-tag\" confidence\u003d\"1/20\" data-value\u003d\"CZE\" end\u003d\"157\" ml-tagorder\u003d\"0\" score\u003d\"0.651458386771674\" style\u003d\"border: 2px solid rgb(125, 157, 1);\" tabnumber\u003d\"0\" tagorder\u003d\"0\"\u003eCZE\u003c/contrapartida\u003e sells FX Pair: EURUSD Put/Call: \u003copcion2 begin\u003d\"190\" class\u003d\"extraction-tag ml-tag\" confidence\u003d\"1/20\" data-value\u003d\"Call\" end\u003d\"194\" ml-tagorder\u003d\"0\" score\u003d\"0.688751759274912\" style\u003d\"border: 2px solid rgb(125, 157, 1);\" tabnumber\u003d\"0\" tagorder\u003d\"0\"\u003e\u003copcion1 begin\u003d\"190\" class\u003d\"extraction-tag ml-tag\" confidence\u003d\"1/20\" data-value\u003d\"Call\" end\u003d\"194\" ml-tagorder\u003d\"0\" score\u003d\"0.690699482492855\" style\u003d\"border: 2px solid rgb(125, 157, 1);\" tabnumber\u003d\"0\" tagorder\u003d\"0\"\u003eCall\u003c/opcion1\u003e\u003c/opcion2\u003e on \u003cdivisa1 begin\u003d\"198\" class\u003d\"extraction-tag ml-tag\" confidence\u003d\"1/20\" data-value\u003d\"EUR\" end\u003d\"201\" ml-tagorder\u003d\"0\" score\u003d\"0.5560875472973767\" style\u003d\"border: 2px solid rgb(125, 157, 1);\" tabnumber\u003d\"0\" tagorder\u003d\"0\"\u003eEUR\u003c/divisa1\u003e Strike: \u003cstrike_ begin\u003d\"210\" class\u003d\"extraction-tag ml-tag\" confidence\u003d\"1/20\" data-value\u003d\"1.2150\" end\u003d\"216\" ml-tagorder\u003d\"0\" score\u003d\"0.7986061410968036\" style\u003d\"border: 2px solid rgb(125, 157, 1);\" tabnumber\u003d\"0\" tagorder\u003d\"0\"\u003e1.2150\u003c/strike_\u003e Expiration Date: Thu \u003cfecha_vencimiento begin\u003d\"238\" class\u003d\"extraction-tag ml-tag\" confidence\u003d\"1/20\" data-value\u003d\"25Jan2018\" end\u003d\"247\" ml-tagorder\u003d\"0\" score\u003d\"0.7975405558987024\" style\u003d\"border: 2px solid rgb(125, 157, 1);\" tabnumber\u003d\"0\" tagorder\u003d\"0\"\u003e25Jan2018\u003c/fecha_vencimiento\u003e Settlement Date: Mon \u003cfecha_pago_vencimiento begin\u003d\"269\" class\u003d\"extraction-tag ml-tag\" confidence\u003d\"1/20\" data-value\u003d\"29Jan2018\" end\u003d\"278\" ml-tagorder\u003d\"0\" score\u003d\"0.7704310542516831\" style\u003d\"border: 2px solid rgb(125, 157, 1);\" tabnumber\u003d\"0\" tagorder\u003d\"0\"\u003e29Jan2018\u003c/fecha_pago_vencimiento\u003e Quantity: \u003cnominal1 begin\u003d\"289\" class\u003d\"extraction-tag ml-tag\" confidence\u003d\"1/20\" data-value\u003d\"50,000,000.00\" end\u003d\"302\" ml-tagorder\u003d\"0\" score\u003d\"0.7154225267141994\" style\u003d\"border: 2px solid rgb(125, 157, 1);\" tabnumber\u003d\"0\" tagorder\u003d\"0\"\u003e50,000,000.00\u003c/nominal1\u003e EUR Other Quantity: \u003cnominal2 begin\u003d\"323\" class\u003d\"extraction-tag ml-tag\" confidence\u003d\"1/20\" data-value\u003d\"60,750,000.00\" end\u003d\"336\" ml-tagorder\u003d\"0\" score\u003d\"0.7176107090431418\" style\u003d\"border: 2px solid rgb(125, 157, 1);\" tabnumber\u003d\"0\" tagorder\u003d\"0\"\u003e60,750,000.00\u003c/nominal2\u003e USD Premium: \u003cprima begin\u003d\"350\" class\u003d\"extraction-tag ml-tag\" confidence\u003d\"1/20\" data-value\u003d\"128,500.00\" end\u003d\"360\" ml-tagorder\u003d\"0\" score\u003d\"0.7997979824482572\" style\u003d\"border: 2px solid rgb(125, 157, 1);\" tabnumber\u003d\"0\" tagorder\u003d\"0\"\u003e128,500.00\u003c/prima\u003e \u003cdivisa_prima begin\u003d\"361\" class\u003d\"extraction-tag ml-tag\" confidence\u003d\"1/20\" data-value\u003d\"EUR\" end\u003d\"364\" ml-tagorder\u003d\"0\" score\u003d\"0.7192068371209753\" style\u003d\"border: 2px solid rgb(125, 157, 1);\" tabnumber\u003d\"0\" tagorder\u003d\"0\"\u003eEUR\u003c/divisa_prima\u003e Premium Date: Tue \u003cfecha_pago_prima begin\u003d\"383\" class\u003d\"extraction-tag ml-tag\" confidence\u003d\"1/20\" data-value\u003d\"16Jan2018\" end\u003d\"392\" ml-tagorder\u003d\"0\" score\u003d\"0.7038416487027033\" style\u003d\"border: 2px solid rgb(125, 157, 1);\" tabnumber\u003d\"0\" tagorder\u003d\"0\"\u003e16Jan2018\u003c/fecha_pago_prima\u003e Settlement Type: \u003ccash_delivery begin\u003d\"410\" class\u003d\"extraction-tag ml-tag\" confidence\u003d\"1/20\" data-value\u003d\"Physical\" end\u003d\"418\" ml-tagorder\u003d\"0\" score\u003d\"0.7271861916910236\" style\u003d\"border: 2px solid rgb(125, 157, 1);\" tabnumber\u003d\"0\" tagorder\u003d\"0\"\u003ePhysical\u003c/cash_delivery\u003e Settlement Ccy: N/A Instrument Type: \u003ctipo_de_opcion begin\u003d\"456\" class\u003d\"extraction-tag ml-tag\" confidence\u003d\"1/20\" data-value\u003d\"Vanilla\" end\u003d\"463\" ml-tagorder\u003d\"0\" score\u003d\"0.7284060050556025\" style\u003d\"border: 2px solid rgb(125, 157, 1);\" tabnumber\u003d\"0\" tagorder\u003d\"0\"\u003eVanilla\u003c/tipo_de_opcion\u003e Settlement Location: LONDON Expiration Cut: NYC Volatility: 6.864/7.286 ла\u0026mdash;ла\u0026sbquo; Mid 7.075 Depo: Denominated 0.99936561 ла\u0026mdash;ла\u0026sbquo; Asset 1.00013067 Spot Rate: 1.20437 Forward Rate: 1.205297 Forward Pts: 9.22 Trade ID: MDFXO_1-21E00F Account: BANCO SANTANDER SA UTI: \u003cuti_usi begin\u003d\"720\" class\u003d\"extraction-tag ml-tag\" confidence\u003d\"1/20\" data-value\u003d\"GFXFXO0000000000000000001ZB1XA0X\" end\u003d\"752\" ml-tagorder\u003d\"0\" score\u003d\"0.7112212019965181\" style\u003d\"border: 2px solid rgb(125, 157, 1);\" tabnumber\u003d\"0\" tagorder\u003d\"0\"\u003eGFXFXO0000000000000000001ZB1XA0X\u003c/uti_usi\u003e USI: GFXFXO0000000000000000001ZB1XA0X Buy/Sell: Counterparty sells EUR/ buys USD FX Pair: EURUSD Rate: 1.2053 Settlement Date: Mon 29Jan2018 Quantity: 14,100,000.00 EUR Instrument Type: \u003cspot_forward begin\u003d\"939\" class\u003d\"extraction-tag ml-tag\" confidence\u003d\"1/20\" data-value\u003d\"Forward\" end\u003d\"946\" ml-tagorder\u003d\"0\" score\u003d\"0.5395513916244099\" style\u003d\"border: 2px solid rgb(125, 157, 1);\" tabnumber\u003d\"0\" tagorder\u003d\"0\"\u003eForward\u003c/spot_forward\u003e UTI: GFXFXO0000000000000000001ZB1XA0V USI: GFXFXO0000000000000000001ZB1XA0V DO NOT REPLY - This is a system generated message. If you have any questions about this message please contact J.P. Morgan FX \u0026amp; Commodities e-Trading Client Services Hotline: Europe +44-207-777-4422 North America +1 877 339 5762 Japan +81 3 6736 7888 Asia ex-Japan +65 6882 7222 * email: fxc.ecs@jpmorgan.com \u0026lt;mailto:fxc.ecs@jpmorgan.com\u0026gt; . This message is provided for informational purposes only and is subject to change without notice. It is not intended as research, a recommendation, advice, offer or solicitation to buy or sell any financial product or service, nor a confirmation of terms. The recipient should rely solely on the final 