{"finalScore":0.6988222941178768,"sumScore":12.578801294121781,"tagsCounter":18.0,"taggedText":"\u003cdocument\u003eCustomer Pays \u003cprecio begin\u003d\"14\" class\u003d\"extraction-tag ml-tag\" confidence\u003d\"1/19\" data-value\u003d\"0.2470\" end\u003d\"20\" ml-tagorder\u003d\"0\" score\u003d\"0.6512702277754371\" style\u003d\"border: 2px solid rgb(125, 157, 1);\" tabnumber\u003d\"0\" tagorder\u003d\"0\"\u003e0.2470\u003c/precio\u003e % of EUR face Customer Pays Premium EUR 24,700.00 on 18-Jan-18 Trade Time: Tue Jan 16 18:29:14 GMT 2018 Buy/Sell: Counterparty \u003cestrategia begin\u003d\"148\" class\u003d\"extraction-tag ml-tag\" confidence\u003d\"1/19\" data-value\u003d\"buys\" end\u003d\"152\" ml-tagorder\u003d\"0\" score\u003d\"0.7260981535668546\" style\u003d\"border: 2px solid rgb(125, 157, 1);\" tabnumber\u003d\"0\" tagorder\u003d\"0\"\u003ebuys\u003c/estrategia\u003e/\u003ccontrapartida begin\u003d\"153\" class\u003d\"extraction-tag ml-tag\" confidence\u003d\"1/19\" data-value\u003d\"LBS\" end\u003d\"156\" ml-tagorder\u003d\"0\" score\u003d\"0.6746060638210257\" style\u003d\"border: 2px solid rgb(125, 157, 1);\" tabnumber\u003d\"0\" tagorder\u003d\"0\"\u003eLBS\u003c/contrapartida\u003e sells FX Pair: EURUSD Put/Call: \u003copcion2 begin\u003d\"189\" class\u003d\"extraction-tag ml-tag\" confidence\u003d\"1/19\" data-value\u003d\"Call\" end\u003d\"193\" ml-tagorder\u003d\"0\" score\u003d\"0.688751759274912\" style\u003d\"border: 2px solid rgb(125, 157, 1);\" tabnumber\u003d\"0\" tagorder\u003d\"0\"\u003e\u003copcion1 begin\u003d\"189\" class\u003d\"extraction-tag ml-tag\" confidence\u003d\"1/19\" data-value\u003d\"Call\" end\u003d\"193\" ml-tagorder\u003d\"0\" score\u003d\"0.690699482492855\" style\u003d\"border: 2px solid rgb(125, 157, 1);\" tabnumber\u003d\"0\" tagorder\u003d\"0\"\u003eCall\u003c/opcion1\u003e\u003c/opcion2\u003e on \u003cdivisa1 begin\u003d\"197\" class\u003d\"extraction-tag ml-tag\" confidence\u003d\"1/19\" data-value\u003d\"EUR\" end\u003d\"200\" ml-tagorder\u003d\"0\" score\u003d\"0.5560875472973767\" style\u003d\"border: 2px solid rgb(125, 157, 1);\" tabnumber\u003d\"0\" tagorder\u003d\"0\"\u003eEUR\u003c/divisa1\u003e Strike: \u003cstrike_ begin\u003d\"209\" class\u003d\"extraction-tag ml-tag\" confidence\u003d\"1/19\" data-value\u003d\"1.2300\" end\u003d\"215\" ml-tagorder\u003d\"0\" score\u003d\"0.8010996378839352\" style\u003d\"border: 2px solid rgb(125, 157, 1);\" tabnumber\u003d\"0\" tagorder\u003d\"0\"\u003e1.2300\u003c/strike_\u003e Expiration Date: Tue \u003cfecha_vencimiento begin\u003d\"237\" class\u003d\"extraction-tag ml-tag\" confidence\u003d\"1/19\" data-value\u003d\"23Jan2018\" end\u003d\"246\" ml-tagorder\u003d\"0\" score\u003d\"0.8002780956435971\" style\u003d\"border: 2px solid rgb(125, 157, 1);\" tabnumber\u003d\"0\" tagorder\u003d\"0\"\u003e23Jan2018\u003c/fecha_vencimiento\u003e Settlement Date: Thu \u003cfecha_pago_vencimiento begin\u003d\"268\" class\u003d\"extraction-tag ml-tag\" confidence\u003d\"1/19\" data-value\u003d\"25Jan2018\" end\u003d\"277\" ml-tagorder\u003d\"0\" score\u003d\"0.7091090154887617\" style\u003d\"border: 2px solid rgb(125, 157, 1);\" tabnumber\u003d\"0\" tagorder\u003d\"0\"\u003e25Jan2018\u003c/fecha_pago_vencimiento\u003e Quantity: \u003cnominal1 begin\u003d\"288\" class\u003d\"extraction-tag ml-tag\" confidence\u003d\"1/19\" data-value\u003d\"10,000,000.00\" end\u003d\"301\" ml-tagorder\u003d\"0\" score\u003d\"0.6737815949880579\" style\u003d\"border: 2px solid rgb(125, 157, 1);\" tabnumber\u003d\"0\" tagorder\u003d\"0\"\u003e10,000,000.00\u003c/nominal1\u003e EUR Other Quantity: \u003cnominal2 begin\u003d\"322\" class\u003d\"extraction-tag ml-tag\" confidence\u003d\"1/19\" data-value\u003d\"12,300,000.00\" end\u003d\"335\" ml-tagorder\u003d\"0\" score\u003d\"0.6966354768810533\" style\u003d\"border: 2px solid rgb(125, 157, 1);\" tabnumber\u003d\"0\" tagorder\u003d\"0\"\u003e12,300,000.00\u003c/nominal2\u003e USD Premium: \u003cprima begin\u003d\"349\" class\u003d\"extraction-tag ml-tag\" confidence\u003d\"1/19\" data-value\u003d\"24,700.00\" end\u003d\"358\" ml-tagorder\u003d\"0\" score\u003d\"0.7522469315843654\" style\u003d\"border: 2px solid rgb(125, 157, 1);\" tabnumber\u003d\"0\" tagorder\u003d\"0\"\u003e24,700.00\u003c/prima\u003e \u003cdivisa_prima begin\u003d\"359\" class\u003d\"extraction-tag ml-tag\" confidence\u003d\"1/19\" data-value\u003d\"EUR\" end\u003d\"362\" ml-tagorder\u003d\"0\" score\u003d\"0.6073012299984164\" style\u003d\"border: 2px solid rgb(125, 157, 1);\" tabnumber\u003d\"0\" tagorder\u003d\"0\"\u003eEUR\u003c/divisa_prima\u003e Premium Date: Thu \u003cfecha_pago_prima begin\u003d\"381\" class\u003d\"extraction-tag ml-tag\" confidence\u003d\"1/19\" data-value\u003d\"18Jan2018\" end\u003d\"390\" ml-tagorder\u003d\"0\" score\u003d\"0.7399011450264185\" style\u003d\"border: 2px solid rgb(125, 157, 1);\" tabnumber\u003d\"0\" tagorder\u003d\"0\"\u003e18Jan2018\u003c/fecha_pago_prima\u003e Settlement Type: \u003ccash_delivery begin\u003d\"408\" class\u003d\"extraction-tag ml-tag\" confidence\u003d\"1/19\" data-value\u003d\"Physical\" end\u003d\"416\" ml-tagorder\u003d\"0\" score\u003d\"0.7271861916910236\" style\u003d\"border: 2px solid rgb(125, 157, 1);\" tabnumber\u003d\"0\" tagorder\u003d\"0\"\u003ePhysical\u003c/cash_delivery\u003e Settlement Ccy: N/A Instrument Type: \u003ctipo_de_opcion begin\u003d\"454\" class\u003d\"extraction-tag ml-tag\" confidence\u003d\"1/19\" data-value\u003d\"Vanilla\" end\u003d\"461\" ml-tagorder\u003d\"0\" score\u003d\"0.7284060050556025\" style\u003d\"border: 2px solid rgb(125, 157, 1);\" tabnumber\u003d\"0\" tagorder\u003d\"0\"\u003eVanilla\u003c/tipo_de_opcion\u003e Settlement Location: LONDON Expiration Cut: NYC Volatility: 6.534/7.132 ла\u0026mdash;ла\u0026sbquo; Mid 6.833 Depo: Denominated 0.99964384 ла\u0026mdash;ла\u0026sbquo; Asset 1.00005257 Spot Rate: 1.22531 Forward Rate: 1.225806 Forward Pts: 5.01 Trade ID: MDFXO_1-22HV0G Account: BANCO SANTANDER MADRID UTI: \u003cuti_usi begin\u003d\"722\" class\u003d\"extraction-tag ml-tag\" confidence\u003d\"1/19\" data-value\u003d\"GFXFXO0000000000000000001ZB5DY0W\" end\u003d\"754\" ml-tagorder\u003d\"0\" score\u003d\"0.7241244528731294\" style\u003d\"border: 2px solid rgb(125, 157, 1);\" tabnumber\u003d\"0\" tagorder\u003d\"0\"\u003eGFXFXO0000000000000000001ZB5DY0W\u003c/uti_usi\u003e USI: GFXFXO0000000000000000001ZB5DY0W Buy/Sell: Counterparty sells EUR/ buys USD FX Pair: EURUSD Rate: 1.2253 Settlement Date: Thu 18Jan2018 Quantity: 3,590,000.00 EUR Instrument Type: \u003cspot_forward begin\u003d\"940\" class\u003d\"extraction-tag ml-tag\" confidence\u003d\"1/19\" data-value\u003d\"Spot\" end\u003d\"944\" ml-tagorder\u003d\"0\" score\u003d\"0.6312182827789596\" style\u003d\"border: 2px solid rgb(125, 157, 1);\" tabnumber\u003d\"0\" tagorder\u003d\"0\"\u003eSpot\u003c/spot_forward\u003e UTI: GFXFXO0000000000000000001ZB5DY0U USI: GFXFXO0000000000000000001ZB5DY0U DO NOT REPLY - This is a system generated message. If you have any questions about this message please contact J.P. Morgan FX \u0026amp; Commodities e-Trading Client Services Hotline: Europe +44-207-777-4422 North America +1 877 339 5762 Japan +81 3 6736 7888 Asia ex-Japan +65 6882 7222 * email: fxc.ecs@jpmorgan.com \u0026lt;mailto:fxc.ecs@jpmorgan.com\u0026gt; . This message is provided for informational purposes only and is subject to change without notice. It is not intended as research, a recommendation, advice, offer or solicitation to buy or sell any financial product or service, nor a confirmation of terms. The recipient should rely solely on the final transaction documentation containing the definitive terms and conditions of the transaction, which in the event of an inconsistency, will override the information in this message. Please consult your own advisors regarding legal, tax, accounting or any other aspects including suitability implications for your particular circumstances. J.P. Morgan 