{"finalScore":0.6954244718311446,"sumScore":11.822216021129458,"tagsCounter":17.0,"taggedText":"\u003cdocument\u003eCustomer Receives 0.003020 of USD per unit EUR face Customer Receives Premium USD 30,200.00 on 23-Jan-18 Trade Time: Fri Jan 19 14:37:29 GMT 2018 Buy/Sell: Counterparty \u003cestrategia begin\u003d\"169\" class\u003d\"extraction-tag ml-tag\" confidence\u003d\"1/18\" data-value\u003d\"sells\" end\u003d\"174\" ml-tagorder\u003d\"0\" score\u003d\"0.707635124709035\" style\u003d\"border: 2px solid rgb(125, 157, 1);\" tabnumber\u003d\"0\" tagorder\u003d\"0\"\u003esells\u003c/estrategia\u003e/\u003ccontrapartida_corta begin\u003d\"175\" class\u003d\"extraction-tag ml-tag\" confidence\u003d\"1/18\" data-value\u003d\"CIG\" end\u003d\"178\" ml-tagorder\u003d\"0\" score\u003d\"0.53595300587279\" style\u003d\"border: 2px solid rgb(125, 157, 1);\" tabnumber\u003d\"0\" tagorder\u003d\"0\"\u003e\u003ccontrapartida begin\u003d\"175\" class\u003d\"extraction-tag ml-tag\" confidence\u003d\"1/18\" data-value\u003d\"CIG\" end\u003d\"178\" ml-tagorder\u003d\"0\" score\u003d\"0.5409143496133723\" style\u003d\"border: 2px solid rgb(125, 157, 1);\" tabnumber\u003d\"0\" tagorder\u003d\"0\"\u003eCIG\u003c/contrapartida\u003e\u003c/contrapartida_corta\u003e buys FX Pair: EURUSD Put/Call: \u003copcion2 begin\u003d\"210\" class\u003d\"extraction-tag ml-tag\" confidence\u003d\"1/18\" data-value\u003d\"Call\" end\u003d\"214\" ml-tagorder\u003d\"0\" score\u003d\"0.688751759274912\" style\u003d\"border: 2px solid rgb(125, 157, 1);\" tabnumber\u003d\"0\" tagorder\u003d\"0\"\u003e\u003copcion1 begin\u003d\"210\" class\u003d\"extraction-tag ml-tag\" confidence\u003d\"1/18\" data-value\u003d\"Call\" end\u003d\"214\" ml-tagorder\u003d\"0\" score\u003d\"0.690699482492855\" style\u003d\"border: 2px solid rgb(125, 157, 1);\" tabnumber\u003d\"0\" tagorder\u003d\"0\"\u003eCall\u003c/opcion1\u003e\u003c/opcion2\u003e on \u003cdivisa1 begin\u003d\"218\" class\u003d\"extraction-tag ml-tag\" confidence\u003d\"1/18\" data-value\u003d\"EUR\" end\u003d\"221\" ml-tagorder\u003d\"0\" score\u003d\"0.5560875472973767\" style\u003d\"border: 2px solid rgb(125, 157, 1);\" tabnumber\u003d\"0\" tagorder\u003d\"0\"\u003eEUR\u003c/divisa1\u003e Strike: \u003cstrike_ begin\u003d\"230\" class\u003d\"extraction-tag ml-tag\" confidence\u003d\"1/18\" data-value\u003d\"1.2400\" end\u003d\"236\" ml-tagorder\u003d\"0\" score\u003d\"0.7989828091713127\" style\u003d\"border: 2px solid rgb(125, 157, 1);\" tabnumber\u003d\"0\" tagorder\u003d\"0\"\u003e1.2400\u003c/strike_\u003e Expiration Date: Thu \u003cfecha_vencimiento begin\u003d\"258\" class\u003d\"extraction-tag ml-tag\" confidence\u003d\"1/18\" data-value\u003d\"01Feb2018\" end\u003d\"267\" ml-tagorder\u003d\"0\" score\u003d\"0.7930885765385117\" style\u003d\"border: 2px solid rgb(125, 157, 1);\" tabnumber\u003d\"0\" tagorder\u003d\"0\"\u003e01Feb2018\u003c/fecha_vencimiento\u003e Settlement Date: Mon \u003cfecha_pago_vencimiento begin\u003d\"289\" class\u003d\"extraction-tag ml-tag\" confidence\u003d\"1/18\" data-value\u003d\"05Feb2018\" end\u003d\"298\" ml-tagorder\u003d\"0\" score\u003d\"0.7715296323859399\" style\u003d\"border: 2px solid rgb(125, 157, 1);\" tabnumber\u003d\"0\" tagorder\u003d\"0\"\u003e05Feb2018\u003c/fecha_pago_vencimiento\u003e Quantity: \u003cnominal1 begin\u003d\"309\" class\u003d\"extraction-tag ml-tag\" confidence\u003d\"1/18\" data-value\u003d\"10,000,000.00\" end\u003d\"322\" ml-tagorder\u003d\"0\" score\u003d\"0.7374598812425378\" style\u003d\"border: 2px solid rgb(125, 157, 1);\" tabnumber\u003d\"0\" tagorder\u003d\"0\"\u003e10,000,000.00\u003c/nominal1\u003e EUR Other Quantity: \u003cnominal2 begin\u003d\"343\" class\u003d\"extraction-tag ml-tag\" confidence\u003d\"1/18\" data-value\u003d\"12,400,000.00\" end\u003d\"356\" ml-tagorder\u003d\"0\" score\u003d\"0.6974838233460059\" style\u003d\"border: 2px solid rgb(125, 157, 1);\" tabnumber\u003d\"0\" tagorder\u003d\"0\"\u003e12,400,000.00\u003c/nominal2\u003e USD Premium: \u003cprima begin\u003d\"370\" class\u003d\"extraction-tag ml-tag\" confidence\u003d\"1/18\" data-value\u003d\"30,200.00\" end\u003d\"379\" ml-tagorder\u003d\"0\" score\u003d\"0.7081340077040948\" style\u003d\"border: 2px solid rgb(125, 157, 1);\" tabnumber\u003d\"0\" tagorder\u003d\"0\"\u003e30,200.00\u003c/prima\u003e \u003cdivisa_prima begin\u003d\"380\" class\u003d\"extraction-tag ml-tag\" confidence\u003d\"1/18\" data-value\u003d\"USD\" end\u003d\"383\" ml-tagorder\u003d\"0\" score\u003d\"0.6848269785373341\" style\u003d\"border: 2px solid rgb(125, 157, 1);\" tabnumber\u003d\"0\" tagorder\u003d\"0\"\u003eUSD\u003c/divisa_prima\u003e Premium Date: Tue \u003cfecha_pago_prima begin\u003d\"402\" class\u003d\"extraction-tag ml-tag\" confidence\u003d\"1/18\" data-value\u003d\"23Jan2018\" end\u003d\"411\" ml-tagorder\u003d\"0\" score\u003d\"0.731226931112875\" style\u003d\"border: 2px solid rgb(125, 157, 1);\" tabnumber\u003d\"0\" tagorder\u003d\"0\"\u003e23Jan2018\u003c/fecha_pago_prima\u003e Settlement Type: \u003ccash_delivery begin\u003d\"429\" class\u003d\"extraction-tag ml-tag\" confidence\u003d\"1/18\" data-value\u003d\"Physical\" end\u003d\"437\" ml-tagorder\u003d\"0\" score\u003d\"0.7271861916910236\" style\u003d\"border: 2px solid rgb(125, 157, 1);\" tabnumber\u003d\"0\" tagorder\u003d\"0\"\u003ePhysical\u003c/cash_delivery\u003e Settlement Ccy: N/A Instrument Type: \u003ctipo_de_opcion begin\u003d\"475\" class\u003d\"extraction-tag ml-tag\" confidence\u003d\"1/18\" data-value\u003d\"Vanilla\" end\u003d\"482\" ml-tagorder\u003d\"0\" score\u003d\"0.7284060050556025\" style\u003d\"border: 2px solid rgb(125, 157, 1);\" tabnumber\u003d\"0\" tagorder\u003d\"0\"\u003eVanilla\u003c/tipo_de_opcion\u003e Settlement Location: LONDON Expiration Cut: NYC Volatility: 9.333/9.837 ла\u0026mdash;ла\u0026sbquo; Mid 9.585 Depo: Denominated 0.99933934 ла\u0026mdash;ла\u0026sbquo; Asset 1.00011501 Spot Rate: 1.22353 Forward Rate: 1.224477 Forward Pts: 9.48 Trade ID: MDFXO_1-23LX0I Account: BANCO SANTANDER MADRID UTI: \u003cuti_usi begin\u003d\"743\" class\u003d\"extraction-tag ml-tag\" confidence\u003d\"1/18\" data-value\u003d\"GFXFXO0000000000000000001ZB8271E\" end\u003d\"775\" ml-tagorder\u003d\"0\" score\u003d\"0.723849915083878\" style\u003d\"border: 2px solid rgb(125, 157, 1);\" tabnumber\u003d\"0\" tagorder\u003d\"0\"\u003eGFXFXO0000000000000000001ZB8271E\u003c/uti_usi\u003e USI: GFXFXO0000000000000000001ZB8271E DO NOT REPLY - This is a system generated message. If you have any questions about this message please contact J.P. Morgan FX \u0026amp; Commodities e-Trading Client Services Hotline: Europe +44-207-777-4422 North America +1 877 339 5762 Japan +81 3 6736 7888 Asia ex-Japan +65 6882 7222 * email: fxc.ecs@jpmorgan.com \u0026lt;mailto:fxc.ecs@jpmorgan.com\u0026gt; . This message is provided for informational purposes only and is subject to change without notice. It is not intended as research, a recommendation, advice, offer or solicitation to buy or sell any financial product or service, nor a confirmation of terms. The recipient should rely solely on the final transaction documentation containing the definitive terms and conditions of the transaction, which in the event of an inconsistency, will override the information in this message. Please consult your own advisors regarding legal, tax, accounting or any other aspects including suitability implications for your particular circumstances. J.P. Morgan disclaims any responsibility or liability whatsoever for the quality, accuracy or completeness of the information herein, and for any reliance on, or uses to which, the information in this message is put. This message is specific for the recipient and may not be reproduced, redistributed or transmitted, in whole or in part, without the prior written consent of J.P. Morgan. If you are not the intended recipient, you are not authorized to use the information in this message in any way, please delete 