{"finalScore":0.6830097252264089,"sumScore":12.29417505407536,"tagsCounter":18.0,"taggedText":"\u003cdocument\u003e\u003cstyle type\u003d\"text/css\"\u003e\u003c/style\u003e\u003cfecha_inicio begin\u003d\"0\" class\u003d\"extraction-tag ml-tag\" confidence\u003d\"1/19\" data-value\u003d\"Jan 24 11:19:26 GMT 2018\" end\u003d\"24\" ml-tagorder\u003d\"0\" score\u003d\"0.7253086875914238\" style\u003d\"border: 2px solid rgb(125, 157, 1);\" tabnumber\u003d\"0\" tagorder\u003d\"0\"\u003eJan 24 11:19:26 GMT 2018\u003c/fecha_inicio\u003e \u003cstrong\u003eBuy/Sell\u003c/strong\u003e: Counterparty \u003cestrategia begin\u003d\"48\" class\u003d\"extraction-tag ml-tag\" confidence\u003d\"1/19\" data-value\u003d\"sells\" end\u003d\"53\" ml-tagorder\u003d\"0\" score\u003d\"0.749890679457217\" style\u003d\"border: 2px solid rgb(125, 157, 1);\" tabnumber\u003d\"0\" tagorder\u003d\"0\"\u003esells\u003c/estrategia\u003e/\u003ccontrapartida_corta begin\u003d\"54\" class\u003d\"extraction-tag ml-tag\" confidence\u003d\"1/19\" data-value\u003d\"YRH\" end\u003d\"57\" ml-tagorder\u003d\"0\" score\u003d\"0.5824274708315319\" style\u003d\"border: 2px solid rgb(125, 157, 1);\" tabnumber\u003d\"0\" tagorder\u003d\"0\"\u003e\u003ccontrapartida begin\u003d\"54\" class\u003d\"extraction-tag ml-tag\" confidence\u003d\"1/19\" data-value\u003d\"YRH\" end\u003d\"57\" ml-tagorder\u003d\"0\" score\u003d\"0.695676481355185\" style\u003d\"border: 2px solid rgb(125, 157, 1);\" tabnumber\u003d\"0\" tagorder\u003d\"0\"\u003eYRH\u003c/contrapartida\u003e\u003c/contrapartida_corta\u003e buys \u003cstrong\u003eFX Pair\u003c/strong\u003e: EURUSD \u003cstrong\u003ePut/Call\u003c/strong\u003e: \u003copcion2 begin\u003d\"89\" class\u003d\"extraction-tag ml-tag\" confidence\u003d\"1/19\" data-value\u003d\"Put\" end\u003d\"92\" ml-tagorder\u003d\"0\" score\u003d\"0.6740983172790124\" style\u003d\"border: 2px solid rgb(125, 157, 1);\" tabnumber\u003d\"0\" tagorder\u003d\"0\"\u003e\u003copcion1 begin\u003d\"89\" class\u003d\"extraction-tag ml-tag\" confidence\u003d\"1/19\" data-value\u003d\"Put\" end\u003d\"92\" ml-tagorder\u003d\"0\" score\u003d\"0.6793068409464221\" style\u003d\"border: 2px solid rgb(125, 157, 1);\" tabnumber\u003d\"0\" tagorder\u003d\"0\"\u003ePut\u003c/opcion1\u003e\u003c/opcion2\u003e on EUR \u003cstrong\u003eStrike\u003c/strong\u003e: \u003cstrike_ begin\u003d\"108\" class\u003d\"extraction-tag ml-tag\" confidence\u003d\"1/19\" data-value\u003d\"1.2300\" end\u003d\"114\" ml-tagorder\u003d\"0\" score\u003d\"0.7682936485669696\" style\u003d\"border: 2px solid rgb(125, 157, 1);\" tabnumber\u003d\"0\" tagorder\u003d\"0\"\u003e1.2300\u003c/strike_\u003e \u003cstrong\u003eExpiration Date\u003c/strong\u003e: Mon \u003cfecha_vencimiento begin\u003d\"136\" class\u003d\"extraction-tag ml-tag\" confidence\u003d\"1/19\" data-value\u003d\"29Jan2018\" end\u003d\"145\" ml-tagorder\u003d\"0\" score\u003d\"0.69404340789983\" style\u003d\"border: 2px solid rgb(125, 157, 1);\" tabnumber\u003d\"0\" tagorder\u003d\"0\"\u003e29Jan2018\u003c/fecha_vencimiento\u003e \u003cstrong\u003eSettlement Date\u003c/strong\u003e: Wed \u003cfecha_pago_vencimiento begin\u003d\"167\" class\u003d\"extraction-tag ml-tag\" confidence\u003d\"1/19\" data-value\u003d\"31Jan2018\" end\u003d\"176\" ml-tagorder\u003d\"0\" score\u003d\"0.6961865571158242\" style\u003d\"border: 2px solid rgb(125, 157, 1);\" tabnumber\u003d\"0\" tagorder\u003d\"0\"\u003e31Jan2018\u003c/fecha_pago_vencimiento\u003e \u003cstrong\u003eQuantity\u003c/strong\u003e: \u003cnominal1 begin\u003d\"187\" class\u003d\"extraction-tag ml-tag\" confidence\u003d\"1/19\" data-value\u003d\"100,000,000.00\" end\u003d\"201\" ml-tagorder\u003d\"0\" score\u003d\"0.6842863743784031\" style\u003d\"border: 2px solid rgb(125, 157, 1);\" tabnumber\u003d\"0\" tagorder\u003d\"0\"\u003e100,000,000.00\u003c/nominal1\u003e EUR \u003cstrong\u003eOther Quantity\u003c/strong\u003e: \u003cnominal2 begin\u003d\"222\" class\u003d\"extraction-tag ml-tag\" confidence\u003d\"1/19\" data-value\u003d\"123,000,000.00\" end\u003d\"236\" ml-tagorder\u003d\"0\" score\u003d\"0.7256386907788119\" style\u003d\"border: 2px solid rgb(125, 157, 1);\" tabnumber\u003d\"0\" tagorder\u003d\"0\"\u003e123,000,000.00\u003c/nominal2\u003e \u003cdivisa2 begin\u003d\"237\" class\u003d\"extraction-tag ml-tag\" confidence\u003d\"1/19\" data-value\u003d\"USD\" end\u003d\"240\" ml-tagorder\u003d\"0\" score\u003d\"0.5054778339103807\" style\u003d\"border: 2px solid rgb(125, 157, 1);\" tabnumber\u003d\"0\" tagorder\u003d\"0\"\u003eUSD\u003c/divisa2\u003e \u003cstrong\u003ePremium\u003c/strong\u003e: \u003cprima begin\u003d\"250\" class\u003d\"extraction-tag ml-tag\" confidence\u003d\"1/19\" data-value\u003d\"300,000.00\" end\u003d\"260\" ml-tagorder\u003d\"0\" score\u003d\"0.6808089205638653\" style\u003d\"border: 2px solid rgb(125, 157, 1);\" tabnumber\u003d\"0\" tagorder\u003d\"0\"\u003e300,000.00\u003c/prima\u003e EUR \u003cstrong\u003ePremium Date\u003c/strong\u003e: Wed \u003cfecha_pago_prima begin\u003d\"283\" class\u003d\"extraction-tag ml-tag\" confidence\u003d\"1/19\" data-value\u003d\"31Jan2018\" end\u003d\"292\" ml-tagorder\u003d\"0\" score\u003d\"0.72664860567072\" style\u003d\"border: 2px solid rgb(125, 157, 1);\" tabnumber\u003d\"0\" tagorder\u003d\"0\"\u003e31Jan2018\u003c/fecha_pago_prima\u003e \u003cstrong\u003eSettlement Type\u003c/strong\u003e: \u003ccash_delivery begin\u003d\"310\" class\u003d\"extraction-tag ml-tag\" confidence\u003d\"1/19\" data-value\u003d\"Physical\" end\u003d\"318\" ml-tagorder\u003d\"0\" score\u003d\"0.7271861916910236\" style\u003d\"border: 2px solid rgb(125, 157, 1);\" tabnumber\u003d\"0\" tagorder\u003d\"0\"\u003ePhysical\u003c/cash_delivery\u003e \u003cstrong\u003eSettlement Ccy\u003c/strong\u003e: N/A \u003cstrong\u003eInstrument Type\u003c/strong\u003e: \u003ctipo_de_opcion begin\u003d\"356\" class\u003d\"extraction-tag ml-tag\" confidence\u003d\"1/19\" data-value\u003d\"Vanilla\" end\u003d\"363\" ml-tagorder\u003d\"0\" score\u003d\"0.7284060050556025\" style\u003d\"border: 2px solid rgb(125, 157, 1);\" tabnumber\u003d\"0\" tagorder\u003d\"0\"\u003eVanilla\u003c/tipo_de_opcion\u003e \u003cstrong\u003eSettlement Location\u003c/strong\u003e: LONDON \u003cstrong\u003eExpiration Cut\u003c/strong\u003e: NYC \u003cstrong\u003eVolatility\u003c/strong\u003e: 9.335/10.224 ла\u0026mdash;ла\u0026sbquo; Mid 9.780 \u003cstrong\u003eDepo\u003c/strong\u003e: Denominated 1.00000000 ла\u0026mdash;ла\u0026sbquo; Asset 1.00000000 \u003cstrong\u003eSpot Rate\u003c/strong\u003e: 1.23338 \u003cstrong\u003eForward Rate\u003c/strong\u003e: 1.233751 \u003cstrong\u003eForward Pts\u003c/strong\u003e: 3.71 \u003cstrong\u003eTrade ID\u003c/strong\u003e: MDFXO_1-24NF0E \u003cstrong\u003eAccount\u003c/strong\u003e: BANCO SANTANDER SA \u003cstrong\u003eUTI\u003c/strong\u003e: \u003cuti_usi begin\u003d\"621\" class\u003d\"extraction-tag ml-tag\" confidence\u003d\"1/19\" data-value\u003d\"GFXFXO0000000000000000001ZBANB0O\" end\u003d\"653\" ml-tagorder\u003d\"0\" score\u003d\"0.7109389493587256\" style\u003d\"border: 2px solid rgb(125, 157, 1);\" tabnumber\u003d\"0\" tagorder\u003d\"0\"\u003eGFXFXO0000000000000000001ZBANB0O\u003c/uti_usi\u003e \u003cstrong\u003eUSI\u003c/strong\u003e: GFXFXO0000000000000000001ZBANB0O \u003cstrong\u003eBuy/Sell\u003c/strong\u003e: Counterparty sells EUR/ buys USD \u003cstrong\u003eFX Pair\u003c/strong\u003e: EURUSD \u003cstrong\u003eRate\u003c/strong\u003e: 1.2338 \u003cstrong\u003eSettlement Date\u003c/strong\u003e: Wed 31Jan2018 \u003cstrong\u003eQuantity\u003c/strong\u003e: 39,700,000.00 EUR \u003cstrong\u003eInstrument Type\u003c/strong\u003e: \u003cspot_forward begin\u003d\"840\" class\u003d\"extraction-tag ml-tag\" confidence\u003d\"1/19\" data-value\u003d\"Forward\" end\u003d\"847\" ml-tagorder\u003d\"0\" score\u003d\"0.5395513916244099\" style\u003d\"border: 2px solid rgb(125, 157, 1);\" tabnumber\u003d\"0\" 