{"finalScore":0.586430636357522,"sumScore":9.382890181720352,"tagsCounter":16.0,"taggedText":"\u003cdocument\u003e\u003cstyle type\u003d\"text/css\"\u003e\u003c/style\u003e\u003cp\u003e\u003cfont\u003e\u003cfecha_inicio begin\u003d\"193\" class\u003d\"extraction-tag ml-tag\" confidence\u003d\"1/11\" data-value\u003d\"07 de July de 2017\" end\u003d\"211\" ml-tagorder\u003d\"0\" score\u003d\"0.6085155323334421\" style\u003d\"border: 2px solid rgb(125, 157, 1);\" tabnumber\u003d\"0\" tagorder\u003d\"0\"\u003e\u003cmeta content\u003d\"text-html; charset\u003dutf-8\"\u003e\u003c/meta\u003e\u003cbase\u003e\u003c/base\u003e07 de July de 2017\u003c/fecha_inicio\u003e 16:23 Para: Schubert, Spencer \u0026lt;sschubert@santander.us\u0026gt;; FX Options Operations \u0026lt;fxoptions_operations@gruposantander.com\u0026gt;; Mark.Bott@ubs.com Asunto: EURUSD 1 leg exotic trade Quote Ref. 26104941931-1956490-1499437292228-6402 Executor schub7sp Client account 031500067085 Currency pair EURUSD Spot ref. 1.13869 USD per 1 EUR Trade date 07-Jul-17 Entry Time (GMT) 07-Jul-17 14:22 Premium date 11-Jul-17 Premium Rec/Pay Client pays / DUC receives Price 21.6 USD Pips Amount USD \u003cnominal1 begin\u003d\"685\" class\u003d\"extraction-tag ml-tag\" confidence\u003d\"1/11\" data-value\u003d\"21,600\" end\u003d\"691\" ml-tagorder\u003d\"0\" score\u003d\"0.45160741065938553\" style\u003d\"border: 2px solid rgb(125, 157, 1);\" tabnumber\u003d\"0\" tagorder\u003d\"0\"\u003e21,600\u003c/nominal1\u003e Mid Amount USD 19,900 Leg Summary: 1. Barrier: Client Buys 14-Aug-17 1.1300 \u003cdivisa1 begin\u003d\"768\" class\u003d\"extraction-tag ml-tag\" confidence\u003d\"1/11\" data-value\u003d\"EUR\" end\u003d\"771\" ml-tagorder\u003d\"0\" score\u003d\"0.5199804754341293\" style\u003d\"border: 2px solid rgb(125, 157, 1);\" tabnumber\u003d\"0\" tagorder\u003d\"0\"\u003eEUR\u003c/divisa1\u003e Put Hi 1.1530 Knockout Lo 1.1000 Knockout EUR 10,000,000 Strategy 1 Type Barrier Premium Rec/Pay Client pays / DUC receives Price 21.6 USD Pips Amount USD \u003cnominal1 begin\u003d\"927\" class\u003d\"extraction-tag ml-tag\" confidence\u003d\"1/11\" data-value\u003d\"21,600\" end\u003d\"933\" ml-tagorder\u003d\"1\" score\u003d\"0.5989502019563907\" style\u003d\"border: 2px solid rgb(125, 157, 1);\" tabnumber\u003d\"1\" tagorder\u003d\"1\"\u003e21,600\u003c/nominal1\u003e USI IssuerID 1030338960 USI TradeID INFX0000000000000000003181188831 Leg 1 Type Barrier Position Client \u003cestrategia begin\u003d\"1038\" class\u003d\"extraction-tag ml-tag\" confidence\u003d\"1/11\" data-value\u003d\"Buys\" end\u003d\"1042\" ml-tagorder\u003d\"0\" score\u003d\"0.5925089568389186\" style\u003d\"border: 2px solid rgb(125, 157, 1);\" tabnumber\u003d\"0\" tagorder\u003d\"0\"\u003eBuys\u003c/estrategia\u003e / DUC Sells Expiry \u003cfecha_vencimiento begin\u003d\"1062\" class\u003d\"extraction-tag ml-tag\" confidence\u003d\"1/11\" data-value\u003d\"14-Aug-17\" end\u003d\"1071\" ml-tagorder\u003d\"0\" score\u003d\"0.6239407295649698\" style\u003d\"border: 2px solid rgb(125, 157, 1);\" tabnumber\u003d\"0\" tagorder\u003d\"0\"\u003e14-Aug-17\u003c/fecha_vencimiento\u003e \u003ccash_delivery begin\u003d\"1072\" class\u003d\"extraction-tag ml-tag\" confidence\u003d\"1/11\" data-value\u003d\"Delivery\" end\u003d\"1080\" ml-tagorder\u003d\"0\" score\u003d\"0.5007809629565991\" style\u003d\"border: 2px solid rgb(125, 157, 1);\" tabnumber\u003d\"0\" tagorder\u003d\"0\"\u003eDelivery\u003c/cash_delivery\u003e \u003cfecha_pago_vencimiento begin\u003d\"1081\" class\u003d\"extraction-tag ml-tag\" confidence\u003d\"1/11\" data-value\u003d\"16-Aug-17\" end\u003d\"1090\" ml-tagorder\u003d\"0\" score\u003d\"0.6650400358038758\" style\u003d\"border: 2px solid rgb(125, 157, 1);\" tabnumber\u003d\"0\" tagorder\u003d\"0\"\u003e16-Aug-17\u003c/fecha_pago_vencimiento\u003e Cut NYORK Strike \u003cstrike_ begin\u003d\"1108\" class\u003d\"extraction-tag ml-tag\" confidence\u003d\"1/11\" data-value\u003d\"1.1300\" end\u003d\"1114\" ml-tagorder\u003d\"0\" score\u003d\"0.6737268745171455\" style\u003d\"border: 2px solid rgb(125, 157, 1);\" tabnumber\u003d\"0\" tagorder\u003d\"0\"\u003e1.1300\u003c/strike_\u003e Call/Put \u003cdivisa1 begin\u003d\"1124\" class\u003d\"extraction-tag ml-tag\" confidence\u003d\"1/11\" data-value\u003d\"USD\" end\u003d\"1127\" ml-tagorder\u003d\"1\" score\u003d\"0.560962382029163\" style\u003d\"border: 2px solid rgb(125, 157, 1);\" tabnumber\u003d\"1\" tagorder\u003d\"1\"\u003eUSD\u003c/divisa1\u003e \u003copcion1 begin\u003d\"1128\" class\u003d\"extraction-tag ml-tag\" confidence\u003d\"1/11\" data-value\u003d\"Call\" end\u003d\"1132\" ml-tagorder\u003d\"0\" score\u003d\"0.6082615652570625\" style\u003d\"border: 2px solid rgb(125, 157, 1);\" tabnumber\u003d\"0\" tagorder\u003d\"0\"\u003eCall\u003c/opcion1\u003e / EUR \u003copcion2 begin\u003d\"1139\" class\u003d\"extraction-tag ml-tag\" confidence\u003d\"1/11\" data-value\u003d\"Put\" end\u003d\"1142\" ml-tagorder\u003d\"0\" score\u003d\"0.6615235736888673\" style\u003d\"border: 2px solid rgb(125, 157, 1);\" tabnumber\u003d\"0\" tagorder\u003d\"0\"\u003ePut\u003c/opcion2\u003e Hi Trigger \u003cbarrier begin\u003d\"1154\" class\u003d\"extraction-tag ml-tag\" confidence\u003d\"1/11\" data-value\u003d\"1.1530\" end\u003d\"1160\" ml-tagorder\u003d\"0\" score\u003d\"0.5311075220906076\" style\u003d\"border: 2px solid rgb(125, 157, 1);\" tabnumber\u003d\"0\" tagorder\u003d\"0\"\u003e1.1530\u003c/barrier\u003e Knockout Lo Trigger \u003cbarrier begin\u003d\"1181\" class\u003d\"extraction-tag ml-tag\" confidence\u003d\"1/11\" data-value\u003d\"1.1000\" end\u003d\"1187\" ml-tagorder\u003d\"1\" score\u003d\"0.6107519578895519\" style\u003d\"border: 2px solid rgb(125, 157, 1);\" tabnumber\u003d\"1\" tagorder\u003d\"1\"\u003e1.1000\u003c/barrier\u003e Knockout Notional Amount EUR \u003cnominal1 begin\u003d\"1217\" class\u003d\"extraction-tag ml-tag\" confidence\u003d\"1/11\" data-value\u003d\"10,000,000\" end\u003d\"1227\" ml-tagorder\u003d\"2\" score\u003d\"0.5271421193631747\" style\u003d\"border: 2px solid rgb(125, 157, 1);\" tabnumber\u003d\"2\" tagorder\u003d\"2\"\u003e10,000,000\u003c/nominal1\u003e Settlement Type \u003ccash_delivery begin\u003d\"1244\" class\u003d\"extraction-tag ml-tag\" confidence\u003d\"1/11\" data-value\u003d\"Physical\" end\u003d\"1252\" ml-tagorder\u003d\"1\" score\u003d\"0.6480898813370688\" style\u003d\"border: 2px solid rgb(125, 157, 1);\" tabnumber\u003d\"1\" tagorder\u003d\"1\"\u003ePhysical\u003c/cash_delivery\u003e Ref. Vol 6.62 DUC Ref. 318118882 No hedge --------------------------------------------------------- This trade notification is sent to you for information purposes only and does not constitute evidence of the specific transaction to which it relates. You should only rely on the confirmation of such trade that you receive from the Foreign Exchange Operations Department as evidence of the trade between you and DUC. Based on the present E-Mail exchange, and/or on the agreement reached with you, respectively, DUC is entitled to contact you via insecure E-Mail: (a) E-Mails contain substantial risks such as lack of confidentiality, manipulation of content and sender, misdirection, viruses etc. DUC does not accept any liability for damages arising from use of E-mail. Accordingly, DUC recommends to abstain from sending any sensitive information via E-Mail, from forwarding the text received when submitting reply E-Mails and recommends to manually capture the E-Mail address in every instance. If you should wish to verify the content of this message, please request a hard-copy version. (b) In principle, DUC does not accept any (purchase) orders, cancellation of orders or authorizations etc. via E-mail. If DUC receives such E-Mails, DUC is not obliged to expressly decline them. If you have received this E-Mail by mistake or do not wish to be contacted by E-Mail in the future, you are kindly asked to inform DUC accordingly. Any E-Mail 