{"finalScore":0.6116303901620816,"sumScore":9.786086242593306,"tagsCounter":16.0,"taggedText":"\u003cdocument\u003eFrom: Eros Lombardi [mailto:eros.lombardi@db.com] Sent: 15 November 2017 15:36 To: Bardsley, Neil (SGCB); darren.johnson@santandergcb.com Cc: Gianfranco Polloni; \u0027fxrecaps@list.db.com\u0027 Subject: #External Sender# DBFX / Santander trade conf eurgbp put Hi Darren, Thanks for the trade; Spot prem and spot dx Leg 1 Structure ID 672169603 Product EUR Product ID 1514335445 Counterparty Name BANCO SANTANDER SA Client Buys/Sells Sells Currency Pair \u003cdivisa2 begin\u003d\"444\" class\u003d\"extraction-tag ml-tag\" confidence\u003d\"1/13\" data-value\u003d\"EURGBP\" end\u003d\"450\" ml-tagorder\u003d\"0\" score\u003d\"0.5582125694687893\" style\u003d\"border: 2px solid rgb(125, 157, 1);\" tabnumber\u003d\"0\" tagorder\u003d\"0\"\u003eEURGBP\u003c/divisa2\u003e Notional Amount \u003cnominal1 begin\u003d\"467\" class\u003d\"extraction-tag ml-tag\" confidence\u003d\"1/13\" data-value\u003d\"-30,000,000\" end\u003d\"478\" ml-tagorder\u003d\"0\" score\u003d\"0.7626593902116808\" style\u003d\"border: 2px solid rgb(125, 157, 1);\" tabnumber\u003d\"0\" tagorder\u003d\"0\"\u003e-30,000,000\u003c/nominal1\u003e EUR Notional Amount (Acc) \u003cnominal2 begin\u003d\"505\" class\u003d\"extraction-tag ml-tag\" confidence\u003d\"1/13\" data-value\u003d\"26,775,000\" end\u003d\"515\" ml-tagorder\u003d\"0\" score\u003d\"0.5072121862366673\" style\u003d\"border: 2px solid rgb(125, 157, 1);\" tabnumber\u003d\"0\" tagorder\u003d\"0\"\u003e26,775,000\u003c/nominal2\u003e GBP Strike \u003cstrike_ begin\u003d\"527\" class\u003d\"extraction-tag ml-tag\" confidence\u003d\"1/13\" data-value\u003d\"0.8925\" end\u003d\"533\" ml-tagorder\u003d\"0\" score\u003d\"0.6501398363736185\" style\u003d\"border: 2px solid rgb(125, 157, 1);\" tabnumber\u003d\"0\" tagorder\u003d\"0\"\u003e0.8925\u003c/strike_\u003e Put Call Type \u003copcion2 begin\u003d\"548\" class\u003d\"extraction-tag ml-tag\" confidence\u003d\"1/13\" data-value\u003d\"Put\" end\u003d\"551\" ml-tagorder\u003d\"0\" score\u003d\"0.5112006924055207\" style\u003d\"border: 2px solid rgb(125, 157, 1);\" tabnumber\u003d\"0\" tagorder\u003d\"0\"\u003e\u003copcion1 begin\u003d\"548\" class\u003d\"extraction-tag ml-tag\" confidence\u003d\"1/13\" data-value\u003d\"Put\" end\u003d\"551\" ml-tagorder\u003d\"0\" score\u003d\"0.5875121397557719\" style\u003d\"border: 2px solid rgb(125, 157, 1);\" tabnumber\u003d\"0\" tagorder\u003d\"0\"\u003ePut\u003c/opcion1\u003e\u003c/opcion2\u003e Fixing Reference \u003cspot_forward begin\u003d\"569\" class\u003d\"extraction-tag ml-tag\" confidence\u003d\"1/13\" data-value\u003d\"SPOT\" end\u003d\"573\" ml-tagorder\u003d\"0\" score\u003d\"0.6749483717059704\" style\u003d\"border: 2px solid rgb(125, 157, 1);\" tabnumber\u003d\"0\" tagorder\u003d\"0\"\u003eSPOT\u003c/spot_forward\u003e Zone Cut NY Expiry Date Fri \u003cfecha_vencimiento begin\u003d\"602\" class\u003d\"extraction-tag ml-tag\" confidence\u003d\"1/13\" data-value\u003d\"17 Nov 2017\" end\u003d\"613\" ml-tagorder\u003d\"0\" score\u003d\"0.5960073612334902\" style\u003d\"border: 2px solid rgb(125, 157, 1);\" tabnumber\u003d\"0\" tagorder\u003d\"0\"\u003e17 Nov 2017\u003c/fecha_vencimiento\u003e Settlement Date Tue \u003cfecha_pago_vencimiento begin\u003d\"634\" class\u003d\"extraction-tag ml-tag\" confidence\u003d\"1/13\" data-value\u003d\"21 Nov 2017\" end\u003d\"645\" ml-tagorder\u003d\"0\" score\u003d\"0.6213026456007025\" style\u003d\"border: 2px solid rgb(125, 157, 1);\" tabnumber\u003d\"0\" tagorder\u003d\"0\"\u003e21 Nov 2017\u003c/fecha_pago_vencimiento\u003e Premium Amount \u003cprima begin\u003d\"661\" class\u003d\"extraction-tag ml-tag\" confidence\u003d\"1/13\" data-value\u003d\"37,500\" end\u003d\"667\" ml-tagorder\u003d\"0\" score\u003d\"0.7212689764902693\" style\u003d\"border: 2px solid rgb(125, 157, 1);\" tabnumber\u003d\"0\" tagorder\u003d\"0\"\u003e37,500\u003c/prima\u003e \u003cdivisa_prima begin\u003d\"668\" class\u003d\"extraction-tag ml-tag\" confidence\u003d\"1/13\" data-value\u003d\"EUR\" end\u003d\"671\" ml-tagorder\u003d\"0\" score\u003d\"0.5823697358107142\" style\u003d\"border: 2px solid rgb(125, 157, 1);\" tabnumber\u003d\"0\" tagorder\u003d\"0\"\u003eEUR\u003c/divisa_prima\u003e Premium Date Fri \u003cfecha_pago_prima begin\u003d\"689\" class\u003d\"extraction-tag ml-tag\" confidence\u003d\"1/13\" data-value\u003d\"17 Nov 2017\" end\u003d\"700\" ml-tagorder\u003d\"0\" score\u003d\"0.6676055434697133\" style\u003d\"border: 2px solid rgb(125, 157, 1);\" tabnumber\u003d\"0\" tagorder\u003d\"0\"\u003e17 Nov 2017\u003c/fecha_pago_prima\u003e Leg 2 Structure ID 672169603 Product SPT Product ID 1514335446 Counterparty Name BANCO SANTANDER SA Client Buys/Sells Sells Currency Pair \u003cdivisa2 begin\u003d\"839\" class\u003d\"extraction-tag ml-tag\" confidence\u003d\"1/13\" data-value\u003d\"EURGBP\" end\u003d\"845\" ml-tagorder\u003d\"1\" score\u003d\"0.5582125694687893\" style\u003d\"border: 2px solid rgb(125, 157, 1);\" tabnumber\u003d\"1\" tagorder\u003d\"1\"\u003eEURGBP\u003c/divisa2\u003e Notional Amount \u003cnominal1 begin\u003d\"862\" class\u003d\"extraction-tag ml-tag\" confidence\u003d\"1/13\" data-value\u003d\"-8,000,000\" end\u003d\"872\" ml-tagorder\u003d\"1\" score\u003d\"0.6721314370761338\" style\u003d\"border: 2px solid rgb(125, 157, 1);\" tabnumber\u003d\"1\" tagorder\u003d\"1\"\u003e-8,000,000\u003c/nominal1\u003e EUR Notional Amount (Acc) \u003cnominal2 begin\u003d\"899\" class\u003d\"extraction-tag ml-tag\" confidence\u003d\"1/13\" data-value\u003d\"7,177,600\" end\u003d\"908\" ml-tagorder\u003d\"1\" score\u003d\"0.6062230371383508\" style\u003d\"border: 2px solid rgb(125, 157, 1);\" tabnumber\u003d\"1\" tagorder\u003d\"1\"\u003e7,177,600\u003c/nominal2\u003e GBP Strike \u003cstrike_ begin\u003d\"920\" class\u003d\"extraction-tag ml-tag\" confidence\u003d\"1/13\" data-value\u003d\"0.8972\" end\u003d\"926\" ml-tagorder\u003d\"1\" score\u003d\"0.5090797501471209\" style\u003d\"border: 2px solid rgb(125, 157, 1);\" tabnumber\u003d\"1\" tagorder\u003d\"1\"\u003e0.8972\u003c/strike_\u003e Settlement Date Fri 17 Nov 2017 Kind regards, Eros Lombardi ____________________________________________________ Eros Lombardi ICG FX Sales Deutsche Bank AG, Filiale London 5 Brindley Place, B1 2JB Birmingham, United Kingdom Tel. +44 (0) 207 545 9282 Email: \u0026lt;mailto:eros.lombardi@db.com\u0026gt; eros.lombardi@db.com Deutsche Bank has addressed a disclosure statement and terms to customers of its foreign exchange business, which is available at the following website: \u0026lt;https://www.db.com/en/content/Foreign-Exchange-Disclosures.htm\u0026gt; https://www.db.com/en/content/Foreign-Exchange-Disclosures.htm --- This e-mail may contain confidential and/or privileged information. If you are not the intended recipient (or have received this e-mail in error) please notify the sender immediately and delete this e-mail. Any unauthorized copying, disclosure or distribution of the material in this e-mail is strictly forbidden. Please refer to https://www.db.com/disclosures for additional EU corporate and regulatory disclosures and to http://www.db.com/unitedkingdom/content/privacy.htm for information about privacy. \u003cmeta-manual-answer data-code\u003d\"id_operacion\" data-na\u003d\"true\"\u003e\u003c/meta-manual-answer\u003e\u003cmeta-manual-answer data-code\u003d\"contrapartida\" data-na\u003d\"true\" tabnumber\u003d\"0\"\u003e\u003c/meta-manual-answer\u003e\u003cmeta-manual-answer data-code\u003d\"contrapartida_corta\" data-na\u003d\"true\" tabnumber\u003d\"0\"\u003e\u003c/meta-manual-answer\u003e\u003cmeta-manual-answer data-code\u003d\"tipo_de_opcion\" data-na\u003d\"true\" tabnumber\u003d\"0\"\u003e\u003c/meta-manual-answer\u003e\u003cmeta-manual-answer data-code\u003d\"opcion2\" data-na\u003d\"true\" tabnumber\u003d\"0\"\u003e\u003c/meta-manual-answer\u003e\u003cmeta-manual-answer 