{"finalScore":0.7143767853663836,"sumScore":10.715651780495755,"tagsCounter":15.0,"taggedText":"\u003cdocument\u003e13:59:59 Santander Madrid \u003cestrategia begin\u003d\"26\" class\u003d\"extraction-tag ml-tag\" confidence\u003d\"1/16\" data-value\u003d\"sells\" end\u003d\"31\" ml-tagorder\u003d\"0\" score\u003d\"0.7970916247294996\" style\u003d\"border: 2px solid rgb(125, 157, 1);\" tabnumber\u003d\"0\" tagorder\u003d\"0\"\u003esells\u003c/estrategia\u003e usd \u003cnominal1 begin\u003d\"36\" class\u003d\"extraction-tag ml-tag\" confidence\u003d\"1/16\" data-value\u003d\"25 MM\" end\u003d\"41\" ml-tagorder\u003d\"0\" score\u003d\"0.6880570598506139\" style\u003d\"border: 2px solid rgb(125, 157, 1);\" tabnumber\u003d\"0\" tagorder\u003d\"0\"\u003e25 MM\u003c/nominal1\u003e of a \u003cdivisa1 begin\u003d\"47\" class\u003d\"extraction-tag ml-tag\" confidence\u003d\"1/16\" data-value\u003d\"usd\" end\u003d\"50\" ml-tagorder\u003d\"0\" score\u003d\"0.6397226225369149\" style\u003d\"border: 2px solid rgb(125, 157, 1);\" tabnumber\u003d\"0\" tagorder\u003d\"0\"\u003eusd\u003c/divisa1\u003e \u003copcion1 begin\u003d\"51\" class\u003d\"extraction-tag ml-tag\" confidence\u003d\"1/16\" data-value\u003d\"put\" end\u003d\"54\" ml-tagorder\u003d\"0\" score\u003d\"0.6787539131570972\" style\u003d\"border: 2px solid rgb(125, 157, 1);\" tabnumber\u003d\"0\" tagorder\u003d\"0\"\u003eput\u003c/opcion1\u003e/\u003cdivisa2 begin\u003d\"55\" class\u003d\"extraction-tag ml-tag\" confidence\u003d\"1/16\" data-value\u003d\"mxn\" end\u003d\"58\" ml-tagorder\u003d\"0\" score\u003d\"0.7273279885028702\" style\u003d\"border: 2px solid rgb(125, 157, 1);\" tabnumber\u003d\"0\" tagorder\u003d\"0\"\u003emxn\u003c/divisa2\u003e \u003copcion2 begin\u003d\"59\" class\u003d\"extraction-tag ml-tag\" confidence\u003d\"1/16\" data-value\u003d\"call\" end\u003d\"63\" ml-tagorder\u003d\"0\" score\u003d\"0.6984157503996848\" style\u003d\"border: 2px solid rgb(125, 157, 1);\" tabnumber\u003d\"0\" tagorder\u003d\"0\"\u003ecall\u003c/opcion2\u003e, strike \u003cstrike_ begin\u003d\"72\" class\u003d\"extraction-tag ml-tag\" confidence\u003d\"1/16\" data-value\u003d\"19\" end\u003d\"74\" ml-tagorder\u003d\"0\" score\u003d\"0.6464710146935893\" style\u003d\"border: 2px solid rgb(125, 157, 1);\" tabnumber\u003d\"0\" tagorder\u003d\"0\"\u003e19\u003c/strike_\u003e, expiry \u003cfecha_vencimiento begin\u003d\"83\" class\u003d\"extraction-tag ml-tag\" confidence\u003d\"1/16\" data-value\u003d\"February-09-2018\" end\u003d\"99\" ml-tagorder\u003d\"0\" score\u003d\"0.7791151583150998\" style\u003d\"border: 2px solid rgb(125, 157, 1);\" tabnumber\u003d\"0\" tagorder\u003d\"0\"\u003eFebruary-09-2018\u003c/fecha_vencimiento\u003e, \u003ccash_delivery begin\u003d\"101\" class\u003d\"extraction-tag ml-tag\" confidence\u003d\"1/16\" data-value\u003d\"delivery\" end\u003d\"109\" ml-tagorder\u003d\"0\" score\u003d\"0.7286956286595715\" style\u003d\"border: 2px solid rgb(125, 157, 1);\" tabnumber\u003d\"0\" tagorder\u003d\"0\"\u003edelivery\u003c/cash_delivery\u003e \u003cfecha_pago_vencimiento begin\u003d\"110\" class\u003d\"extraction-tag ml-tag\" confidence\u003d\"1/16\" data-value\u003d\"February-13-2018\" end\u003d\"126\" ml-tagorder\u003d\"0\" score\u003d\"0.889521473973096\" style\u003d\"border: 2px solid rgb(125, 157, 1);\" tabnumber\u003d\"0\" tagorder\u003d\"0\"\u003eFebruary-13-2018\u003c/fecha_pago_vencimiento\u003e, for \u003cprecio begin\u003d\"132\" class\u003d\"extraction-tag ml-tag\" confidence\u003d\"1/16\" data-value\u003d\"0.5925\" end\u003d\"138\" ml-tagorder\u003d\"0\" score\u003d\"0.7277267078093564\" style\u003d\"border: 2px solid rgb(125, 157, 1);\" tabnumber\u003d\"0\" tagorder\u003d\"0\"\u003e0.5925\u003c/precio\u003e % of usd notional (\u003cfecha_pago_prima begin\u003d\"158\" class\u003d\"extraction-tag ml-tag\" confidence\u003d\"1/16\" data-value\u003d\"spot premium\" end\u003d\"170\" ml-tagorder\u003d\"0\" score\u003d\"0.5586918641209535\" style\u003d\"border: 2px solid rgb(125, 157, 1);\" tabnumber\u003d\"0\" tagorder\u003d\"0\"\u003e\u003cspot_forward begin\u003d\"158\" class\u003d\"extraction-tag ml-tag\" confidence\u003d\"1/16\" data-value\u003d\"spot\" end\u003d\"162\" ml-tagorder\u003d\"0\" score\u003d\"0.6178821348274578\" style\u003d\"border: 2px solid rgb(125, 157, 1);\" tabnumber\u003d\"0\" tagorder\u003d\"0\"\u003espot\u003c/spot_forward\u003e premium\u003c/fecha_pago_prima\u003e \u003d \u003cdivisa_prima begin\u003d\"173\" class\u003d\"extraction-tag ml-tag\" confidence\u003d\"1/16\" data-value\u003d\"usd\" end\u003d\"176\" ml-tagorder\u003d\"0\" score\u003d\"0.757200443380749\" style\u003d\"border: 2px solid rgb(125, 157, 1);\" tabnumber\u003d\"0\" tagorder\u003d\"0\"\u003eusd\u003c/divisa_prima\u003e \u003cprima begin\u003d\"177\" class\u003d\"extraction-tag ml-tag\" confidence\u003d\"1/16\" data-value\u003d\"148125\" end\u003d\"183\" ml-tagorder\u003d\"0\" score\u003d\"0.7809783955392031\" style\u003d\"border: 2px solid rgb(125, 157, 1);\" tabnumber\u003d\"0\" tagorder\u003d\"0\"\u003e148125\u003c/prima\u003e, vol \u003d 11.4) Santander Madrid sells usd 7.5 MM against mxn , rate 19.356, value February 13, 2018 Assigned to DB Santander Madrid Murex 17572420 17572424 Phillip Sobey FI , Rates, and FX Sales and Trading Santander Investment Securities Inc. 45 East 53rd Street New York, NY 10022 Phone: 212-350-0707 email: psobey@santander.us \u003cmeta-manual-answer data-code\u003d\"id_operacion\" data-na\u003d\"true\"\u003e\u003c/meta-manual-answer\u003e\u003cmeta-manual-answer data-code\u003d\"contrapartida\" data-na\u003d\"true\" tabnumber\u003d\"0\"\u003e\u003c/meta-manual-answer\u003e\u003cmeta-manual-answer data-code\u003d\"tipo_de_opcion\" data-na\u003d\"true\" tabnumber\u003d\"0\"\u003e\u003c/meta-manual-answer\u003e\u003cmeta-manual-answer data-code\u003d\"nominal2\" data-na\u003d\"true\" tabnumber\u003d\"0\"\u003e\u003c/meta-manual-answer\u003e\u003cmeta-manual-answer data-code\u003d\"fecha_pago_prima\" data-na\u003d\"true\" tabnumber\u003d\"0\"\u003e\u003c/meta-manual-answer\u003e\u003cmeta-manual-answer data-code\u003d\"fecha_inicio\" data-na\u003d\"true\" tabnumber\u003d\"0\"\u003e\u003c/meta-manual-answer\u003e\u003cmeta-manual-answer data-code\u003d\"uti_usi\" data-na\u003d\"true\" tabnumber\u003d\"0\"\u003e\u003c/meta-manual-answer\u003e\u003cmeta-manual-answer data-code\u003d\"cash_delivery\" data-na\u003d\"true\" tabnumber\u003d\"0\"\u003e\u003c/meta-manual-answer\u003e\u003cmeta-manual-answer data-code\u003d\"barrier\" data-na\u003d\"true\" tabnumber\u003d\"0\"\u003e\u003c/meta-manual-answer\u003e\u003cmeta-manual-answer data-code\u003d\"barrier_start_date\" data-na\u003d\"true\" tabnumber\u003d\"0\"\u003e\u003c/meta-manual-answer\u003e\u003cmeta-manual-answer data-code\u003d\"tipo_barrera\" data-na\u003d\"true\" tabnumber\u003d\"0\"\u003e\u003c/meta-manual-answer\u003e\u003cmeta-manual-answer data-code\u003d\"estilo_barrera\" data-na\u003d\"true\" tabnumber\u003d\"0\"\u003e\u003c/meta-manual-answer\u003e\u003cmeta-manual-answer data-code\u003d\"rebate\" data-na\u003d\"true\" tabnumber\u003d\"0\"\u003e\u003c/meta-manual-answer\u003e\u003c/document\u003e","tags":[{"score":0.7970916247294996,"tabnumber":"0","end":31,"tag":"estrategia","text":"sells","begin":26},{"score":0.6880570598506139,"tabnumber":"0","end":41,"tag":"nominal1","text":"25 MM","begin":36},{"score":0.6397226225369149,"tabnumber":"0","end":50,"tag":"divisa1","text":"usd","begin":47},{"score":0.6787539131570972,"tabnumber":"0","end":54,"tag":"opcion1","text":"put","begin":51},{"score":0.7273279885028702,"tabnumber":"0","end":58,"tag":"divisa2","text":"mxn","begin":55},{"score":0.6984157503996848,"tabnumber":"0","end":63,"tag":"opcion2","text":"call","begin":59},{"score":0.6464710146935893,"tabnumber":"0","end":74,"tag":"strike_","text":"19","begin":72},{"score":0.7791151583150998,"tabnumber":"0","end":99,"tag":"fecha_vencimiento","text":"February-09-2018",