{"finalScore":0.682126011615527,"sumScore":12.278268209079487,"tagsCounter":18.0,"taggedText":"\u003cdocument\u003e\u003cstyle type\u003d\"text/css\"\u003e\u003c/style\u003e\u003cdiv\u003e\u003cp\u003e\u003cestrategia begin\u003d\"16\" class\u003d\"extraction-tag ml-tag\" confidence\u003d\"1/18\" data-value\u003d\"BUYS\" end\u003d\"20\" ml-tagorder\u003d\"0\" score\u003d\"0.8453666019147299\" style\u003d\"border: 2px solid rgb(125, 157, 1);\" tabnumber\u003d\"0\" tagorder\u003d\"0\"\u003e\u003cmeta content\u003d\"text-html; charset\u003dutf-8\"\u003e\u003c/meta\u003e\u003cbase\u003e\u003c/base\u003eBUYS\u003c/estrategia\u003e \u003cnominal2 begin\u003d\"21\" class\u003d\"extraction-tag ml-tag\" confidence\u003d\"1/18\" data-value\u003d\"10M\" end\u003d\"24\" ml-tagorder\u003d\"0\" score\u003d\"0.6467367683439832\" style\u003d\"border: 2px solid rgb(125, 157, 1);\" tabnumber\u003d\"0\" tagorder\u003d\"0\"\u003e\u003cnominal1 begin\u003d\"21\" class\u003d\"extraction-tag ml-tag\" confidence\u003d\"1/18\" data-value\u003d\"10M\" end\u003d\"24\" ml-tagorder\u003d\"0\" score\u003d\"0.828240499539699\" style\u003d\"border: 2px solid rgb(125, 157, 1);\" tabnumber\u003d\"0\" tagorder\u003d\"0\"\u003e10M\u003c/nominal1\u003e\u003c/nominal2\u003e USD PER LEG FROM \u003ccontrapartida begin\u003d\"42\" class\u003d\"extraction-tag ml-tag\" confidence\u003d\"1/18\" data-value\u003d\"UT IPRHVK\" end\u003d\"51\" ml-tagorder\u003d\"0\" score\u003d\"0.6824569346064393\" style\u003d\"border: 2px solid rgb(125, 157, 1);\" tabnumber\u003d\"0\" tagorder\u003d\"0\"\u003eUT IPRHVK\u003c/contrapartida\u003e\u003c/p\u003e \n \n\u003cp\u003e\u003cstrike_ begin\u003d\"53\" class\u003d\"extraction-tag ml-tag\" confidence\u003d\"1/18\" data-value\u003d\"18.9720\" end\u003d\"60\" ml-tagorder\u003d\"0\" score\u003d\"0.601200777515604\" style\u003d\"border: 2px solid rgb(125, 157, 1);\" tabnumber\u003d\"0\" tagorder\u003d\"0\"\u003e18.9720\u003c/strike_\u003e \u003cdivisa2 begin\u003d\"61\" class\u003d\"extraction-tag ml-tag\" confidence\u003d\"1/18\" data-value\u003d\"USDMXN\" end\u003d\"67\" ml-tagorder\u003d\"0\" score\u003d\"0.665407635647261\" style\u003d\"border: 2px solid rgb(125, 157, 1);\" tabnumber\u003d\"0\" tagorder\u003d\"0\"\u003e\u003cdivisa1 begin\u003d\"61\" class\u003d\"extraction-tag ml-tag\" confidence\u003d\"1/18\" data-value\u003d\"USDMXN\" end\u003d\"67\" ml-tagorder\u003d\"0\" score\u003d\"0.6211890307613916\" style\u003d\"border: 2px solid rgb(125, 157, 1);\" tabnumber\u003d\"0\" tagorder\u003d\"0\"\u003eUSDMXN\u003c/divisa1\u003e\u003c/divisa2\u003e \u003ctipo_de_opcion begin\u003d\"68\" class\u003d\"extraction-tag ml-tag\" confidence\u003d\"1/18\" data-value\u003d\"STRADDLE\" end\u003d\"76\" ml-tagorder\u003d\"0\" score\u003d\"0.7282004339533562\" style\u003d\"border: 2px solid rgb(125, 157, 1);\" tabnumber\u003d\"0\" tagorder\u003d\"0\"\u003eSTRADDLE\u003c/tipo_de_opcion\u003e\u003c/p\u003e \n \n\u003cp\u003e\u003cfecha_vencimiento begin\u003d\"78\" class\u003d\"extraction-tag ml-tag\" confidence\u003d\"1/18\" data-value\u003d\"16-21\" end\u003d\"83\" ml-tagorder\u003d\"0\" score\u003d\"0.5461183091372968\" style\u003d\"border: 2px solid rgb(125, 157, 1);\" tabnumber\u003d\"0\" tagorder\u003d\"0\"\u003e\u003cfecha_pago_vencimiento begin\u003d\"78\" class\u003d\"extraction-tag ml-tag\" confidence\u003d\"1/18\" data-value\u003d\"16-21\" end\u003d\"83\" ml-tagorder\u003d\"0\" score\u003d\"0.47030800275608037\" style\u003d\"border: 2px solid rgb(125, 157, 1);\" tabnumber\u003d\"0\" tagorder\u003d\"0\"\u003e16-21\u003c/fecha_pago_vencimiento\u003e\u003c/fecha_vencimiento\u003e NOV 2017\u003c/p\u003e \n \n\u003cp\u003eVOL 11.1\u003c/p\u003e \n \n\u003cp\u003e\u003c/p\u003e \n \n\u003cp\u003ePX TOT: 2.4975% USD\u003c/p\u003e \n \n\u003cp\u003eE/S: \u003cprecio begin\u003d\"132\" class\u003d\"extraction-tag ml-tag\" confidence\u003d\"1/18\" data-value\u003d\"1.248750%\" end\u003d\"141\" ml-tagorder\u003d\"0\" score\u003d\"0.8302258387197804\" style\u003d\"border: 2px solid rgb(125, 157, 1);\" tabnumber\u003d\"0\" tagorder\u003d\"0\"\u003e1.248750%\u003c/precio\u003e \u003cdivisa_prima begin\u003d\"142\" class\u003d\"extraction-tag ml-tag\" confidence\u003d\"1/18\" data-value\u003d\"USD\" end\u003d\"145\" ml-tagorder\u003d\"0\" score\u003d\"0.7440623036504522\" style\u003d\"border: 2px solid rgb(125, 157, 1);\" tabnumber\u003d\"0\" tagorder\u003d\"0\"\u003eUSD\u003c/divisa_prima\u003e\u003c/p\u003e \n \n\u003cp\u003e\u003cspot_forward begin\u003d\"147\" class\u003d\"extraction-tag ml-tag\" confidence\u003d\"1/18\" data-value\u003d\"SPOT\" end\u003d\"151\" ml-tagorder\u003d\"0\" score\u003d\"0.524580374812141\" style\u003d\"border: 2px solid rgb(125, 157, 1);\" tabnumber\u003d\"0\" tagorder\u003d\"0\"\u003eSPOT\u003c/spot_forward\u003e: 18.8660\u003c/p\u003e \n \n\u003cp\u003eSWAP: 1060\u003c/p\u003e \n \n\u003cp\u003eDEPO: 0.0\u003c/p\u003e \n \n\u003cp\u003e\u003c/p\u003e \n \n\u003cp\u003e\u003ccash_delivery begin\u003d\"187\" class\u003d\"extraction-tag ml-tag\" confidence\u003d\"1/18\" data-value\u003d\"HEDGE\" end\u003d\"192\" ml-tagorder\u003d\"0\" score\u003d\"0.6562964839426157\" style\u003d\"border: 2px solid rgb(125, 157, 1);\" tabnumber\u003d\"0\" tagorder\u003d\"0\"\u003eHEDGE\u003c/cash_delivery\u003e SANT BUYS 1.2M USD FROM CS @ 18.9720\u003c/p\u003e \n \n\u003cp\u003ePREM AND HEDGE VALUED \u003cfecha_pago_prima begin\u003d\"253\" class\u003d\"extraction-tag ml-tag\" confidence\u003d\"1/18\" data-value\u003d\"21 NOV 2017\" end\u003d\"264\" ml-tagorder\u003d\"0\" score\u003d\"0.77020470409735\" style\u003d\"border: 2px solid rgb(125, 157, 1);\" tabnumber\u003d\"0\" tagorder\u003d\"0\"\u003e21 NOV 2017\u003c/fecha_pago_prima\u003e\u003c/p\u003e \n \n\u003cp\u003e\u003c/p\u003e \n \n\u003cp\u003eMP: \u003cspan\u003e\u003cuti_usi begin\u003d\"272\" class\u003d\"extraction-tag ml-tag\" confidence\u003d\"1/18\" data-value\u003d\"1010000283M035X20171018XFO003045068668X1XX\" end\u003d\"314\" ml-tagorder\u003d\"0\" score\u003d\"0.7189908932227325\" style\u003d\"border: 2px solid rgb(125, 157, 1);\" tabnumber\u003d\"0\" tagorder\u003d\"0\"\u003e1010000283M035X20171018XFO003045068668X1XX\u003c/uti_usi\u003e\u003c/span\u003e\u003c/p\u003e \n \n\u003cp\u003e\u003copcion1 begin\u003d\"316\" class\u003d\"extraction-tag ml-tag\" confidence\u003d\"1/18\" data-value\u003d\"MC\" end\u003d\"318\" ml-tagorder\u003d\"0\" score\u003d\"0.6516599483595249\" style\u003d\"border: 2px solid rgb(125, 157, 1);\" tabnumber\u003d\"0\" tagorder\u003d\"0\"\u003eMC\u003c/opcion1\u003e: \u003cspan\u003e\u003cuti_usi begin\u003d\"320\" class\u003d\"extraction-tag ml-tag\" confidence\u003d\"1/18\" data-value\u003d\"1010000283M035X20171018XFO003045068668X2XX\" end\u003d\"362\" ml-tagorder\u003d\"1\" score\u003d\"0.7470226680990489\" style\u003d\"border: 2px solid rgb(125, 157, 1);\" tabnumber\u003d\"1\" tagorder\u003d\"1\"\u003e1010000283M035X20171018XFO003045068668X2XX\u003c/uti_usi\u003e\u003c/span\u003e\u003c/p\u003e \n \n\u003cp\u003e\u003c/p\u003e \n \n\u003cp\u003e\u003cstrong\u003eJames Hatton\u003c/strong\u003e\u003c/p\u003e \n \n\u003cp\u003eBGC Partners\u003c/p\u003e \n \n\u003cp\u003eFX Options\u003c/p\u003e \n \n\u003cp\u003e1-212-829-5497- Desk\u003c/p\u003e \n \n\u003cp\u003e\u003c/p\u003e \n \n\u003cp\u003eAll transaction details sent to you are for your convenience only. All transactions are subject to final terms as indicated on the confirmation provided by BGC Derivatives Markets, LP\u003c/p\u003e \n \n\u003cp\u003e\u003c/p\u003e \n \n\u003c/div\u003e\n\n http://www.bgcpartners.com CONFIDENTIAL: This e-mail has been sent to you by one of the BGC entities (collectively BGC) Please see important legal information and disclaimer relating to this mail at the following links: http://www.bgcpartners.com/disclaimers/ Please see for BGC Disclosures The link contains company and FCA registration numbers. This e-mail, including its contents and attachments, if any, are 