{"finalScore":0.7213654200902069,"sumScore":12.263212141533517,"tagsCounter":17.0,"taggedText":"\u003cdocument\u003e---------------------------------------------------------------- Trade ID : FXOPA027QYG6 Execution Time : \u003cfecha_inicio begin\u003d\"106\" class\u003d\"extraction-tag ml-tag\" confidence\u003d\"1/17\" data-value\u003d\"12-Jan-2018\" end\u003d\"117\" ml-tagorder\u003d\"0\" score\u003d\"0.7742210030298512\" style\u003d\"border: 2px solid rgb(125, 157, 1);\" tabnumber\u003d\"0\" tagorder\u003d\"0\"\u003e12-Jan-2018\u003c/fecha_inicio\u003e 21:08:42 User ID : SSCHUBERT@SANTANDER.US Strategy : \u003ctipo_de_opcion begin\u003d\"171\" class\u003d\"extraction-tag ml-tag\" confidence\u003d\"1/17\" data-value\u003d\"RKO\" end\u003d\"174\" ml-tagorder\u003d\"0\" score\u003d\"0.7046548866795854\" style\u003d\"border: 2px solid rgb(125, 157, 1);\" tabnumber\u003d\"0\" tagorder\u003d\"0\"\u003e\u003ctipo_barrera begin\u003d\"171\" class\u003d\"extraction-tag ml-tag\" confidence\u003d\"1/17\" data-value\u003d\"RKO\" end\u003d\"174\" ml-tagorder\u003d\"0\" score\u003d\"0.724990001024678\" style\u003d\"border: 2px solid rgb(125, 157, 1);\" tabnumber\u003d\"0\" tagorder\u003d\"0\"\u003eRKO\u003c/tipo_barrera\u003e\u003c/tipo_de_opcion\u003e User Buys/Sells : \u003cestrategia begin\u003d\"193\" class\u003d\"extraction-tag ml-tag\" confidence\u003d\"1/17\" data-value\u003d\"Buy\" end\u003d\"196\" ml-tagorder\u003d\"0\" score\u003d\"0.8961009308795629\" style\u003d\"border: 2px solid rgb(125, 157, 1);\" tabnumber\u003d\"0\" tagorder\u003d\"0\"\u003eBuy\u003c/estrategia\u003e Barrier Level : \u003cbarrier begin\u003d\"213\" class\u003d\"extraction-tag ml-tag\" confidence\u003d\"1/17\" data-value\u003d\"108.6\" end\u003d\"218\" ml-tagorder\u003d\"0\" score\u003d\"0.7203189847356788\" style\u003d\"border: 2px solid rgb(125, 157, 1);\" tabnumber\u003d\"0\" tagorder\u003d\"0\"\u003e108.6\u003c/barrier\u003e Currency Pair : \u003cdivisa2 begin\u003d\"235\" class\u003d\"extraction-tag ml-tag\" confidence\u003d\"1/17\" data-value\u003d\"USDJPY\" end\u003d\"241\" ml-tagorder\u003d\"0\" score\u003d\"0.6828741382525884\" style\u003d\"border: 2px solid rgb(125, 157, 1);\" tabnumber\u003d\"0\" tagorder\u003d\"0\"\u003eUSDJPY\u003c/divisa2\u003e Notional Amount : \u003cnominal1 begin\u003d\"260\" class\u003d\"extraction-tag ml-tag\" confidence\u003d\"1/17\" data-value\u003d\"10,000,000\" end\u003d\"270\" ml-tagorder\u003d\"0\" score\u003d\"0.725991808265787\" style\u003d\"border: 2px solid rgb(125, 157, 1);\" tabnumber\u003d\"0\" tagorder\u003d\"0\"\u003e10,000,000\u003c/nominal1\u003e Notional Currency : USD Put Call Type : \u003cdivisa1 begin\u003d\"311\" class\u003d\"extraction-tag ml-tag\" confidence\u003d\"1/17\" data-value\u003d\"USD\" end\u003d\"314\" ml-tagorder\u003d\"0\" score\u003d\"0.6237715624411552\" style\u003d\"border: 2px solid rgb(125, 157, 1);\" tabnumber\u003d\"0\" tagorder\u003d\"0\"\u003eUSD\u003c/divisa1\u003e \u003copcion1 begin\u003d\"315\" class\u003d\"extraction-tag ml-tag\" confidence\u003d\"1/17\" data-value\u003d\"Put\" end\u003d\"318\" ml-tagorder\u003d\"0\" score\u003d\"0.6925711092314789\" style\u003d\"border: 2px solid rgb(125, 157, 1);\" tabnumber\u003d\"0\" tagorder\u003d\"0\"\u003ePut\u003c/opcion1\u003e Strike : \u003cstrike_ begin\u003d\"328\" class\u003d\"extraction-tag ml-tag\" confidence\u003d\"1/17\" data-value\u003d\"110.6\" end\u003d\"333\" ml-tagorder\u003d\"0\" score\u003d\"0.7550692887052732\" style\u003d\"border: 2px solid rgb(125, 157, 1);\" tabnumber\u003d\"0\" tagorder\u003d\"0\"\u003e110.6\u003c/strike_\u003e Expiry Date : \u003cfecha_vencimiento begin\u003d\"348\" class\u003d\"extraction-tag ml-tag\" confidence\u003d\"1/17\" data-value\u003d\"2018-01-26\" end\u003d\"358\" ml-tagorder\u003d\"0\" score\u003d\"0.7233526352119103\" style\u003d\"border: 2px solid rgb(125, 157, 1);\" tabnumber\u003d\"0\" tagorder\u003d\"0\"\u003e2018-01-26\u003c/fecha_vencimiento\u003e Settle Date : \u003cfecha_pago_vencimiento begin\u003d\"373\" class\u003d\"extraction-tag ml-tag\" confidence\u003d\"1/17\" data-value\u003d\"2018-01-30\" end\u003d\"383\" ml-tagorder\u003d\"0\" score\u003d\"0.7218333328482417\" style\u003d\"border: 2px solid rgb(125, 157, 1);\" tabnumber\u003d\"0\" tagorder\u003d\"0\"\u003e2018-01-30\u003c/fecha_pago_vencimiento\u003e Zone Cut : NY Traded Premium Type : \u003cspot_forward begin\u003d\"420\" class\u003d\"extraction-tag ml-tag\" confidence\u003d\"1/17\" data-value\u003d\"Spot\" end\u003d\"424\" ml-tagorder\u003d\"0\" score\u003d\"0.6915473949994058\" style\u003d\"border: 2px solid rgb(125, 157, 1);\" tabnumber\u003d\"0\" tagorder\u003d\"0\"\u003eSpot\u003c/spot_forward\u003e Premium CCY : \u003cdivisa_prima begin\u003d\"439\" class\u003d\"extraction-tag ml-tag\" confidence\u003d\"1/17\" data-value\u003d\"USD\" end\u003d\"442\" ml-tagorder\u003d\"0\" score\u003d\"0.7275271208438066\" style\u003d\"border: 2px solid rgb(125, 157, 1);\" tabnumber\u003d\"0\" tagorder\u003d\"0\"\u003eUSD\u003c/divisa_prima\u003e Price (%) : \u003cprecio begin\u003d\"455\" class\u003d\"extraction-tag ml-tag\" confidence\u003d\"1/17\" data-value\u003d\"0.1740\" end\u003d\"461\" ml-tagorder\u003d\"0\" score\u003d\"0.6227445842335795\" style\u003d\"border: 2px solid rgb(125, 157, 1);\" tabnumber\u003d\"0\" tagorder\u003d\"0\"\u003e0.1740\u003c/precio\u003e Premium : PAY (\u003cprima begin\u003d\"477\" class\u003d\"extraction-tag ml-tag\" confidence\u003d\"1/17\" data-value\u003d\"17,400\" end\u003d\"483\" ml-tagorder\u003d\"0\" score\u003d\"0.7493772179948572\" style\u003d\"border: 2px solid rgb(125, 157, 1);\" tabnumber\u003d\"0\" tagorder\u003d\"0\"\u003e17,400\u003c/prima\u003e) Premium Date : \u003cfecha_pago_prima begin\u003d\"500\" class\u003d\"extraction-tag ml-tag\" confidence\u003d\"1/17\" data-value\u003d\"2018-01-16\" end\u003d\"510\" ml-tagorder\u003d\"0\" score\u003d\"0.7262661421560771\" style\u003d\"border: 2px solid rgb(125, 157, 1);\" tabnumber\u003d\"0\" tagorder\u003d\"0\"\u003e2018-01-16\u003c/fecha_pago_prima\u003e Delta Percent : -10 Pips : 15.7 Atm Vol : 7.21485251 Spot Rate : 110.949 Forward Point : -0.0782 Depo Rate : 1.55432466 Mid Premium Amount : 13,950 USD Hedge Type / Value Date : Spot / 16-JAN-18 Hedge Rate : 110.949 Hedge Amount : Buy USD 1,030,000 \u003cmeta-manual-answer data-code\u003d\"id_operacion\" data-na\u003d\"true\"\u003e\u003c/meta-manual-answer\u003e\u003cmeta-manual-answer data-code\u003d\"contrapartida\" data-na\u003d\"true\" tabnumber\u003d\"0\"\u003e\u003c/meta-manual-answer\u003e\u003cmeta-manual-answer data-code\u003d\"contrapartida_corta\" data-na\u003d\"true\" tabnumber\u003d\"0\"\u003e\u003c/meta-manual-answer\u003e\u003cmeta-manual-answer data-code\u003d\"opcion2\" data-na\u003d\"true\" tabnumber\u003d\"0\"\u003e\u003c/meta-manual-answer\u003e\u003cmeta-manual-answer data-code\u003d\"nominal2\" data-na\u003d\"true\" tabnumber\u003d\"0\"\u003e\u003c/meta-manual-answer\u003e\u003cmeta-manual-answer data-code\u003d\"uti_usi\" data-na\u003d\"true\" tabnumber\u003d\"0\"\u003e\u003c/meta-manual-answer\u003e\u003cmeta-manual-answer data-code\u003d\"estilo_barrera\" data-na\u003d\"true\" tabnumber\u003d\"0\"\u003e\u003c/meta-manual-answer\u003e\u003cmeta-manual-answer data-code\u003d\"rebate\" data-na\u003d\"true\" tabnumber\u003d\"0\"\u003e\u003c/meta-manual-answer\u003e\u003cmeta-manual-answer data-code\u003d\"spot_forward\" data-na\u003d\"true\" tabnumber\u003d\"0\"\u003e\u003c/meta-manual-answer\u003e\u003cmeta-manual-answer data-code\u003d\"id_operacion\" data-na\u003d\"true\"\u003e\u003c/meta-manual-answer\u003e\u003cmeta-manual-answer data-code\u003d\"contrapartida\" data-na\u003d\"true\" tabnumber\u003d\"0\"\u003e\u003c/meta-manual-answer\u003e\u003cmeta-manual-answer data-code\u003d\"contrapartida_corta\" data-na\u003d\"true\" tabnumber\u003d\"0\"\u003e\u003c/meta-manual-answer\u003e\u003cmeta-manual-answer data-code\u003d\"opcion2\" data-na\u003d\"true\" 