{"finalScore":0.6973383863950321,"sumScore":11.854752568715545,"tagsCounter":17.0,"taggedText":"\u003cdocument\u003e\u003cstyle type\u003d\"text/css\"\u003e\u003c/style\u003e\u003cp\u003e\u003cfont\u003e\u003ctipo_de_opcion begin\u003d\"341\" class\u003d\"extraction-tag ml-tag\" confidence\u003d\"1/18\" data-value\u003d\"Vanilla\" end\u003d\"348\" ml-tagorder\u003d\"0\" score\u003d\"0.7389557958581188\" style\u003d\"border: 2px solid rgb(125, 157, 1);\" tabnumber\u003d\"0\" tagorder\u003d\"0\"\u003e\u003cmeta content\u003d\"text-html; charset\u003dutf-8\"\u003e\u003c/meta\u003e\u003cbase\u003e\u003c/base\u003eVanilla\u003c/tipo_de_opcion\u003e Position: Client \u003cestrategia begin\u003d\"366\" class\u003d\"extraction-tag ml-tag\" confidence\u003d\"1/18\" data-value\u003d\"sells\" end\u003d\"371\" ml-tagorder\u003d\"0\" score\u003d\"0.7036212664747985\" style\u003d\"border: 2px solid rgb(125, 157, 1);\" tabnumber\u003d\"0\" tagorder\u003d\"0\"\u003esells\u003c/estrategia\u003e / \u003ccontrapartida begin\u003d\"374\" class\u003d\"extraction-tag ml-tag\" confidence\u003d\"1/18\" data-value\u003d\"LLG\" end\u003d\"377\" ml-tagorder\u003d\"0\" score\u003d\"0.6684944888000612\" style\u003d\"border: 2px solid rgb(125, 157, 1);\" tabnumber\u003d\"0\" tagorder\u003d\"0\"\u003eLLG\u003c/contrapartida\u003e buys Option: \u003cdivisa1 begin\u003d\"391\" class\u003d\"extraction-tag ml-tag\" confidence\u003d\"1/18\" data-value\u003d\"EUR\" end\u003d\"394\" ml-tagorder\u003d\"0\" score\u003d\"0.6726329382578443\" style\u003d\"border: 2px solid rgb(125, 157, 1);\" tabnumber\u003d\"0\" tagorder\u003d\"0\"\u003eEUR\u003c/divisa1\u003e \u003copcion1 begin\u003d\"395\" class\u003d\"extraction-tag ml-tag\" confidence\u003d\"1/18\" data-value\u003d\"Call\" end\u003d\"399\" ml-tagorder\u003d\"0\" score\u003d\"0.786693973950728\" style\u003d\"border: 2px solid rgb(125, 157, 1);\" tabnumber\u003d\"0\" tagorder\u003d\"0\"\u003eCall\u003c/opcion1\u003e / \u003cdivisa2 begin\u003d\"402\" class\u003d\"extraction-tag ml-tag\" confidence\u003d\"1/18\" data-value\u003d\"USD\" end\u003d\"405\" ml-tagorder\u003d\"0\" score\u003d\"0.7203668859802178\" style\u003d\"border: 2px solid rgb(125, 157, 1);\" tabnumber\u003d\"0\" tagorder\u003d\"0\"\u003eUSD\u003c/divisa2\u003e \u003copcion2 begin\u003d\"406\" class\u003d\"extraction-tag ml-tag\" confidence\u003d\"1/18\" data-value\u003d\"Put\" end\u003d\"409\" ml-tagorder\u003d\"0\" score\u003d\"0.7613794890759722\" style\u003d\"border: 2px solid rgb(125, 157, 1);\" tabnumber\u003d\"0\" tagorder\u003d\"0\"\u003ePut\u003c/opcion2\u003e Face: EUR \u003cnominal1 begin\u003d\"420\" class\u003d\"extraction-tag ml-tag\" confidence\u003d\"1/18\" data-value\u003d\"20,000,000\" end\u003d\"430\" ml-tagorder\u003d\"0\" score\u003d\"0.7231570279634182\" style\u003d\"border: 2px solid rgb(125, 157, 1);\" tabnumber\u003d\"0\" tagorder\u003d\"0\"\u003e20,000,000\u003c/nominal1\u003e Trade Date: \u003cfecha_inicio begin\u003d\"443\" class\u003d\"extraction-tag ml-tag\" confidence\u003d\"1/18\" data-value\u003d\"23-Mar-17\" end\u003d\"452\" ml-tagorder\u003d\"0\" score\u003d\"0.7201964587463828\" style\u003d\"border: 2px solid rgb(125, 157, 1);\" tabnumber\u003d\"0\" tagorder\u003d\"0\"\u003e23-Mar-17\u003c/fecha_inicio\u003e Expiry: \u003cfecha_vencimiento begin\u003d\"461\" class\u003d\"extraction-tag ml-tag\" confidence\u003d\"1/18\" data-value\u003d\"22-Nov-17\" end\u003d\"470\" ml-tagorder\u003d\"0\" score\u003d\"0.7678481681359858\" style\u003d\"border: 2px solid rgb(125, 157, 1);\" tabnumber\u003d\"0\" tagorder\u003d\"0\"\u003e22-Nov-17\u003c/fecha_vencimiento\u003e Cut: NY \u003ccash_delivery begin\u003d\"479\" class\u003d\"extraction-tag ml-tag\" confidence\u003d\"1/18\" data-value\u003d\"Delivery\" end\u003d\"487\" ml-tagorder\u003d\"0\" score\u003d\"0.6167082889511729\" style\u003d\"border: 2px solid rgb(125, 157, 1);\" tabnumber\u003d\"0\" tagorder\u003d\"0\"\u003eDelivery\u003c/cash_delivery\u003e: \u003cfecha_pago_vencimiento begin\u003d\"489\" class\u003d\"extraction-tag ml-tag\" confidence\u003d\"1/18\" data-value\u003d\"24-Nov-17\" end\u003d\"498\" ml-tagorder\u003d\"0\" score\u003d\"0.7410332990640631\" style\u003d\"border: 2px solid rgb(125, 157, 1);\" tabnumber\u003d\"0\" tagorder\u003d\"0\"\u003e24-Nov-17\u003c/fecha_pago_vencimiento\u003e Strike: \u003cstrike_ begin\u003d\"507\" class\u003d\"extraction-tag ml-tag\" confidence\u003d\"1/18\" data-value\u003d\"1.156000\" end\u003d\"515\" ml-tagorder\u003d\"0\" score\u003d\"0.7270842568572594\" style\u003d\"border: 2px solid rgb(125, 157, 1);\" tabnumber\u003d\"0\" tagorder\u003d\"0\"\u003e1.156000\u003c/strike_\u003e Premium: Client receives / LLG pays Amount: \u003cprecio begin\u003d\"560\" class\u003d\"extraction-tag ml-tag\" confidence\u003d\"1/18\" data-value\u003d\"0.8610%\" end\u003d\"567\" ml-tagorder\u003d\"0\" score\u003d\"0.583977765657092\" style\u003d\"border: 2px solid rgb(125, 157, 1);\" tabnumber\u003d\"0\" tagorder\u003d\"0\"\u003e0.8610%\u003c/precio\u003e EUR face or \u003cdivisa_prima begin\u003d\"580\" class\u003d\"extraction-tag ml-tag\" confidence\u003d\"1/18\" data-value\u003d\"EUR\" end\u003d\"583\" ml-tagorder\u003d\"0\" score\u003d\"0.6164253355943154\" style\u003d\"border: 2px solid rgb(125, 157, 1);\" tabnumber\u003d\"0\" tagorder\u003d\"0\"\u003eEUR\u003c/divisa_prima\u003e \u003cprima begin\u003d\"584\" class\u003d\"extraction-tag ml-tag\" confidence\u003d\"1/18\" data-value\u003d\"172,200\" end\u003d\"591\" ml-tagorder\u003d\"0\" score\u003d\"0.6346975867442443\" style\u003d\"border: 2px solid rgb(125, 157, 1);\" tabnumber\u003d\"0\" tagorder\u003d\"0\"\u003e172,200\u003c/prima\u003e [Vol Ref: 8.62] Premium Date: \u003cfecha_pago_prima begin\u003d\"622\" class\u003d\"extraction-tag ml-tag\" confidence\u003d\"1/18\" data-value\u003d\"27-Mar-17\" end\u003d\"631\" ml-tagorder\u003d\"0\" score\u003d\"0.671479542603873\" style\u003d\"border: 2px solid rgb(125, 157, 1);\" tabnumber\u003d\"0\" tagorder\u003d\"0\"\u003e27-Mar-17\u003c/fecha_pago_prima\u003e --------------------------------------------------------- Hedge: Client (SCHDPROPIB) buys / LLG sells EUR 4,100,000 against USD 4,420,210 Rate: 1.078100 USD per 1 EUR Value Date: 27-Mar-17 --------------------------------------------------------- This trade notification is sent to you for information purposes only and does not constitute evidence of the specific transaction to which it relates. You should only rely on the confirmation of such trade that you receive from the Foreign Exchange Operations Department as evidence of the trade between you and LLG. Based on the present E-Mail exchange, and/or on the agreement reached with you, respectively, LLG is entitled to contact you via insecure E-Mail: (a) E-Mails contain substantial risks such as lack of confidentiality, manipulation of content and sender, misdirection, viruses etc. LLG does not accept any liability for damages arising from use of E-mail. Accordingly, LLG recommends to abstain from sending any sensitive information via E-Mail, from forwarding the text received when submitting reply E-Mails and recommends to manually capture the E-Mail address in every instance. If you should wish to verify the content of this message, please request a hard-copy version. (b) In principle, LLG does not accept any (purchase) orders, cancellation of orders or authorizations etc. via E-mail. If LLG receives such E-Mails, LLG is not obliged to expressly decline them. If you have received this E-Mail by mistake or do not wish to be contacted by E-Mail in the future, you are kindly asked to inform LLG accordingly. Any E-Mail received by mistake (including all its annexes) needs to be destroyed and the content may not be forwarded nor disclosed to any further persons. c) This message is provided for informational purposes and should not be construed as a solicitation or offer to buy or sell any securities or related financial instruments. Please contact LLG for 