{"finalScore":0.7344996938877659,"sumScore":18.36249234719415,"tagsCounter":25.0,"taggedText":"\u003cdocument\u003e15:31:02 last one pls: for the book balancing: 15:34:21 San Madrid MX_MMK14: \u003cestrategia begin\u003d\"77\" class\u003d\"extraction-tag ml-tag\" confidence\u003d\"1/14\" data-value\u003d\"Buys\" end\u003d\"81\" ml-tagorder\u003d\"0\" score\u003d\"0.7154152620618467\" style\u003d\"border: 2px solid rgb(125, 157, 1);\" tabnumber\u003d\"0\" tagorder\u003d\"0\"\u003eBuys\u003c/estrategia\u003e \u003cnominal1 begin\u003d\"82\" class\u003d\"extraction-tag ml-tag\" confidence\u003d\"1/14\" data-value\u003d\"25mios\" end\u003d\"88\" ml-tagorder\u003d\"0\" score\u003d\"0.7232887562626352\" style\u003d\"border: 2px solid rgb(125, 157, 1);\" tabnumber\u003d\"0\" tagorder\u003d\"0\"\u003e25mios\u003c/nominal1\u003e \u003copcion2 begin\u003d\"89\" class\u003d\"extraction-tag ml-tag\" confidence\u003d\"1/14\" data-value\u003d\"USDPutMXNCall\" end\u003d\"102\" ml-tagorder\u003d\"0\" score\u003d\"0.7255213019385416\" style\u003d\"border: 2px solid rgb(125, 157, 1);\" tabnumber\u003d\"0\" tagorder\u003d\"0\"\u003e\u003copcion1 begin\u003d\"89\" class\u003d\"extraction-tag ml-tag\" confidence\u003d\"1/14\" data-value\u003d\"USDPutMXNCall\" end\u003d\"102\" ml-tagorder\u003d\"0\" score\u003d\"0.7650497949761672\" style\u003d\"border: 2px solid rgb(125, 157, 1);\" tabnumber\u003d\"0\" tagorder\u003d\"0\"\u003e\u003cdivisa2 begin\u003d\"89\" class\u003d\"extraction-tag ml-tag\" confidence\u003d\"1/14\" data-value\u003d\"USDPutMXNCall\" end\u003d\"102\" ml-tagorder\u003d\"0\" score\u003d\"0.8156594511884089\" style\u003d\"border: 2px solid rgb(125, 157, 1);\" tabnumber\u003d\"0\" tagorder\u003d\"0\"\u003e\u003cdivisa1 begin\u003d\"89\" class\u003d\"extraction-tag ml-tag\" confidence\u003d\"1/14\" data-value\u003d\"USDPutMXNCall\" end\u003d\"102\" ml-tagorder\u003d\"0\" score\u003d\"0.7212866027139442\" style\u003d\"border: 2px solid rgb(125, 157, 1);\" tabnumber\u003d\"0\" tagorder\u003d\"0\"\u003eUSDPutMXNCall\u003c/divisa1\u003e\u003c/divisa2\u003e\u003c/opcion1\u003e\u003c/opcion2\u003e \u003cfecha_vencimiento begin\u003d\"103\" class\u003d\"extraction-tag ml-tag\" confidence\u003d\"1/14\" data-value\u003d\"17/19Jul 2018\" end\u003d\"116\" ml-tagorder\u003d\"0\" score\u003d\"0.6885446162082249\" style\u003d\"border: 2px solid rgb(125, 157, 1);\" tabnumber\u003d\"0\" tagorder\u003d\"0\"\u003e\u003cfecha_pago_vencimiento begin\u003d\"103\" class\u003d\"extraction-tag ml-tag\" confidence\u003d\"1/14\" data-value\u003d\"17/19Jul 2018\" end\u003d\"116\" ml-tagorder\u003d\"0\" score\u003d\"0.7882849926354358\" style\u003d\"border: 2px solid rgb(125, 157, 1);\" tabnumber\u003d\"0\" tagorder\u003d\"0\"\u003e17/19Jul 2018\u003c/fecha_pago_vencimiento\u003e\u003c/fecha_vencimiento\u003e \u003cstrike_ begin\u003d\"117\" class\u003d\"extraction-tag ml-tag\" confidence\u003d\"1/14\" data-value\u003d\"18.50\" end\u003d\"122\" ml-tagorder\u003d\"0\" score\u003d\"0.6877580976814236\" style\u003d\"border: 2px solid rgb(125, 157, 1);\" tabnumber\u003d\"0\" tagorder\u003d\"0\"\u003e18.50\u003c/strike_\u003e; \u003cspot_forward begin\u003d\"124\" class\u003d\"extraction-tag ml-tag\" confidence\u003d\"1/14\" data-value\u003d\"Fwd\" end\u003d\"127\" ml-tagorder\u003d\"0\" score\u003d\"0.7056693140791358\" style\u003d\"border: 2px solid rgb(125, 157, 1);\" tabnumber\u003d\"0\" tagorder\u003d\"0\"\u003eFwd\u003c/spot_forward\u003e Prem \u003cprima begin\u003d\"133\" class\u003d\"extraction-tag ml-tag\" confidence\u003d\"1/14\" data-value\u003d\"4.8560%USD\" end\u003d\"143\" ml-tagorder\u003d\"0\" score\u003d\"0.5556276641834144\" style\u003d\"border: 2px solid rgb(125, 157, 1);\" tabnumber\u003d\"0\" tagorder\u003d\"0\"\u003e\u003cprecio begin\u003d\"133\" class\u003d\"extraction-tag ml-tag\" confidence\u003d\"1/14\" data-value\u003d\"4.8560%USD\" end\u003d\"143\" ml-tagorder\u003d\"0\" score\u003d\"0.783816073510207\" style\u003d\"border: 2px solid rgb(125, 157, 1);\" tabnumber\u003d\"0\" tagorder\u003d\"0\"\u003e4.8560%\u003cdivisa_prima begin\u003d\"140\" class\u003d\"extraction-tag ml-tag\" confidence\u003d\"1/14\" data-value\u003d\"USD\" end\u003d\"143\" ml-tagorder\u003d\"0\" score\u003d\"0.7550991467380024\" style\u003d\"border: 2px solid rgb(125, 157, 1);\" tabnumber\u003d\"0\" tagorder\u003d\"0\"\u003eUSD\u003c/divisa_prima\u003e\u003c/precio\u003e\u003c/prima\u003e \u003cestrategia begin\u003d\"144\" class\u003d\"extraction-tag ml-tag\" confidence\u003d\"1/14\" data-value\u003d\"Sells\" end\u003d\"149\" ml-tagorder\u003d\"1\" score\u003d\"0.7516717012468913\" style\u003d\"border: 2px solid rgb(125, 157, 1);\" tabnumber\u003d\"1\" tagorder\u003d\"1\"\u003eSells\u003c/estrategia\u003e \u003cnominal1 begin\u003d\"150\" class\u003d\"extraction-tag ml-tag\" confidence\u003d\"1/14\" data-value\u003d\"30mios\" end\u003d\"156\" ml-tagorder\u003d\"1\" score\u003d\"0.7709390571577571\" style\u003d\"border: 2px solid rgb(125, 157, 1);\" tabnumber\u003d\"1\" tagorder\u003d\"1\"\u003e30mios\u003c/nominal1\u003e \u003copcion2 begin\u003d\"157\" class\u003d\"extraction-tag ml-tag\" confidence\u003d\"1/14\" data-value\u003d\"USDPutMXNCall\" end\u003d\"170\" ml-tagorder\u003d\"1\" score\u003d\"0.8500113966209665\" style\u003d\"border: 2px solid rgb(125, 157, 1);\" tabnumber\u003d\"1\" tagorder\u003d\"1\"\u003e\u003copcion1 begin\u003d\"157\" class\u003d\"extraction-tag ml-tag\" confidence\u003d\"1/14\" data-value\u003d\"USDPutMXNCall\" end\u003d\"170\" ml-tagorder\u003d\"1\" score\u003d\"0.8313983270267924\" style\u003d\"border: 2px solid rgb(125, 157, 1);\" tabnumber\u003d\"1\" tagorder\u003d\"1\"\u003e\u003cdivisa2 begin\u003d\"157\" class\u003d\"extraction-tag ml-tag\" confidence\u003d\"1/14\" data-value\u003d\"USDPutMXNCall\" end\u003d\"170\" ml-tagorder\u003d\"1\" score\u003d\"0.7080058131986305\" style\u003d\"border: 2px solid rgb(125, 157, 1);\" tabnumber\u003d\"1\" tagorder\u003d\"1\"\u003e\u003cdivisa1 begin\u003d\"157\" class\u003d\"extraction-tag ml-tag\" confidence\u003d\"1/14\" data-value\u003d\"USDPutMXNCall\" end\u003d\"170\" ml-tagorder\u003d\"1\" score\u003d\"0.7128618046927665\" style\u003d\"border: 2px solid rgb(125, 157, 1);\" tabnumber\u003d\"1\" tagorder\u003d\"1\"\u003eUSDPutMXNCall\u003c/divisa1\u003e\u003c/divisa2\u003e\u003c/opcion1\u003e\u003c/opcion2\u003e \u003cfecha_vencimiento begin\u003d\"171\" class\u003d\"extraction-tag ml-tag\" confidence\u003d\"1/14\" data-value\u003d\"16/20Jul 2020\" end\u003d\"184\" ml-tagorder\u003d\"1\" score\u003d\"0.7012701462236537\" style\u003d\"border: 2px solid rgb(125, 157, 1);\" tabnumber\u003d\"1\" tagorder\u003d\"1\"\u003e\u003cfecha_pago_vencimiento begin\u003d\"171\" class\u003d\"extraction-tag ml-tag\" confidence\u003d\"1/14\" data-value\u003d\"16/20Jul 2020\" end\u003d\"184\" ml-tagorder\u003d\"1\" score\u003d\"0.7185210403720649\" style\u003d\"border: 2px solid rgb(125, 157, 1);\" tabnumber\u003d\"1\" tagorder\u003d\"1\"\u003e16/20Jul 2020\u003c/fecha_pago_vencimiento\u003e\u003c/fecha_vencimiento\u003e \u003cstrike_ begin\u003d\"185\" class\u003d\"extraction-tag ml-tag\" confidence\u003d\"1/14\" data-value\u003d\"20.30\" end\u003d\"190\" ml-tagorder\u003d\"1\" score\u003d\"0.6966068762290087\" style\u003d\"border: 2px solid rgb(125, 157, 1);\" tabnumber\u003d\"1\" tagorder\u003d\"1\"\u003e20.30\u003c/strike_\u003e; \u003cspot_forward begin\u003d\"192\" class\u003d\"extraction-tag ml-tag\" confidence\u003d\"1/14\" data-value\u003d\"Fwd\" end\u003d\"195\" ml-tagorder\u003d\"1\" score\u003d\"0.7385195500984105\" style\u003d\"border: 2px solid rgb(125, 157, 1);\" tabnumber\u003d\"1\" tagorder\u003d\"1\"\u003eFwd\u003c/spot_forward\u003e Prem \u003cprecio begin\u003d\"201\" class\u003d\"extraction-tag ml-tag\" confidence\u003d\"1/14\" data-value\u003d\"9.5870%USD\" end\u003d\"211\" ml-tagorder\u003d\"1\" score\u003d\"0.733831533412665\" style\u003d\"border: 2px solid rgb(125, 157, 1);\" tabnumber\u003d\"1\" 