{"finalScore":0.6920936107202239,"sumScore":11.073497771523583,"tagsCounter":16.0,"taggedText":"\u003cdocument\u003e\u003cstyle type\u003d\"text/css\"\u003e\u003c/style\u003e\u003cp\u003e\u003cfont\u003e\u003ctipo_de_opcion begin\u003d\"432\" class\u003d\"extraction-tag ml-tag\" confidence\u003d\"1/17\" data-value\u003d\"Vanilla\" end\u003d\"439\" ml-tagorder\u003d\"0\" score\u003d\"0.7393869317007045\" style\u003d\"border: 2px solid rgb(125, 157, 1);\" tabnumber\u003d\"0\" tagorder\u003d\"0\"\u003e\u003cmeta content\u003d\"text-html; charset\u003dutf-8\"\u003e\u003c/meta\u003e\u003cbase\u003e\u003c/base\u003eVanilla\u003c/tipo_de_opcion\u003e Position: Client \u003cestrategia begin\u003d\"457\" class\u003d\"extraction-tag ml-tag\" confidence\u003d\"1/17\" data-value\u003d\"buys\" end\u003d\"461\" ml-tagorder\u003d\"0\" score\u003d\"0.7040928676208416\" style\u003d\"border: 2px solid rgb(125, 157, 1);\" tabnumber\u003d\"0\" tagorder\u003d\"0\"\u003ebuys\u003c/estrategia\u003e / \u003ccontrapartida begin\u003d\"464\" class\u003d\"extraction-tag ml-tag\" confidence\u003d\"1/17\" data-value\u003d\"TPU\" end\u003d\"467\" ml-tagorder\u003d\"0\" score\u003d\"0.6274731505832396\" style\u003d\"border: 2px solid rgb(125, 157, 1);\" tabnumber\u003d\"0\" tagorder\u003d\"0\"\u003eTPU\u003c/contrapartida\u003e sells Option: \u003cdivisa1 begin\u003d\"482\" class\u003d\"extraction-tag ml-tag\" confidence\u003d\"1/17\" data-value\u003d\"EUR\" end\u003d\"485\" ml-tagorder\u003d\"0\" score\u003d\"0.7180528332277405\" style\u003d\"border: 2px solid rgb(125, 157, 1);\" tabnumber\u003d\"0\" tagorder\u003d\"0\"\u003eEUR\u003c/divisa1\u003e \u003copcion1 begin\u003d\"486\" class\u003d\"extraction-tag ml-tag\" confidence\u003d\"1/17\" data-value\u003d\"Put\" end\u003d\"489\" ml-tagorder\u003d\"0\" score\u003d\"0.7775869658706259\" style\u003d\"border: 2px solid rgb(125, 157, 1);\" tabnumber\u003d\"0\" tagorder\u003d\"0\"\u003ePut\u003c/opcion1\u003e / \u003cdivisa2 begin\u003d\"492\" class\u003d\"extraction-tag ml-tag\" confidence\u003d\"1/17\" data-value\u003d\"GBP\" end\u003d\"495\" ml-tagorder\u003d\"0\" score\u003d\"0.6874994305562379\" style\u003d\"border: 2px solid rgb(125, 157, 1);\" tabnumber\u003d\"0\" tagorder\u003d\"0\"\u003eGBP\u003c/divisa2\u003e \u003copcion2 begin\u003d\"496\" class\u003d\"extraction-tag ml-tag\" confidence\u003d\"1/17\" data-value\u003d\"Call\" end\u003d\"500\" ml-tagorder\u003d\"0\" score\u003d\"0.6991841691388495\" style\u003d\"border: 2px solid rgb(125, 157, 1);\" tabnumber\u003d\"0\" tagorder\u003d\"0\"\u003eCall\u003c/opcion2\u003e Face: EUR \u003cnominal1 begin\u003d\"511\" class\u003d\"extraction-tag ml-tag\" confidence\u003d\"1/17\" data-value\u003d\"20,000,000\" end\u003d\"521\" ml-tagorder\u003d\"0\" score\u003d\"0.7284383530861023\" style\u003d\"border: 2px solid rgb(125, 157, 1);\" tabnumber\u003d\"0\" tagorder\u003d\"0\"\u003e20,000,000\u003c/nominal1\u003e Trade Date: \u003cfecha_inicio begin\u003d\"534\" class\u003d\"extraction-tag ml-tag\" confidence\u003d\"1/17\" data-value\u003d\"18-Jul-17\" end\u003d\"543\" ml-tagorder\u003d\"0\" score\u003d\"0.6759097967629496\" style\u003d\"border: 2px solid rgb(125, 157, 1);\" tabnumber\u003d\"0\" tagorder\u003d\"0\"\u003e18-Jul-17\u003c/fecha_inicio\u003e Expiry: \u003cfecha_vencimiento begin\u003d\"552\" class\u003d\"extraction-tag ml-tag\" confidence\u003d\"1/17\" data-value\u003d\"20-Jul-17\" end\u003d\"561\" ml-tagorder\u003d\"0\" score\u003d\"0.7672812755079844\" style\u003d\"border: 2px solid rgb(125, 157, 1);\" tabnumber\u003d\"0\" tagorder\u003d\"0\"\u003e20-Jul-17\u003c/fecha_vencimiento\u003e Cut: NY \u003ccash_delivery begin\u003d\"570\" class\u003d\"extraction-tag ml-tag\" confidence\u003d\"1/17\" data-value\u003d\"Delivery\" end\u003d\"578\" ml-tagorder\u003d\"0\" score\u003d\"0.6167082889511729\" style\u003d\"border: 2px solid rgb(125, 157, 1);\" tabnumber\u003d\"0\" tagorder\u003d\"0\"\u003eDelivery\u003c/cash_delivery\u003e: \u003cfecha_pago_vencimiento begin\u003d\"580\" class\u003d\"extraction-tag ml-tag\" confidence\u003d\"1/17\" data-value\u003d\"24-Jul-17\" end\u003d\"589\" ml-tagorder\u003d\"0\" score\u003d\"0.7229721669541098\" style\u003d\"border: 2px solid rgb(125, 157, 1);\" tabnumber\u003d\"0\" tagorder\u003d\"0\"\u003e24-Jul-17\u003c/fecha_pago_vencimiento\u003e Strike: \u003cstrike_ begin\u003d\"598\" class\u003d\"extraction-tag ml-tag\" confidence\u003d\"1/17\" data-value\u003d\"0.880000\" end\u003d\"606\" ml-tagorder\u003d\"0\" score\u003d\"0.6985507941383\" style\u003d\"border: 2px solid rgb(125, 157, 1);\" tabnumber\u003d\"0\" tagorder\u003d\"0\"\u003e0.880000\u003c/strike_\u003e Premium: Client pays / TPU receives Amount: \u003cprecio begin\u003d\"651\" class\u003d\"extraction-tag ml-tag\" confidence\u003d\"1/17\" data-value\u003d\"0.1030%\" end\u003d\"658\" ml-tagorder\u003d\"0\" score\u003d\"0.6692681937923275\" style\u003d\"border: 2px solid rgb(125, 157, 1);\" tabnumber\u003d\"0\" tagorder\u003d\"0\"\u003e0.1030%\u003c/precio\u003e EUR face or \u003cdivisa_prima begin\u003d\"671\" class\u003d\"extraction-tag ml-tag\" confidence\u003d\"1/17\" data-value\u003d\"EUR\" end\u003d\"674\" ml-tagorder\u003d\"0\" score\u003d\"0.633375893763162\" style\u003d\"border: 2px solid rgb(125, 157, 1);\" tabnumber\u003d\"0\" tagorder\u003d\"0\"\u003eEUR\u003c/divisa_prima\u003e \u003cprima begin\u003d\"675\" class\u003d\"extraction-tag ml-tag\" confidence\u003d\"1/17\" data-value\u003d\"20,600\" end\u003d\"681\" ml-tagorder\u003d\"0\" score\u003d\"0.6077166598692347\" style\u003d\"border: 2px solid rgb(125, 157, 1);\" tabnumber\u003d\"0\" tagorder\u003d\"0\"\u003e20,600\u003c/prima\u003e [Vol Ref: 13.875] Premium Date: 20-Jul-17 --------------------------------------------------------- Hedge: Client (Santander) buys / TPU sells EUR 3,200,000 against GBP 2,841,920 Rate: 0.888100 GBP per 1 EUR Value Date: 20-Jul-17 --------------------------------------------------------- This trade notification is sent to you for information purposes only and does not constitute evidence of the specific transaction to which it relates. You should only rely on the confirmation of such trade that you receive from the Foreign Exchange Operations Department as evidence of the trade between you and TPU. Based on the present E-Mail exchange, and/or on the agreement reached with you, respectively, TPU is entitled to contact you via insecure E-Mail: (a) E-Mails contain substantial risks such as lack of confidentiality, manipulation of content and sender, misdirection, viruses etc. TPU does not accept any liability for damages arising from use of E-mail. Accordingly, TPU recommends to abstain from sending any sensitive information via E-Mail, from forwarding the text received when submitting reply E-Mails and recommends to manually capture the E-Mail address in every instance. If you should wish to verify the content of this message, please request a hard-copy version. (b) In principle, TPU does not accept any (purchase) orders, cancellation of orders or authorizations etc. via E-mail. If TPU receives such E-Mails, TPU is not obliged to expressly decline them. If you have received this E-Mail by mistake or do not wish to be contacted by E-Mail in the future, you are kindly asked to inform TPU accordingly. Any E-Mail received by mistake (including all its annexes) needs to be destroyed and the content may not be forwarded nor disclosed to any further persons. c) This message is provided for informational purposes and should not be construed as a solicitation or offer to buy or sell any securities or related financial instruments. Please contact TPU for additional information or queries. This communication is issued by TPU Limited, TPU AG and/or affiliates to professional investors only. It is the product of a sales/trading desk and not the Research Department. This is not a personal recommendation, an offer to buy or sell or a solicitation to buy or sell any securities, investment products 