{"finalScore":0.6637951684258553,"sumScore":11.948313031665394,"tagsCounter":18.0,"taggedText":"\u003cdocument\u003e\u003cstyle type\u003d\"text/css\"\u003e\u003c/style\u003e\u003cp\u003e\u003cfont\u003e\u003ccontrapartida begin\u003d\"1128\" class\u003d\"extraction-tag ml-tag\" confidence\u003d\"1/15\" data-value\u003d\"Uuhhlgvg Vdny\" end\u003d\"1141\" ml-tagorder\u003d\"0\" score\u003d\"0.6136954043301849\" style\u003d\"border: 2px solid rgb(125, 157, 1);\" tabnumber\u003d\"0\" tagorder\u003d\"0\"\u003e\u003cbase\u003e\u003c/base\u003e\u003cmeta content\u003d\"text-html; charset\u003dutf-8\"\u003e\u003c/meta\u003eUuhhlgvg Vdny\u003c/contrapartida\u003e (Autobahn FX) Trade ID : FXOPA02845QW Execution Time : \u003cfecha_inicio begin\u003d\"1197\" class\u003d\"extraction-tag ml-tag\" confidence\u003d\"1/15\" data-value\u003d\"01/30/2018\" end\u003d\"1208\" ml-tagorder\u003d\"0\" score\u003d\"0.7664169338652564\" style\u003d\"border: 2px solid rgb(125, 157, 1);\" tabnumber\u003d\"0\" tagorder\u003d\"0\"\u003e30-JAN-2018\u003c/fecha_inicio\u003e 15:41 Client ID : [RAPID] Santander Madrid Ldn API (EU0380265) User ID : SSCHUBERT@SANTANDER.US Ccy Pair : EURUSD User Buys/Sells : EUR SPREAD Р\u0026mdash;Р\u0026sbquo; \u003cestrategia begin\u003d\"1357\" class\u003d\"extraction-tag ml-tag\" confidence\u003d\"1/15\" data-value\u003d\"SELL\" end\u003d\"1361\" ml-tagorder\u003d\"0\" score\u003d\"0.4995519062844762\" style\u003d\"border: 2px solid rgb(125, 157, 1);\" tabnumber\u003d\"0\" tagorder\u003d\"0\"\u003eSELL\u003c/estrategia\u003e EUR \u003copcion1 begin\u003d\"1366\" class\u003d\"extraction-tag ml-tag\" confidence\u003d\"1/15\" data-value\u003d\"PUT\" end\u003d\"1369\" ml-tagorder\u003d\"0\" score\u003d\"0.5808450207757289\" style\u003d\"border: 2px solid rgb(125, 157, 1);\" tabnumber\u003d\"0\" tagorder\u003d\"0\"\u003ePUT\u003c/opcion1\u003e Р\u0026mdash;Р\u0026sbquo; BUY EUR \u003copcion1 begin\u003d\"1383\" class\u003d\"extraction-tag ml-tag\" confidence\u003d\"1/15\" data-value\u003d\"PUT\" end\u003d\"1386\" ml-tagorder\u003d\"1\" score\u003d\"0.6441559032382916\" style\u003d\"border: 2px solid rgb(125, 157, 1);\" tabnumber\u003d\"1\" tagorder\u003d\"1\"\u003ePUT\u003c/opcion1\u003e CCY1 amount per leg : \u003cnominal1 begin\u003d\"1409\" class\u003d\"extraction-tag ml-tag\" confidence\u003d\"1/15\" data-value\u003d\"5000000,00\" end\u003d\"1418\" ml-tagorder\u003d\"0\" score\u003d\"0.7394343668797769\" style\u003d\"border: 2px solid rgb(125, 157, 1);\" tabnumber\u003d\"0\" tagorder\u003d\"0\"\u003e5,000,000\u003c/nominal1\u003e EUR Р\u0026mdash;Р\u0026sbquo; 15,000,000 EUR CCY2 amount per leg : \u003cnominal1 begin\u003d\"1465\" class\u003d\"extraction-tag ml-tag\" confidence\u003d\"1/15\" data-value\u003d\"6200000,00\" end\u003d\"1474\" ml-tagorder\u003d\"1\" score\u003d\"0.700938191431666\" style\u003d\"border: 2px solid rgb(125, 157, 1);\" tabnumber\u003d\"1\" tagorder\u003d\"1\"\u003e6,200,000\u003c/nominal1\u003e USD Р\u0026mdash;Р\u0026sbquo; 18,450,000 USD Expiry Date : \u003cfecha_vencimiento begin\u003d\"1513\" class\u003d\"extraction-tag ml-tag\" confidence\u003d\"1/15\" data-value\u003d\"02/01/2018\" end\u003d\"1522\" ml-tagorder\u003d\"0\" score\u003d\"0.5795434048966195\" style\u003d\"border: 2px solid rgb(125, 157, 1);\" tabnumber\u003d\"0\" tagorder\u003d\"0\"\u003e01-FEB-18\u003c/fecha_vencimiento\u003e Р\u0026mdash;Р\u0026sbquo; \u003cfecha_vencimiento begin\u003d\"1528\" class\u003d\"extraction-tag ml-tag\" confidence\u003d\"1/15\" data-value\u003d\"02/06/2018\" end\u003d\"1537\" ml-tagorder\u003d\"1\" score\u003d\"0.6096880798333376\" style\u003d\"border: 2px solid rgb(125, 157, 1);\" tabnumber\u003d\"1\" tagorder\u003d\"1\"\u003e06-FEB-18\u003c/fecha_vencimiento\u003e Zone Cut : NY Settlement Date : \u003cfecha_pago_vencimiento begin\u003d\"1570\" class\u003d\"extraction-tag ml-tag\" confidence\u003d\"1/15\" data-value\u003d\"02/05/2018\" end\u003d\"1579\" ml-tagorder\u003d\"0\" score\u003d\"0.7108310959857782\" style\u003d\"border: 2px solid rgb(125, 157, 1);\" tabnumber\u003d\"0\" tagorder\u003d\"0\"\u003e05-FEB-18\u003c/fecha_pago_vencimiento\u003e Р\u0026mdash;Р\u0026sbquo; \u003cfecha_pago_vencimiento begin\u003d\"1585\" class\u003d\"extraction-tag ml-tag\" confidence\u003d\"1/15\" data-value\u003d\"02/08/2018\" end\u003d\"1594\" ml-tagorder\u003d\"1\" score\u003d\"0.7514617942766345\" style\u003d\"border: 2px solid rgb(125, 157, 1);\" tabnumber\u003d\"1\" tagorder\u003d\"1\"\u003e08-FEB-18\u003c/fecha_pago_vencimiento\u003e Strike : \u003cstrike_ begin\u003d\"1604\" class\u003d\"extraction-tag ml-tag\" confidence\u003d\"1/15\" data-value\u003d\"1.2400\" end\u003d\"1610\" ml-tagorder\u003d\"0\" score\u003d\"0.7092196240717464\" style\u003d\"border: 2px solid rgb(125, 157, 1);\" tabnumber\u003d\"0\" tagorder\u003d\"0\"\u003e1.2400\u003c/strike_\u003e Р\u0026mdash;Р\u0026sbquo; \u003cstrike_ begin\u003d\"1616\" class\u003d\"extraction-tag ml-tag\" confidence\u003d\"1/15\" data-value\u003d\"1.2300\" end\u003d\"1622\" ml-tagorder\u003d\"1\" score\u003d\"0.5344657714070173\" style\u003d\"border: 2px solid rgb(125, 157, 1);\" tabnumber\u003d\"1\" tagorder\u003d\"1\"\u003e1.2300\u003c/strike_\u003e Delta : 45% Р\u0026mdash;Р\u0026sbquo; -24% Spot : 1.24129 Fwd : 3.15 Р\u0026mdash;Р\u0026sbquo; 5.46 Vol : 13.29% Р\u0026mdash;Р\u0026sbquo; 10.42% Price(%CCY1) : \u003cprecio begin\u003d\"1721\" class\u003d\"extraction-tag ml-tag\" confidence\u003d\"1/15\" data-value\u003d\"0.3310\" end\u003d\"1728\" ml-tagorder\u003d\"0\" score\u003d\"0.7698166995405421\" style\u003d\"border: 2px solid rgb(125, 157, 1);\" tabnumber\u003d\"0\" tagorder\u003d\"0\"\u003e0.3310%\u003c/precio\u003e EUR Р\u0026mdash;Р\u0026sbquo; \u003cprecio begin\u003d\"1738\" class\u003d\"extraction-tag ml-tag\" confidence\u003d\"1/15\" data-value\u003d\"0.2180\" end\u003d\"1745\" ml-tagorder\u003d\"1\" score\u003d\"0.6870647629783437\" style\u003d\"border: 2px solid rgb(125, 157, 1);\" tabnumber\u003d\"1\" tagorder\u003d\"1\"\u003e0.2180%\u003c/precio\u003e EUR Pips(CCY2) : 41.1 Р\u0026mdash;Р\u0026sbquo; 27.1 Premium Amount : USER PAYS (\u003cprima begin\u003d\"1806\" class\u003d\"extraction-tag ml-tag\" confidence\u003d\"1/15\" data-value\u003d\"20100,00\" end\u003d\"1812\" ml-tagorder\u003d\"0\" score\u003d\"0.6905559733852079\" style\u003d\"border: 2px solid rgb(125, 157, 1);\" tabnumber\u003d\"0\" tagorder\u003d\"0\"\u003e20,100\u003c/prima\u003e) \u003cdivisa_prima begin\u003d\"1814\" class\u003d\"extraction-tag ml-tag\" confidence\u003d\"1/15\" data-value\u003d\"USD\" end\u003d\"1817\" ml-tagorder\u003d\"0\" score\u003d\"0.7061981935499801\" style\u003d\"border: 2px solid rgb(125, 157, 1);\" tabnumber\u003d\"0\" tagorder\u003d\"0\"\u003eUSD\u003c/divisa_prima\u003e Р\u0026mdash;Р\u0026sbquo; 20,550.00 Р\u0026mdash;Р\u0026sbquo; (40,650) Premium Date : \u003cfecha_pago_prima begin\u003d\"1862\" class\u003d\"extraction-tag ml-tag\" confidence\u003d\"1/15\" data-value\u003d\"02/01/2018\" end\u003d\"1871\" ml-tagorder\u003d\"0\" score\u003d\"0.6544299049348069\" style\u003d\"border: 2px solid rgb(125, 157, 1);\" tabnumber\u003d\"0\" tagorder\u003d\"0\"\u003e01-FEB-18\u003c/fecha_pago_prima\u003e Hedge Type / Value Date : SPOT / 01-FEB-18 Hedge Rate : 1.24129 Hedge Amount : USER BUYS EUR 1,440,000 ________________________________ Antes de imprimir este mensaje o sus documentos anexos, aseg?rese de que es necesario. Proteger el medio ambiente est? en nuestras manos. Before printing this e-mail or attachments, be sure it is necessary. It is in our hands to protect the environment.\u003c/font\u003e\u003c/p\u003e \n \n \n\u003cmeta-manual-answer data-code\u003d\"id_operacion\" data-na\u003d\"true\"\u003e\u003c/meta-manual-answer\u003e\u003cmeta-manual-answer data-code\u003d\"contrapartida_corta\" data-na\u003d\"true\" tabnumber\u003d\"0\"\u003e\u003c/meta-manual-answer\u003e\u003cmeta-manual-answer data-code\u003d\"tipo_de_opcion\" data-na\u003d\"true\" 