{"finalScore":0.710414584927666,"sumScore":8.524975019131992,"tagsCounter":12.0,"taggedText":"\u003cdocument\u003eBuenas tardes, 16,881,131 16,881,152 San Madrid \u003cestrategia begin\u003d\"48\" class\u003d\"extraction-tag ml-tag\" confidence\u003d\"1/13\" data-value\u003d\"Sells\" end\u003d\"53\" ml-tagorder\u003d\"0\" score\u003d\"0.8153832209955616\" style\u003d\"border: 2px solid rgb(125, 157, 1);\" tabnumber\u003d\"0\" tagorder\u003d\"0\"\u003eSells\u003c/estrategia\u003e 8 mios \u003copcion2 begin\u003d\"61\" class\u003d\"extraction-tag ml-tag\" confidence\u003d\"1/13\" data-value\u003d\"CALL\" end\u003d\"74\" ml-tagorder\u003d\"0\" score\u003d\"0.8003093538379588\" style\u003d\"border: 2px solid rgb(125, 157, 1);\" tabnumber\u003d\"0\" tagorder\u003d\"0\"\u003e\u003copcion1 begin\u003d\"61\" class\u003d\"extraction-tag ml-tag\" confidence\u003d\"1/13\" data-value\u003d\"PUT\" end\u003d\"74\" ml-tagorder\u003d\"0\" score\u003d\"0.6860635017808507\" style\u003d\"border: 2px solid rgb(125, 157, 1);\" tabnumber\u003d\"0\" tagorder\u003d\"0\"\u003e\u003cdivisa2 begin\u003d\"61\" class\u003d\"extraction-tag ml-tag\" confidence\u003d\"1/13\" data-value\u003d\"MXN\" end\u003d\"74\" ml-tagorder\u003d\"0\" score\u003d\"0.664331988837485\" style\u003d\"border: 2px solid rgb(125, 157, 1);\" tabnumber\u003d\"0\" tagorder\u003d\"0\"\u003e\u003cdivisa1 begin\u003d\"61\" class\u003d\"extraction-tag ml-tag\" confidence\u003d\"1/13\" data-value\u003d\"USD\" end\u003d\"74\" ml-tagorder\u003d\"0\" score\u003d\"0.6552923095216157\" style\u003d\"border: 2px solid rgb(125, 157, 1);\" tabnumber\u003d\"0\" tagorder\u003d\"0\"\u003eUSDPutMXNCall\u003c/divisa1\u003e\u003c/divisa2\u003e\u003c/opcion1\u003e\u003c/opcion2\u003e \u003cfecha_vencimiento begin\u003d\"75\" class\u003d\"extraction-tag ml-tag\" confidence\u003d\"1/13\" data-value\u003d\"29JunJul 2018\" end\u003d\"91\" ml-tagorder\u003d\"0\" score\u003d\"0.6105269575950916\" style\u003d\"border: 2px solid rgb(125, 157, 1);\" tabnumber\u003d\"0\" tagorder\u003d\"0\"\u003e\u003cfecha_pago_vencimiento begin\u003d\"75\" class\u003d\"extraction-tag ml-tag\" confidence\u003d\"1/13\" data-value\u003d\"07/03/2018\" end\u003d\"91\" ml-tagorder\u003d\"0\" score\u003d\"0.7529933709330241\" style\u003d\"border: 2px solid rgb(125, 157, 1);\" tabnumber\u003d\"0\" tagorder\u003d\"0\"\u003e29Jun/03Jul 2018\u003c/fecha_pago_vencimiento\u003e\u003c/fecha_vencimiento\u003e \u003cstrike_ begin\u003d\"92\" class\u003d\"extraction-tag ml-tag\" confidence\u003d\"1/13\" data-value\u003d\"19.00\" end\u003d\"97\" ml-tagorder\u003d\"0\" score\u003d\"0.7721920304099087\" style\u003d\"border: 2px solid rgb(125, 157, 1);\" tabnumber\u003d\"0\" tagorder\u003d\"0\"\u003e19.00\u003c/strike_\u003e; \u003cspot_forward begin\u003d\"99\" class\u003d\"extraction-tag ml-tag\" confidence\u003d\"1/13\" data-value\u003d\"forward\" end\u003d\"102\" ml-tagorder\u003d\"0\" score\u003d\"0.7378513099516419\" style\u003d\"border: 2px solid rgb(125, 157, 1);\" tabnumber\u003d\"0\" tagorder\u003d\"0\"\u003eFwd\u003c/spot_forward\u003e Prem \u003cprima begin\u003d\"108\" class\u003d\"extraction-tag ml-tag\" confidence\u003d\"1/13\" data-value\u003d\"40060,00\" end\u003d\"118\" ml-tagorder\u003d\"0\" score\u003d\"0.5268200788921057\" style\u003d\"border: 2px solid rgb(125, 157, 1);\" tabnumber\u003d\"0\" tagorder\u003d\"0\"\u003e\u003cprecio begin\u003d\"108\" class\u003d\"extraction-tag ml-tag\" confidence\u003d\"1/13\" data-value\u003d\"4.0060\" end\u003d\"118\" ml-tagorder\u003d\"0\" score\u003d\"0.7678383482632973\" style\u003d\"border: 2px solid rgb(125, 157, 1);\" tabnumber\u003d\"0\" tagorder\u003d\"0\"\u003e4.0060%\u003cdivisa_prima begin\u003d\"115\" class\u003d\"extraction-tag ml-tag\" confidence\u003d\"1/13\" data-value\u003d\"USD\" end\u003d\"118\" ml-tagorder\u003d\"0\" score\u003d\"0.7353725481134493\" style\u003d\"border: 2px solid rgb(125, 157, 1);\" tabnumber\u003d\"0\" tagorder\u003d\"0\"\u003eUSD\u003c/divisa_prima\u003e\u003c/precio\u003e\u003c/prima\u003e Sells 4.7mios USDMXN at 19.0790 value 03Jul 2018 Un saludo, Maria Eugenia _____ Antes de imprimir este mensaje o sus documentos anexos, aseg?rese de que es necesario. Proteger el medio ambiente est? en nuestras manos. Before printing this e-mail or attachments, be sure it is necessary. It is in our hands to protect the environment. \u003cmeta-manual-answer data-code\u003d\"id_operacion\" data-na\u003d\"true\"\u003e\u003c/meta-manual-answer\u003e\u003cmeta-manual-answer data-code\u003d\"contrapartida\" data-na\u003d\"true\" tabnumber\u003d\"0\"\u003e\u003c/meta-manual-answer\u003e\u003cmeta-manual-answer data-code\u003d\"contrapartida_corta\" data-na\u003d\"true\" tabnumber\u003d\"0\"\u003e\u003c/meta-manual-answer\u003e\u003cmeta-manual-answer data-code\u003d\"tipo_de_opcion\" data-na\u003d\"true\" tabnumber\u003d\"0\"\u003e\u003c/meta-manual-answer\u003e\u003cmeta-manual-answer data-code\u003d\"nominal2\" data-na\u003d\"true\" tabnumber\u003d\"0\"\u003e\u003c/meta-manual-answer\u003e\u003cmeta-manual-answer data-code\u003d\"prima\" data-na\u003d\"true\" tabnumber\u003d\"0\"\u003e\u003c/meta-manual-answer\u003e\u003cmeta-manual-answer data-code\u003d\"fecha_pago_prima\" data-na\u003d\"true\" tabnumber\u003d\"0\"\u003e\u003c/meta-manual-answer\u003e\u003cmeta-manual-answer data-code\u003d\"fecha_inicio\" data-na\u003d\"true\" tabnumber\u003d\"0\"\u003e\u003c/meta-manual-answer\u003e\u003cmeta-manual-answer data-code\u003d\"uti_usi\" data-na\u003d\"true\" tabnumber\u003d\"0\"\u003e\u003c/meta-manual-answer\u003e\u003cmeta-manual-answer data-code\u003d\"cash_delivery\" data-na\u003d\"true\" tabnumber\u003d\"0\"\u003e\u003c/meta-manual-answer\u003e\u003cmeta-manual-answer data-code\u003d\"barrier\" data-na\u003d\"true\" tabnumber\u003d\"0\"\u003e\u003c/meta-manual-answer\u003e\u003cmeta-manual-answer data-code\u003d\"barrier_start_date\" data-na\u003d\"true\" tabnumber\u003d\"0\"\u003e\u003c/meta-manual-answer\u003e\u003cmeta-manual-answer data-code\u003d\"tipo_barrera\" data-na\u003d\"true\" tabnumber\u003d\"0\"\u003e\u003c/meta-manual-answer\u003e\u003cmeta-manual-answer data-code\u003d\"estilo_barrera\" data-na\u003d\"true\" tabnumber\u003d\"0\"\u003e\u003c/meta-manual-answer\u003e\u003cmeta-manual-answer data-code\u003d\"rebate\" data-na\u003d\"true\" tabnumber\u003d\"0\"\u003e\u003c/meta-manual-answer\u003e\u003c/document\u003e","tags":[{"score":0.8153832209955616,"tabnumber":"0","end":53,"tag":"estrategia","text":"Sells","begin":48},{"score":0.8003093538379588,"tabnumber":"0","end":74,"tag":"opcion2","text":"CALL","begin":61},{"score":0.6860635017808507,"tabnumber":"0","end":74,"tag":"opcion1","text":"PUT","begin":61},{"score":0.664331988837485,"tabnumber":"0","end":74,"tag":"divisa2","text":"MXN","begin":61},{"score":0.6552923095216157,"tabnumber":"0","end":74,"tag":"divisa1","text":"USD","begin":61},{"score":0.6105269575950916,"tabnumber":"0","end":91,"tag":"fecha_vencimiento","text":"29JunJul 2018","begin":75},{"score":0.7529933709330241,"tabnumber":"0","end":91,"tag":"fecha_pago_vencimiento","text":"07/03/2018","begin":75},{"score":0.7721920304099087,"tabnumber":"0","end":97,"tag":"strike_","text":"19.00","begin":92},{"score":0.7378513099516419,"tabnumber":"0","end":102,"tag":"spot_forward","text":"forward","begin":99},{"score":0.5268200788921057,"tabnumber":"0","end":118,"tag":"prima","text":"40060,00","begin":108},{"score":0.7678383482632973,"tabnumber":"0","end":118,"tag":"precio","text":"4.0060","begin":108},{"score":0.7353725481134493,"tabnumber":"0","end":118,"tag":"divisa_prima","text":"USD","begin":115}],"group":"divisa1|divisa2|divisa_prima|estrategia|fecha_pago_vencimiento|fecha_vencimiento|opcion1|opcion2|precio|prima|spot_forward|strike_"}