{"finalScore":0.6920656861485306,"sumScore":6.920656861485306,"tagsCounter":10.0,"taggedText":"\u003cdocument\u003e \u003cstyle\u003e\u003c/style\u003e\u003cdiv class\u003d\"WordSection1\"\u003e\u003cp class\u003d\"MsoNormal\"\u003e\u003cestrategia begin\u003d\"4\" class\u003d\"extraction-tag ml-tag\" confidence\u003d\"1/14\" data-value\u003d\"SELL\" end\u003d\"8\" ml-tagorder\u003d\"0\" score\u003d\"0.7863897361235281\" style\u003d\"border: 2px solid rgb(125, 157, 1);\" tabnumber\u003d\"0\" tagorder\u003d\"0\"\u003e\u003cmeta content\u003d\"text/html; charset\u003dWindows-1252\" http-equiv\u003d\"Content-Type\"\u003e\u003c/meta\u003e\u003cmeta content\u003d\"Microsoft Word 15 (filtered medium)\" name\u003d\"Generator\"\u003e\u003c/meta\u003eSELL\u003c/estrategia\u003e TO MORGAN STANLEY INT\u0026rsquo;L LONDON\u003c/p\u003e \n \n\u003cp\u003e\u003c/p\u003e \n \n \n\u003cp\u003e\u003c/p\u003e \n \n \n \u003cp class\u003d\"MsoNormal\"\u003e\u003cnominal1 begin\u003d\"44\" class\u003d\"extraction-tag ml-tag\" confidence\u003d\"1/14\" data-value\u003d\"10000000,00\" end\u003d\"50\" ml-tagorder\u003d\"0\" score\u003d\"0.7345103849429944\" style\u003d\"border: 2px solid rgb(125, 157, 1);\" tabnumber\u003d\"0\" tagorder\u003d\"0\"\u003e10 MIO\u003c/nominal1\u003e USD PER LEG OF A \u003cstrike_ begin\u003d\"68\" class\u003d\"extraction-tag ml-tag\" confidence\u003d\"1/14\" data-value\u003d\"19.1875\" end\u003d\"75\" ml-tagorder\u003d\"0\" score\u003d\"0.840532508883485\" style\u003d\"border: 2px solid rgb(125, 157, 1);\" tabnumber\u003d\"0\" tagorder\u003d\"0\"\u003e19.1875\u003c/strike_\u003e MXN \u003ctipo_de_opcion begin\u003d\"80\" class\u003d\"extraction-tag ml-tag\" confidence\u003d\"1/14\" data-value\u003d\"STRADDLE\" end\u003d\"88\" ml-tagorder\u003d\"0\" score\u003d\"0.7284347866776262\" style\u003d\"border: 2px solid rgb(125, 157, 1);\" tabnumber\u003d\"0\" tagorder\u003d\"0\"\u003eSTRADDLE\u003c/tipo_de_opcion\u003e\u003c/p\u003e \n \n\u003cp\u003e\u003c/p\u003e \n \n \n\u003cp\u003e\u003c/p\u003e \n \n \n \u003cp class\u003d\"MsoNormal\"\u003eEXPIRY 07 \u0026ndash; \u003cfecha_pago_vencimiento begin\u003d\"105\" class\u003d\"extraction-tag ml-tag\" confidence\u003d\"1/14\" data-value\u003d\"12/11/2017\" end\u003d\"116\" ml-tagorder\u003d\"0\" score\u003d\"0.644442262484379\" style\u003d\"border: 2px solid rgb(125, 157, 1);\" tabnumber\u003d\"0\" tagorder\u003d\"0\"\u003e11 DEC 2017\u003c/fecha_pago_vencimiento\u003e MEX CUT\u003c/p\u003e \n \n\u003cp\u003e\u003c/p\u003e \n \n \n\u003cp\u003e\u003c/p\u003e \n \n \n \u003cp class\u003d\"MsoNormal\"\u003eSPOT 19.0835\u003c/p\u003e \n \n\u003cp\u003e\u003c/p\u003e \n \n \n\u003cp\u003e\u003c/p\u003e \n \n \n \u003cp class\u003d\"MsoNormal\"\u003eVOL 11.1\u003c/p\u003e \n \n\u003cp\u003e\u003c/p\u003e \n \n \n\u003cp\u003e\u003c/p\u003e \n \n \n \u003cp class\u003d\"MsoNormal\"\u003eSWAP 1040.0\u003c/p\u003e \n \n\u003cp\u003e\u003c/p\u003e \n \n \n\u003cp\u003e\u003c/p\u003e \n \n \n \u003cp class\u003d\"MsoNormal\"\u003eDEPO 0.00\u003c/p\u003e \n \n\u003cp\u003e\u003c/p\u003e \n \n \n\u003cp\u003e\u003c/p\u003e \n \n \n \u003cp class\u003d\"MsoNormal\"\u003e\u003c/p\u003e \n \n\u003cp\u003e\u0026nbsp;\u003c/p\u003e \n \n \n\u003cp\u003e\u003c/p\u003e \n \n \n \u003cp class\u003d\"MsoNormal\"\u003ePRICE TOTAL 2.4975% \u003cdivisa_prima begin\u003d\"215\" class\u003d\"extraction-tag ml-tag\" confidence\u003d\"1/14\" data-value\u003d\"USD\" end\u003d\"218\" ml-tagorder\u003d\"0\" score\u003d\"0.7521928442842601\" style\u003d\"border: 2px solid rgb(125, 157, 1);\" tabnumber\u003d\"0\" tagorder\u003d\"0\"\u003eUSD\u003c/divisa_prima\u003e\u003c/p\u003e \n \n\u003cp\u003e\u003c/p\u003e \n \n \n\u003cp\u003e\u003c/p\u003e \n \n \n \u003cp class\u003d\"MsoNormal\"\u003eE/S \u003cprecio begin\u003d\"227\" class\u003d\"extraction-tag ml-tag\" confidence\u003d\"1/14\" data-value\u003d\"1.24875\" end\u003d\"234\" ml-tagorder\u003d\"0\" score\u003d\"0.7713238542040085\" style\u003d\"border: 2px solid rgb(125, 157, 1);\" tabnumber\u003d\"0\" tagorder\u003d\"0\"\u003e1.24875\u003c/precio\u003e\u003c/p\u003e \n \n\u003cp\u003e\u003c/p\u003e \n \n \n\u003cp\u003e\u003c/p\u003e \n \n \n \u003cp class\u003d\"MsoNormal\"\u003ePREMV ALUE \u003cfecha_pago_prima begin\u003d\"250\" class\u003d\"extraction-tag ml-tag\" confidence\u003d\"1/14\" data-value\u003d\"12/11/2017\" end\u003d\"257\" ml-tagorder\u003d\"0\" score\u003d\"0.5042866658508005\" style\u003d\"border: 2px solid rgb(125, 157, 1);\" tabnumber\u003d\"0\" tagorder\u003d\"0\"\u003e11DEC17\u003c/fecha_pago_prima\u003e\u003c/p\u003e \n \n\u003cp\u003e\u003c/p\u003e \n \n \n\u003cp\u003e\u003c/p\u003e \n \n \n \u003cp class\u003d\"MsoNormal\"\u003e\u003c/p\u003e \n \n\u003cp\u003e\u0026nbsp;\u003c/p\u003e \n \n \n\u003cp\u003e\u003c/p\u003e \n \n \n \u003cp class\u003d\"MsoNormal\"\u003eHEDGE U SELL 1.0 MIO USD AT 19.1875 VAL 11DEC17\u003c/p\u003e \n \n\u003cp\u003e\u003c/p\u003e \n \n \n\u003cp\u003e\u003c/p\u003e \n \n \n \u003cp class\u003d\"MsoNormal\"\u003e\u003c/p\u003e \n \n\u003cp\u003e\u0026nbsp;\u003c/p\u003e \n \n \n\u003cp\u003e\u003c/p\u003e \n \n \n \u003cp class\u003d\"MsoNormal\"\u003eMXN PUT\u0026nbsp; \u003cuti_usi begin\u003d\"335\" class\u003d\"extraction-tag ml-tag\" confidence\u003d\"1/14\" data-value\u003d\"1010000283M035X20171108XFO003045412809X1XX\" end\u003d\"377\" ml-tagorder\u003d\"0\" score\u003d\"0.6650697094178483\" style\u003d\"border: 2px solid rgb(125, 157, 1);\" tabnumber\u003d\"0\" tagorder\u003d\"0\"\u003e1010000283M035X20171108XFO003045412809X1XX\u003c/uti_usi\u003e\u003c/p\u003e \n \n\u003cp\u003e\u003c/p\u003e \n \n \n\u003cp\u003e\u003c/p\u003e \n \n \n \u003cp class\u003d\"MsoNormal\"\u003eMXN \u003copcion1 begin\u003d\"386\" class\u003d\"extraction-tag ml-tag\" confidence\u003d\"1/14\" data-value\u003d\"CALL\" end\u003d\"391\" ml-tagorder\u003d\"0\" score\u003d\"0.493474108616376\" style\u003d\"border: 2px solid rgb(125, 157, 1);\" tabnumber\u003d\"0\" tagorder\u003d\"0\"\u003eCALL\u0026nbsp;\u003c/opcion1\u003e 1010000283M035X20171108XFO003045412809X2XX\u003c/p\u003e \n \n\u003cp\u003e\u003c/p\u003e \n \n \n\u003cp\u003e\u003c/p\u003e \n \n \n \u003cp class\u003d\"MsoNormal\"\u003e\u003c/p\u003e \n \n\u003cp\u003e\u0026nbsp;\u003c/p\u003e \n \n \n\u003cp\u003e\u003c/p\u003e \n \n \n \u003cp class\u003d\"MsoNormal\"\u003eRegards,\u003c/p\u003e \n \n\u003cp\u003e\u003c/p\u003e \n \n \n\u003cp\u003e\u003c/p\u003e \n \n \n \u003cp class\u003d\"MsoNormal\"\u003eThomas Purcell\u003cbr\u003e\u003c/br\u003e BGC Partners \u003cbr\u003e\u003c/br\u003e FX Options\u003cbr\u003e\u003c/br\u003e (212) 829-5497\u003c/p\u003e \n \n\u003cp\u003e\u003c/p\u003e \n \n \n\u003cp\u003e\u003c/p\u003e \n \n \n \u003cp class\u003d\"MsoNormal\"\u003e\u003cbr\u003e\u003c/br\u003e All transaction details sent to you are for your convenience only. All transactions are subject to final terms as indicated on the confirmation provided by BGC Derivatives Markets, LP\u003c/p\u003e \n \n\u003cp\u003e\u003c/p\u003e \n \n \n\u003cp\u003e\u003c/p\u003e \n \n \n \u003cp class\u003d\"MsoNormal\"\u003e\u003c/p\u003e \n \n\u003cp\u003e\u0026nbsp;\u003c/p\u003e \n \n \n\u003cp\u003e\u003c/p\u003e \n \n \n \u003c/div\u003e\n\n\n \u003chr\u003e\u003c/hr\u003ehttp://www.bgcpartners.com\u003cbr\u003e\u003c/br\u003e CONFIDENTIAL: This e-mail has been sent to you by one of the BGC entities (collectively BGC)\u003cbr\u003e\u003c/br\u003e Please see important legal information and disclaimer relating to this mail at the following links:\u003cbr\u003e\u003c/br\u003e \u003cbr\u003e\u003c/br\u003e http://www.bgcpartners.com/disclaimers/\u003cbr\u003e\u003c/br\u003e Please see for BGC Disclosures\u003cbr\u003e\u003c/br\u003e The link contains company and FCA registration numbers. This e-mail, including its contents and\u003cbr\u003e\u003c/br\u003e attachments, if any, are confidential. If you are not the named recipient please notify the sender 