{"finalScore":0.6935003344622065,"sumScore":11.78950568585751,"tagsCounter":17.0,"taggedText":"\u003cdocument\u003e\u003cstyle type\u003d\"text/css\"\u003e\u003c/style\u003e\u003cdiv\u003e\u003cdiv\u003e\u003ctable style\u003d\"user-select: auto;\"\u003e\u003ctbody\u003e\u003ctr\u003e\u003ctd\u003e\u003cdiv\u003e\u003cstrong\u003e\u003cem\u003e\u003cbase\u003e\u003c/base\u003e\u003cmeta content\u003d\"text-html; charset\u003dutf-8\"\u003e\u003c/meta\u003e\u003c/em\u003e\u003c/strong\u003e\u003c/div\u003e\n\u003c/td\u003e \n \u003ctd\u003e\u003ctable style\u003d\"user-select: auto;\"\u003e\u003ctbody\u003e\u003ctr\u003e\u003ctd\u003e\u003cdiv\u003e255 Greenwich Street, 4th Floor\u003c/div\u003e\n\n\n\u003cdiv\u003eNew York\u003c/div\u003e\n\n\n\u003cdiv\u003eNY 10007\u003c/div\u003e\n\n\n\u003cdiv\u003eTel: (212) 943-8100\u003c/div\u003e\n\n\n\u003c/td\u003e \n \n \n\u003c/tr\u003e \n \n \n\u003c/tbody\u003e\u003c/table\u003e\n\n\n\u003c/td\u003e \n \n \n\u003c/tr\u003e \n \n \n\u003ctr\u003e\u003ctd colspan\u003d\"3\"\u003e\u003cdiv\u003e\u003cstrong\u003e\u003cem\u003eCURRENCY OPTION CONFIRMATION\u003c/em\u003e\u003c/strong\u003e\u003c/div\u003e\n\n\n\u003c/td\u003e \n \n \n\u003c/tr\u003e \n \n \n\u003c/tbody\u003e\u003c/table\u003e\n\n\n\u003cdiv\u003e\u003ctable style\u003d\"user-select: auto;\"\u003e\u003ctbody\u003e\u003ctr\u003e\u003ctd\u003e\u003cdiv\u003eBanco Santander Madrid\u003c/div\u003e\n\n\n\u003c/td\u003e \n \n \n\u003ctd\u003e\u003cdiv\u003e\u003cstrong\u003eTFS Ref\u003c/strong\u003e\u003c/div\u003e\n\n\n\u003cdiv\u003e\u003cstrong\u003ePage\u003c/strong\u003e\u003c/div\u003e\n\n\n\u003cdiv\u003eDate\u003c/div\u003e\n\n\n\u003cdiv\u003eTime\u003c/div\u003e\n\n\n\u003c/td\u003e \n \n \n\u003ctd\u003e\u003cdiv\u003e\u003cstrong\u003e: 2612790/0/00\u003c/strong\u003e\u003c/div\u003e\n\n\n\u003cdiv\u003e\u003cstrong\u003e: \u003cspan\u003e1\u003c/span\u003e of 1\u003c/strong\u003e\u003c/div\u003e\n\n\n\u003cdiv\u003e: \u003cfecha_inicio begin\u003d\"211\" class\u003d\"extraction-tag ml-tag\" confidence\u003d\"1/18\" data-value\u003d\"10/26/2017\" end\u003d\"222\" ml-tagorder\u003d\"0\" score\u003d\"0.8245127029026588\" style\u003d\"border: 2px solid rgb(125, 157, 1);\" tabnumber\u003d\"0\" tagorder\u003d\"0\"\u003e26 Oct 2017\u003c/fecha_inicio\u003e\u003c/div\u003e\n\n\n\u003cdiv\u003e: 17:36:55 (UTC)\u003c/div\u003e\n\n\n\u003c/td\u003e \n \n \n\u003c/tr\u003e \n \n \n\u003c/tbody\u003e\u003c/table\u003e\n\n\n\u003c/div\u003e\n\n\n\u003cdiv\u003e\u003ctable style\u003d\"user-select: auto;\"\u003e\u003ctbody\u003e\u003ctr\u003e\u003ctd\u003e\u003cdiv\u003eEmail:\u003c/div\u003e\n\n\n\u003c/td\u003e \n \n \n\u003ctd\u003e\u003cdiv\u003efxoptions_operations@gruposantander.com\u003c/div\u003e\n\n\n\u003c/td\u003e \n \n \n\u003ctd\u003e\u003cdiv\u003eSEF.Email:\u003c/div\u003e\n\n\n\u003c/td\u003e \n \n \n\u003ctd\u003e\u003cdiv\u003efxoptions_operations@gruposantander.com\u003c/div\u003e\n\n\n\u003c/td\u003e \n \n \n\u003c/tr\u003e \n \n \n\u003ctr\u003e\u003ctd\u003e\u003cdiv\u003eExtDlvry:\u003c/div\u003e\n\n\n\u003c/td\u003e \n \n \n\u003ctd\u003e\u003cdiv\u003eNot Applicable\u003c/div\u003e\n\n\n\u003c/td\u003e \n \n \n\u003c/tr\u003e \n \n \n\u003c/tbody\u003e\u003c/table\u003e\n\n\n\u003c/div\u003e\n\n\n\u003c/div\u003e\n\n\n\u003c/div\u003e\n\n\n\u003cdiv\u003e\u003ctable style\u003d\"user-select: auto;\"\u003e\u003ctbody\u003e\u003ctr\u003e\u003ctd\u003e\u003cstrong\u003eSef Reportable\u003c/strong\u003e\u003c/td\u003e \n \n \n\u003c/tr\u003e \n \n \n\u003c/tbody\u003e\u003c/table\u003e\n\n\n\u003c/div\u003e\n\n\n\u003cdiv\u003eYes\u003c/div\u003e\n\n\n\u003cstrong\u003eSDR\u003c/strong\u003e\u003cdiv\u003eDTCC\u003c/div\u003e\n\n\n\u003cdiv\u003e\u003ctable style\u003d\"user-select: auto;\"\u003e\u003ctbody\u003e\u003ctr\u003e\u003ctd\u003e\u003cstrong\u003eOption Details\u003c/strong\u003e\u003c/td\u003e \n \n \n\u003c/tr\u003e \n \n \n\u003c/tbody\u003e\u003c/table\u003e\n\n\n\u003c/div\u003e\n\n\n\u003cdiv\u003e\u003cestrategia begin\u003d\"441\" class\u003d\"extraction-tag ml-tag\" confidence\u003d\"1/18\" data-value\u003d\"Buyer\" end\u003d\"446\" ml-tagorder\u003d\"0\" score\u003d\"0.696129331690838\" style\u003d\"border: 2px solid rgb(125, 157, 1);\" tabnumber\u003d\"0\" tagorder\u003d\"0\"\u003eBuyer\u003c/estrategia\u003e\u003c/div\u003e\n\n\n\u003cdiv\u003eBanco Santander Madrid\u003c/div\u003e\n\n\n\u003cdiv\u003eLEI\u003c/div\u003e\n\n\n\u003cdiv\u003e5493006QMFDDMYWIAM13\u003c/div\u003e\n\n\n\u003cdiv\u003eSeller\u003c/div\u003e\n\n\n\u003cdiv\u003eQtvcs Nxni he Kacfgstl Yavapg\u003c/div\u003e\n\n\n\u003cdiv\u003eLEI\u003c/div\u003e\n\n\n\u003cdiv\u003eRR3QWICWWIPCS8A4S074\u003c/div\u003e\n\n\n\u003cdiv\u003eCcy vs Ccy\u003c/div\u003e\n\n\n\u003cdiv\u003e\u003cdivisa1 begin\u003d\"568\" class\u003d\"extraction-tag ml-tag\" confidence\u003d\"1/18\" data-value\u003d\"USD\" end\u003d\"571\" ml-tagorder\u003d\"0\" score\u003d\"0.5827487382424847\" style\u003d\"border: 2px solid rgb(125, 157, 1);\" tabnumber\u003d\"0\" tagorder\u003d\"0\"\u003eUSD\u003c/divisa1\u003e vs \u003cdivisa2 begin\u003d\"575\" class\u003d\"extraction-tag ml-tag\" confidence\u003d\"1/18\" data-value\u003d\"CAD\" end\u003d\"578\" ml-tagorder\u003d\"0\" score\u003d\"0.5346192069769662\" style\u003d\"border: 2px solid rgb(125, 157, 1);\" tabnumber\u003d\"0\" tagorder\u003d\"0\"\u003eCAD\u003c/divisa2\u003e\u003c/div\u003e\n\n\n\u003cdiv\u003eOption\u003c/div\u003e\n\n\n\u003cdiv\u003eCAD \u003copcion1 begin\u003d\"590\" class\u003d\"extraction-tag ml-tag\" confidence\u003d\"1/18\" data-value\u003d\"CALL\" end\u003d\"594\" ml-tagorder\u003d\"0\" score\u003d\"0.6851530586031632\" style\u003d\"border: 2px solid rgb(125, 157, 1);\" tabnumber\u003d\"0\" tagorder\u003d\"0\"\u003eCall\u003c/opcion1\u003e\u003c/div\u003e\n\n\n\u003cdiv\u003eAmount\u003c/div\u003e\n\n\n\u003cdiv\u003eUSD \u003cnominal2 begin\u003d\"606\" class\u003d\"extraction-tag ml-tag\" confidence\u003d\"1/18\" data-value\u003d\"20000000,00\" end\u003d\"616\" ml-tagorder\u003d\"0\" score\u003d\"0.8321215068919228\" style\u003d\"border: 2px solid rgb(125, 157, 1);\" tabnumber\u003d\"0\" tagorder\u003d\"0\"\u003e\u003cnominal1 begin\u003d\"606\" class\u003d\"extraction-tag ml-tag\" confidence\u003d\"1/18\" data-value\u003d\"20000000,00\" end\u003d\"616\" ml-tagorder\u003d\"0\" score\u003d\"0.6263839878921678\" style\u003d\"border: 2px solid rgb(125, 157, 1);\" tabnumber\u003d\"0\" tagorder\u003d\"0\"\u003e20,000,000\u003c/nominal1\u003e\u003c/nominal2\u003e\u003c/div\u003e\n\n\n\u003cdiv\u003eExpiry\u003c/div\u003e\n\n\n\u003cdiv\u003eMon \u003cfecha_vencimiento begin\u003d\"628\" class\u003d\"extraction-tag ml-tag\" confidence\u003d\"1/18\" data-value\u003d\"10/30/2017\" end\u003d\"639\" ml-tagorder\u003d\"0\" score\u003d\"0.7173120100753735\" style\u003d\"border: 2px solid rgb(125, 157, 1);\" tabnumber\u003d\"0\" tagorder\u003d\"0\"\u003e30 Oct 2017\u003c/fecha_vencimiento\u003e\u003c/div\u003e\n\n\n\u003cdiv\u003e\u003ccash_delivery begin\u003d\"640\" class\u003d\"extraction-tag ml-tag\" confidence\u003d\"1/18\" data-value\u003d\"Delivery\" end\u003d\"648\" ml-tagorder\u003d\"0\" score\u003d\"0.6232719962759334\" style\u003d\"border: 2px solid rgb(125, 157, 1);\" tabnumber\u003d\"0\" tagorder\u003d\"0\"\u003eDelivery\u003c/cash_delivery\u003e\u003c/div\u003e\n\n\n\u003cdiv\u003eTue \u003cfecha_pago_vencimiento begin\u003d\"653\" class\u003d\"extraction-tag ml-tag\" confidence\u003d\"1/18\" data-value\u003d\"10/31/2017\" end\u003d\"664\" ml-tagorder\u003d\"0\" score\u003d\"0.7425171884599155\" style\u003d\"border: 2px solid rgb(125, 157, 1);\" tabnumber\u003d\"0\" tagorder\u003d\"0\"\u003e31 Oct 2017\u003c/fecha_pago_vencimiento\u003e\u003c/div\u003e\n\n\n\u003cdiv\u003eCut\u003c/div\u003e\n\n\n\u003cdiv\u003eNY 