{"finalScore":0.6887284205340628,"sumScore":11.708383149079067,"tagsCounter":17.0,"taggedText":"\u003cdocument\u003eTradition SEF, Inc. 255 Greenwich Street, 4th Floor New York NY 10007 Tel: (212) 943-8100 CURRENCY OPTION CONFIRMATION Banco Santander Madrid TFS Ref Page Date Time : 2605886/0/00 : 1 of 1 : \u003cfecha_inicio begin\u003d\"191\" class\u003d\"extraction-tag ml-tag\" confidence\u003d\"1/19\" data-value\u003d\"09/18/2017\" end\u003d\"202\" ml-tagorder\u003d\"0\" score\u003d\"0.8365062783677126\" style\u003d\"border: 2px solid rgb(125, 157, 1);\" tabnumber\u003d\"0\" tagorder\u003d\"0\"\u003e18 Sep 2017\u003c/fecha_inicio\u003e : 20:31:26 (UTC) Email: fxoptions_operations@gruposantander.com SEF.Email: fxoptions_operations@gruposantander.com ExtDlvry: Not Applicable Sef Reportable Yes SDR DTCC Option Details \u003cestrategia begin\u003d\"386\" class\u003d\"extraction-tag ml-tag\" confidence\u003d\"1/19\" data-value\u003d\"Buyer\" end\u003d\"391\" ml-tagorder\u003d\"0\" score\u003d\"0.5912446739426968\" style\u003d\"border: 2px solid rgb(125, 157, 1);\" tabnumber\u003d\"0\" tagorder\u003d\"0\"\u003eBuyer\u003c/estrategia\u003e Banco Santander Madrid LEI 5493006QMFDDMYWIAM13 Seller Commonwealth Bank of Australia Sydney LEI MSFSBD3QN1GSN7Q6C537 Ccy vs Ccy \u003cdivisa1 begin\u003d\"521\" class\u003d\"extraction-tag ml-tag\" confidence\u003d\"1/19\" data-value\u003d\"USD\" end\u003d\"524\" ml-tagorder\u003d\"0\" score\u003d\"0.5827487382424847\" style\u003d\"border: 2px solid rgb(125, 157, 1);\" tabnumber\u003d\"0\" tagorder\u003d\"0\"\u003eUSD\u003c/divisa1\u003e vs \u003cdivisa2 begin\u003d\"528\" class\u003d\"extraction-tag ml-tag\" confidence\u003d\"1/19\" data-value\u003d\"CAD\" end\u003d\"531\" ml-tagorder\u003d\"0\" score\u003d\"0.5346192069769662\" style\u003d\"border: 2px solid rgb(125, 157, 1);\" tabnumber\u003d\"0\" tagorder\u003d\"0\"\u003eCAD\u003c/divisa2\u003e Option CAD \u003copcion1 begin\u003d\"543\" class\u003d\"extraction-tag ml-tag\" confidence\u003d\"1/19\" data-value\u003d\"CALL\" end\u003d\"547\" ml-tagorder\u003d\"0\" score\u003d\"0.6944374965988643\" style\u003d\"border: 2px solid rgb(125, 157, 1);\" tabnumber\u003d\"0\" tagorder\u003d\"0\"\u003eCall\u003c/opcion1\u003e Amount USD \u003cnominal2 begin\u003d\"559\" class\u003d\"extraction-tag ml-tag\" confidence\u003d\"1/19\" data-value\u003d\"10000000,00\" end\u003d\"569\" ml-tagorder\u003d\"0\" score\u003d\"0.7081658872401974\" style\u003d\"border: 2px solid rgb(125, 157, 1);\" tabnumber\u003d\"0\" tagorder\u003d\"0\"\u003e\u003cnominal1 begin\u003d\"559\" class\u003d\"extraction-tag ml-tag\" confidence\u003d\"1/19\" data-value\u003d\"10000000,00\" end\u003d\"569\" ml-tagorder\u003d\"0\" score\u003d\"0.5907548911273443\" style\u003d\"border: 2px solid rgb(125, 157, 1);\" tabnumber\u003d\"0\" tagorder\u003d\"0\"\u003e10,000,000\u003c/nominal1\u003e\u003c/nominal2\u003e Expiry Fri \u003cfecha_vencimiento begin\u003d\"581\" class\u003d\"extraction-tag ml-tag\" confidence\u003d\"1/19\" data-value\u003d\"11/17/2017\" end\u003d\"592\" ml-tagorder\u003d\"0\" score\u003d\"0.7122229477163364\" style\u003d\"border: 2px solid rgb(125, 157, 1);\" tabnumber\u003d\"0\" tagorder\u003d\"0\"\u003e17 Nov 2017\u003c/fecha_vencimiento\u003e \u003ccash_delivery begin\u003d\"593\" class\u003d\"extraction-tag ml-tag\" confidence\u003d\"1/19\" data-value\u003d\"Delivery\" end\u003d\"601\" ml-tagorder\u003d\"0\" score\u003d\"0.696765992139417\" style\u003d\"border: 2px solid rgb(125, 157, 1);\" tabnumber\u003d\"0\" tagorder\u003d\"0\"\u003eDelivery\u003c/cash_delivery\u003e Mon \u003cfecha_pago_vencimiento begin\u003d\"606\" class\u003d\"extraction-tag ml-tag\" confidence\u003d\"1/19\" data-value\u003d\"11/20/2017\" end\u003d\"617\" ml-tagorder\u003d\"0\" score\u003d\"0.7357156107384127\" style\u003d\"border: 2px solid rgb(125, 157, 1);\" tabnumber\u003d\"0\" tagorder\u003d\"0\"\u003e20 Nov 2017\u003c/fecha_pago_vencimiento\u003e Cut NY 10:00 Style European Strike \u003cstrike_ begin\u003d\"653\" class\u003d\"extraction-tag ml-tag\" confidence\u003d\"1/19\" data-value\u003d\"1.1750\" end\u003d\"659\" ml-tagorder\u003d\"0\" score\u003d\"0.7115485303574247\" style\u003d\"border: 2px solid rgb(125, 157, 1);\" tabnumber\u003d\"0\" tagorder\u003d\"0\"\u003e1.1750\u003c/strike_\u003e Price % of USD (\u003cprecio begin\u003d\"676\" class\u003d\"extraction-tag ml-tag\" confidence\u003d\"1/19\" data-value\u003d\"0.1700\" end\u003d\"683\" ml-tagorder\u003d\"0\" score\u003d\"0.6649405668379336\" style\u003d\"border: 2px solid rgb(125, 157, 1);\" tabnumber\u003d\"0\" tagorder\u003d\"0\"\u003e0.1700%\u003c/precio\u003e) Premium \u003cdivisa_prima begin\u003d\"693\" class\u003d\"extraction-tag ml-tag\" confidence\u003d\"1/19\" data-value\u003d\"USD\" end\u003d\"696\" ml-tagorder\u003d\"0\" score\u003d\"0.7448053024538042\" style\u003d\"border: 2px solid rgb(125, 157, 1);\" tabnumber\u003d\"0\" tagorder\u003d\"0\"\u003eUSD\u003c/divisa_prima\u003e (\u003cprima begin\u003d\"698\" class\u003d\"extraction-tag ml-tag\" confidence\u003d\"1/19\" data-value\u003d\"17000,00\" end\u003d\"707\" ml-tagorder\u003d\"0\" score\u003d\"0.6846791189186644\" style\u003d\"border: 2px solid rgb(125, 157, 1);\" tabnumber\u003d\"0\" tagorder\u003d\"0\"\u003e17,000.00\u003c/prima\u003e) Premium Style \u003cspot_forward begin\u003d\"723\" class\u003d\"extraction-tag ml-tag\" confidence\u003d\"1/19\" data-value\u003d\"forward\" end\u003d\"730\" ml-tagorder\u003d\"0\" score\u003d\"0.7176862814083205\" style\u003d\"border: 2px solid rgb(125, 157, 1);\" tabnumber\u003d\"0\" tagorder\u003d\"0\"\u003eForward\u003c/spot_forward\u003e Vol 8.800% SEF Namespace 1010000286 Transaction Identifier BSECUFXO-2605886-1 USI \u003cuti_usi begin\u003d\"813\" class\u003d\"extraction-tag ml-tag\" confidence\u003d\"1/19\" data-value\u003d\"1010000286BSECUFXO-2605886-1\" end\u003d\"841\" ml-tagorder\u003d\"0\" score\u003d\"0.7799075802480477\" style\u003d\"border: 2px solid rgb(125, 157, 1);\" tabnumber\u003d\"0\" tagorder\u003d\"0\"\u003e1010000286BSECUFXO-2605886-1\u003c/uti_usi\u003e RCP Commonwealth Bank of Australia Sydney Premium Payment You pay USD 17,000.00 Value Date \u003cfecha_pago_prima begin\u003d\"933\" class\u003d\"extraction-tag ml-tag\" confidence\u003d\"1/19\" data-value\u003d\"11/20/2017\" end\u003d\"944\" ml-tagorder\u003d\"0\" score\u003d\"0.7216340457644372\" style\u003d\"border: 2px solid rgb(125, 157, 1);\" tabnumber\u003d\"0\" tagorder\u003d\"0\"\u003e20 Nov 2017\u003c/fecha_pago_prima\u003e Delta Payment Buyer Banco Santander Madrid Seller Commonwealth Bank of Australia Sydney Type USDCAD Forward Amount USD 1,000,000 Rate 1.22940 Value Date 20 Nov 2017 SEF Namespace 1010000286 Transaction Identifier BSECUFXO-2605886-2 USI 1010000286BSECUFXO-2605886-2 This Confirmation, together with any underlying previously-negotiated freestanding agreements between the counterparties (the \u0026ldquo;Terms Incorporated by Reference\u0026rdquo;) shall, taken together, comprise all of the terms of this uncleared Swap transaction. The counterparties to this transaction hereby agree that in the event of any conflict between the terms of this Confirmation and any underlying previously-negotiated freestanding agreement between the counterparties, the terms of this Confirmation shall legally supersede any contradictory term. Information contained on this Confirmation shall be considered confidential by and between the counterparties to the transaction, Tradition SEF, and any relevant service providers to Tradition SEF or counterparties, and is not for dissemination outside of those relationships with the exception of any applicable regulatory requirements or any other requirement of legal process or law. Counterparties to this transaction may communicate between themselves bilaterally any of the terms that are contained in the underlying agreements that are not included in the Confirmation; provided, however, that no term of the Confirmation shall 