{"finalScore":0.6893931042231086,"sumScore":11.030289667569738,"tagsCounter":16.0,"taggedText":"\u003cdocument\u003eTradition SEF, Inc. 255 Greenwich Street, 4th Floor New York NY 10007 Tel: (212) 943-8100 CURRENCY OPTION CONFIRMATION Banco Santander Madrid TFS Ref Page Date Time : 2613039/0/00 : 1 of 1 : \u003cfecha_inicio begin\u003d\"191\" class\u003d\"extraction-tag ml-tag\" confidence\u003d\"1/17\" data-value\u003d\"10/27/2017\" end\u003d\"202\" ml-tagorder\u003d\"0\" score\u003d\"0.8008338212391535\" style\u003d\"border: 2px solid rgb(125, 157, 1);\" tabnumber\u003d\"0\" tagorder\u003d\"0\"\u003e27 Oct 2017\u003c/fecha_inicio\u003e : 14:46:49 (UTC) Email: fxoptions_operations@gruposantander.com SEF.Email: fxoptions_operations@gruposantander.com ExtDlvry: Not Applicable Sef Reportable Yes SDR DTCC Option Details \u003cestrategia begin\u003d\"386\" class\u003d\"extraction-tag ml-tag\" confidence\u003d\"1/17\" data-value\u003d\"Buyer\" end\u003d\"391\" ml-tagorder\u003d\"0\" score\u003d\"0.5912446739426968\" style\u003d\"border: 2px solid rgb(125, 157, 1);\" tabnumber\u003d\"0\" tagorder\u003d\"0\"\u003eBuyer\u003c/estrategia\u003e Banco Santander Madrid LEI 5493006QMFDDMYWIAM13 Seller Bank of Nova Scotia LEI L3I9ZG2KFGXZ61BMYR72 Ccy vs Ccy \u003cdivisa1 begin\u003d\"503\" class\u003d\"extraction-tag ml-tag\" confidence\u003d\"1/17\" data-value\u003d\"USD\" end\u003d\"506\" ml-tagorder\u003d\"0\" score\u003d\"0.5827487382424847\" style\u003d\"border: 2px solid rgb(125, 157, 1);\" tabnumber\u003d\"0\" tagorder\u003d\"0\"\u003eUSD\u003c/divisa1\u003e vs \u003cdivisa2 begin\u003d\"510\" class\u003d\"extraction-tag ml-tag\" confidence\u003d\"1/17\" data-value\u003d\"CAD\" end\u003d\"513\" ml-tagorder\u003d\"0\" score\u003d\"0.5346192069769662\" style\u003d\"border: 2px solid rgb(125, 157, 1);\" tabnumber\u003d\"0\" tagorder\u003d\"0\"\u003eCAD\u003c/divisa2\u003e Option CAD \u003copcion1 begin\u003d\"525\" class\u003d\"extraction-tag ml-tag\" confidence\u003d\"1/17\" data-value\u003d\"PUT\" end\u003d\"528\" ml-tagorder\u003d\"0\" score\u003d\"0.6859659516692117\" style\u003d\"border: 2px solid rgb(125, 157, 1);\" tabnumber\u003d\"0\" tagorder\u003d\"0\"\u003ePut\u003c/opcion1\u003e Amount USD \u003cnominal1 begin\u003d\"540\" class\u003d\"extraction-tag ml-tag\" confidence\u003d\"1/17\" data-value\u003d\"20000000,00\" end\u003d\"550\" ml-tagorder\u003d\"0\" score\u003d\"0.7427680457153912\" style\u003d\"border: 2px solid rgb(125, 157, 1);\" tabnumber\u003d\"0\" tagorder\u003d\"0\"\u003e20,000,000\u003c/nominal1\u003e Expiry Tue \u003cfecha_vencimiento begin\u003d\"562\" class\u003d\"extraction-tag ml-tag\" confidence\u003d\"1/17\" data-value\u003d\"10/31/2017\" end\u003d\"573\" ml-tagorder\u003d\"0\" score\u003d\"0.7089911764591676\" style\u003d\"border: 2px solid rgb(125, 157, 1);\" tabnumber\u003d\"0\" tagorder\u003d\"0\"\u003e31 Oct 2017\u003c/fecha_vencimiento\u003e \u003ccash_delivery begin\u003d\"574\" class\u003d\"extraction-tag ml-tag\" confidence\u003d\"1/17\" data-value\u003d\"Delivery\" end\u003d\"582\" ml-tagorder\u003d\"0\" score\u003d\"0.6098195816710904\" style\u003d\"border: 2px solid rgb(125, 157, 1);\" tabnumber\u003d\"0\" tagorder\u003d\"0\"\u003eDelivery\u003c/cash_delivery\u003e Wed \u003cfecha_pago_vencimiento begin\u003d\"587\" class\u003d\"extraction-tag ml-tag\" confidence\u003d\"1/17\" data-value\u003d\"11/01/2017\" end\u003d\"598\" ml-tagorder\u003d\"0\" score\u003d\"0.7330771707965763\" style\u003d\"border: 2px solid rgb(125, 157, 1);\" tabnumber\u003d\"0\" tagorder\u003d\"0\"\u003e01 Nov 2017\u003c/fecha_pago_vencimiento\u003e Cut NY 10:00 Style European Strike \u003cstrike_ begin\u003d\"634\" class\u003d\"extraction-tag ml-tag\" confidence\u003d\"1/17\" data-value\u003d\"1.2890\" end\u003d\"640\" ml-tagorder\u003d\"0\" score\u003d\"0.722264874675719\" style\u003d\"border: 2px solid rgb(125, 157, 1);\" tabnumber\u003d\"0\" tagorder\u003d\"0\"\u003e1.2890\u003c/strike_\u003e Price % of USD (\u003cprecio begin\u003d\"657\" class\u003d\"extraction-tag ml-tag\" confidence\u003d\"1/17\" data-value\u003d\"0.2250\" end\u003d\"664\" ml-tagorder\u003d\"0\" score\u003d\"0.642823295362069\" style\u003d\"border: 2px solid rgb(125, 157, 1);\" tabnumber\u003d\"0\" tagorder\u003d\"0\"\u003e0.2250%\u003c/precio\u003e) Premium \u003cdivisa_prima begin\u003d\"674\" class\u003d\"extraction-tag ml-tag\" confidence\u003d\"1/17\" data-value\u003d\"USD\" end\u003d\"677\" ml-tagorder\u003d\"0\" score\u003d\"0.7398404353785173\" style\u003d\"border: 2px solid rgb(125, 157, 1);\" tabnumber\u003d\"0\" tagorder\u003d\"0\"\u003eUSD\u003c/divisa_prima\u003e (\u003cprima begin\u003d\"679\" class\u003d\"extraction-tag ml-tag\" confidence\u003d\"1/17\" data-value\u003d\"45000,00\" end\u003d\"688\" ml-tagorder\u003d\"0\" score\u003d\"0.722167324580859\" style\u003d\"border: 2px solid rgb(125, 157, 1);\" tabnumber\u003d\"0\" tagorder\u003d\"0\"\u003e45,000.00\u003c/prima\u003e) Premium Style \u003cspot_forward begin\u003d\"704\" class\u003d\"extraction-tag ml-tag\" confidence\u003d\"1/17\" data-value\u003d\"forward\" end\u003d\"711\" ml-tagorder\u003d\"0\" score\u003d\"0.7176862814083205\" style\u003d\"border: 2px solid rgb(125, 157, 1);\" tabnumber\u003d\"0\" tagorder\u003d\"0\"\u003eForward\u003c/spot_forward\u003e Vol 6.750% SEF Namespace 1010000286 Transaction Identifier BSECUFXO-2613039-1 USI \u003cuti_usi begin\u003d\"794\" class\u003d\"extraction-tag ml-tag\" confidence\u003d\"1/17\" data-value\u003d\"1010000286BSECUFXO-2613039-1\" end\u003d\"822\" ml-tagorder\u003d\"0\" score\u003d\"0.7715455454266278\" style\u003d\"border: 2px solid rgb(125, 157, 1);\" tabnumber\u003d\"0\" tagorder\u003d\"0\"\u003e1010000286BSECUFXO-2613039-1\u003c/uti_usi\u003e RCP Bank of Nova Scotia Premium Payment You pay USD 45,000.00 Value Date \u003cfecha_pago_prima begin\u003d\"896\" class\u003d\"extraction-tag ml-tag\" confidence\u003d\"1/17\" data-value\u003d\"11/01/2017\" end\u003d\"907\" ml-tagorder\u003d\"0\" score\u003d\"0.7238935440248835\" style\u003d\"border: 2px solid rgb(125, 157, 1);\" tabnumber\u003d\"0\" tagorder\u003d\"0\"\u003e01 Nov 2017\u003c/fecha_pago_prima\u003e Delta Payment Buyer Bank of Nova Scotia Seller Banco Santander Madrid Type USDCAD Forward Amount USD 8,600,000 Rate 1.28745 Value Date 01 Nov 2017 SEF Namespace 1010000286 Transaction Identifier BSECUFXO-2613039-2 USI 1010000286BSECUFXO-2613039-2 This Confirmation, together with any underlying previously-negotiated freestanding agreements between the counterparties (the \u0026ldquo;Terms Incorporated by Reference\u0026rdquo;) shall, taken together, comprise all of the terms of this uncleared Swap transaction. The counterparties to this transaction hereby agree that in the event of any conflict between the terms of this Confirmation and any underlying previously-negotiated freestanding agreement between the counterparties, the terms of this Confirmation shall legally supersede any contradictory term. Information contained on this Confirmation shall be considered confidential by and between the counterparties to the transaction, Tradition SEF, and any relevant service providers to Tradition SEF or counterparties, and is not for dissemination outside of those relationships with the exception of any applicable regulatory requirements or any other requirement of legal process or law. Counterparties to this transaction may communicate between themselves bilaterally any of the terms that are contained in the underlying agreements that are not included in the Confirmation; provided, however, that no term of the Confirmation shall be invalidated by such bilateral communication. _____ The information herein may have been obtained from various sources. Any opinion expressed may be that of the sender only, is subject to change without notice and should be independently evaluated. Nothing herein constitutes investment advice or an offer, or solicitation of an offer, to buy or sell any financial product. 