{"finalScore":0.6963830922873561,"sumScore":16.713194214896546,"tagsCounter":24.0,"taggedText":"\u003cdocument\u003eTFS-ICAP London VAT Registered Number 766 0854 05 Beaufort House 15 St. Botolph Street London EC3A 7QX Tel: 020 7198 1500 CURRENCY OPTION CONFIRMATION Banco Santander S.A. TFS Ref Page Date Time Trader : 2627492/0/00 : 1 of 1 : \u003cfecha_inicio begin\u003d\"228\" class\u003d\"extraction-tag ml-tag\" confidence\u003d\"1/19\" data-value\u003d\"01/24/2018\" end\u003d\"239\" ml-tagorder\u003d\"0\" score\u003d\"0.7794508316854821\" style\u003d\"border: 2px solid rgb(125, 157, 1);\" tabnumber\u003d\"0\" tagorder\u003d\"0\"\u003e24 Jan 2018\u003c/fecha_inicio\u003e : 15:24:17.810 (UTC) : Howard Buckley Email: fxoptionsmadrid@gruposantander.com ExtDlvry: Not Applicable SEF Reportable No Venue Details MIC: FXOP Type: OTF Option Details Buyer Royal Bank of Canada Toronto LEI ES7IP3U3RHIGC71XBU11 \u003cestrategia begin\u003d\"472\" class\u003d\"extraction-tag ml-tag\" confidence\u003d\"1/19\" data-value\u003d\"Seller\" end\u003d\"478\" ml-tagorder\u003d\"0\" score\u003d\"0.7893966836498135\" style\u003d\"border: 2px solid rgb(125, 157, 1);\" tabnumber\u003d\"0\" tagorder\u003d\"0\"\u003eSeller\u003c/estrategia\u003e Banco Santander S.A. LEI 5493006QMFDDMYWIAM13 Ccy vs Ccy \u003cdivisa1 begin\u003d\"536\" class\u003d\"extraction-tag ml-tag\" confidence\u003d\"1/19\" data-value\u003d\"EUR\" end\u003d\"539\" ml-tagorder\u003d\"0\" score\u003d\"0.5666004102587253\" style\u003d\"border: 2px solid rgb(125, 157, 1);\" tabnumber\u003d\"0\" tagorder\u003d\"0\"\u003eEUR\u003c/divisa1\u003e vs \u003cdivisa2 begin\u003d\"543\" class\u003d\"extraction-tag ml-tag\" confidence\u003d\"1/19\" data-value\u003d\"USD\" end\u003d\"546\" ml-tagorder\u003d\"0\" score\u003d\"0.764148647832058\" style\u003d\"border: 2px solid rgb(125, 157, 1);\" tabnumber\u003d\"0\" tagorder\u003d\"0\"\u003eUSD\u003c/divisa2\u003e Option \u003ctipo_de_opcion begin\u003d\"554\" class\u003d\"extraction-tag ml-tag\" confidence\u003d\"1/19\" data-value\u003d\"STRADDLE\" end\u003d\"562\" ml-tagorder\u003d\"0\" score\u003d\"0.7152464851425594\" style\u003d\"border: 2px solid rgb(125, 157, 1);\" tabnumber\u003d\"0\" tagorder\u003d\"0\"\u003eSTRADDLE\u003c/tipo_de_opcion\u003e Amount EUR \u003cnominal1 begin\u003d\"574\" class\u003d\"extraction-tag ml-tag\" confidence\u003d\"1/19\" data-value\u003d\"10000000,00\" end\u003d\"584\" ml-tagorder\u003d\"0\" score\u003d\"0.7337964863532451\" style\u003d\"border: 2px solid rgb(125, 157, 1);\" tabnumber\u003d\"0\" tagorder\u003d\"0\"\u003e10,000,000\u003c/nominal1\u003e / Leg Expiry Thu \u003cfecha_vencimiento begin\u003d\"602\" class\u003d\"extraction-tag ml-tag\" confidence\u003d\"1/19\" data-value\u003d\"01/23/2020\" end\u003d\"613\" ml-tagorder\u003d\"0\" score\u003d\"0.7496811200252298\" style\u003d\"border: 2px solid rgb(125, 157, 1);\" tabnumber\u003d\"0\" tagorder\u003d\"0\"\u003e23 Jan 2020\u003c/fecha_vencimiento\u003e \u003ccash_delivery begin\u003d\"614\" class\u003d\"extraction-tag ml-tag\" confidence\u003d\"1/19\" data-value\u003d\"Delivery\" end\u003d\"622\" ml-tagorder\u003d\"0\" score\u003d\"0.5967559266473281\" style\u003d\"border: 2px solid rgb(125, 157, 1);\" tabnumber\u003d\"0\" tagorder\u003d\"0\"\u003eDelivery\u003c/cash_delivery\u003e Mon \u003cfecha_pago_vencimiento begin\u003d\"627\" class\u003d\"extraction-tag ml-tag\" confidence\u003d\"1/19\" data-value\u003d\"01/27/2020\" end\u003d\"638\" ml-tagorder\u003d\"0\" score\u003d\"0.7034213901701241\" style\u003d\"border: 2px solid rgb(125, 157, 1);\" tabnumber\u003d\"0\" tagorder\u003d\"0\"\u003e27 Jan 2020\u003c/fecha_pago_vencimiento\u003e Cut NY 10:00 Style European Strike \u003cstrike_ begin\u003d\"674\" class\u003d\"extraction-tag ml-tag\" confidence\u003d\"1/19\" data-value\u003d\"1.3180\" end\u003d\"680\" ml-tagorder\u003d\"0\" score\u003d\"0.7191955647657615\" style\u003d\"border: 2px solid rgb(125, 157, 1);\" tabnumber\u003d\"0\" tagorder\u003d\"0\"\u003e1.3180\u003c/strike_\u003e Call/Put \u003cdivisa1 begin\u003d\"690\" class\u003d\"extraction-tag ml-tag\" confidence\u003d\"1/19\" data-value\u003d\"EUR\" end\u003d\"693\" ml-tagorder\u003d\"1\" score\u003d\"0.5449669348274072\" style\u003d\"border: 2px solid rgb(125, 157, 1);\" tabnumber\u003d\"1\" tagorder\u003d\"1\"\u003eEUR\u003c/divisa1\u003e \u003copcion1 begin\u003d\"694\" class\u003d\"extraction-tag ml-tag\" confidence\u003d\"1/19\" data-value\u003d\"PUT\" end\u003d\"697\" ml-tagorder\u003d\"0\" score\u003d\"0.7858300904318916\" style\u003d\"border: 2px solid rgb(125, 157, 1);\" tabnumber\u003d\"0\" tagorder\u003d\"0\"\u003ePut\u003c/opcion1\u003e EUR \u003copcion2 begin\u003d\"702\" class\u003d\"extraction-tag ml-tag\" confidence\u003d\"1/19\" data-value\u003d\"CALL\" end\u003d\"706\" ml-tagorder\u003d\"0\" score\u003d\"0.5488368222348635\" style\u003d\"border: 2px solid rgb(125, 157, 1);\" tabnumber\u003d\"0\" tagorder\u003d\"0\"\u003e\u003copcion1 begin\u003d\"702\" class\u003d\"extraction-tag ml-tag\" confidence\u003d\"1/19\" data-value\u003d\"CALL\" end\u003d\"706\" ml-tagorder\u003d\"1\" score\u003d\"0.7030526568047486\" style\u003d\"border: 2px solid rgb(125, 157, 1);\" tabnumber\u003d\"1\" tagorder\u003d\"1\"\u003eCall\u003c/opcion1\u003e\u003c/opcion2\u003e Price \u003cprecio begin\u003d\"713\" class\u003d\"extraction-tag ml-tag\" confidence\u003d\"1/19\" data-value\u003d\"6.2225\" end\u003d\"732\" ml-tagorder\u003d\"0\" score\u003d\"0.6416385208365272\" style\u003d\"border: 2px solid rgb(125, 157, 1);\" tabnumber\u003d\"0\" tagorder\u003d\"0\"\u003eUSD per1 EUR 622.25\u003c/precio\u003e \u003cprecio begin\u003d\"733\" class\u003d\"extraction-tag ml-tag\" confidence\u003d\"1/19\" data-value\u003d\"5.42\" end\u003d\"752\" ml-tagorder\u003d\"1\" score\u003d\"0.7035353152935186\" style\u003d\"border: 2px solid rgb(125, 157, 1);\" tabnumber\u003d\"1\" tagorder\u003d\"1\"\u003eUSD per1 EUR 542.00\u003c/precio\u003e Total Price USD per1 EUR 1164.25 Premium \u003cdivisa_prima begin\u003d\"794\" class\u003d\"extraction-tag ml-tag\" confidence\u003d\"1/19\" data-value\u003d\"USD\" end\u003d\"797\" ml-tagorder\u003d\"0\" score\u003d\"0.6891378771273506\" style\u003d\"border: 2px solid rgb(125, 157, 1);\" tabnumber\u003d\"0\" tagorder\u003d\"0\"\u003eUSD\u003c/divisa_prima\u003e \u003cprima begin\u003d\"798\" class\u003d\"extraction-tag ml-tag\" confidence\u003d\"1/19\" data-value\u003d\"622250,00\" end\u003d\"808\" ml-tagorder\u003d\"0\" score\u003d\"0.6480077497720361\" style\u003d\"border: 2px solid rgb(125, 157, 1);\" tabnumber\u003d\"0\" tagorder\u003d\"0\"\u003e622,250.00\u003c/prima\u003e \u003cdivisa_prima begin\u003d\"809\" class\u003d\"extraction-tag ml-tag\" confidence\u003d\"1/19\" data-value\u003d\"USD\" end\u003d\"812\" ml-tagorder\u003d\"1\" score\u003d\"0.6550902982253418\" style\u003d\"border: 2px solid rgb(125, 157, 1);\" tabnumber\u003d\"1\" tagorder\u003d\"1\"\u003eUSD\u003c/divisa_prima\u003e \u003cprima begin\u003d\"813\" class\u003d\"extraction-tag ml-tag\" confidence\u003d\"1/19\" data-value\u003d\"542000,00\" end\u003d\"823\" ml-tagorder\u003d\"1\" score\u003d\"0.7642070214385068\" style\u003d\"border: 2px solid rgb(125, 157, 1);\" tabnumber\u003d\"1\" tagorder\u003d\"1\"\u003e542,000.00\u003c/prima\u003e Premium Style \u003cspot_forward begin\u003d\"838\" class\u003d\"extraction-tag ml-tag\" confidence\u003d\"1/19\" data-value\u003d\"forward\" end\u003d\"845\" ml-tagorder\u003d\"0\" score\u003d\"0.7176862814083205\" style\u003d\"border: 2px solid rgb(125, 157, 1);\" tabnumber\u003d\"0\" tagorder\u003d\"0\"\u003eForward\u003c/spot_forward\u003e Vol 7.850% ISIN EZ6GFBS388R3 EZ82LQ9VB2S4 Transaction Identifier BSECUFXOZ2627492Z1 BSECUFXOZ2627492Z2 UTI \u003cuti_usi begin\u003d\"953\" class\u003d\"extraction-tag ml-tag\" confidence\u003d\"1/19\" data-value\u003d\"1010000286BSECUFXOZ2627492Z1\" end\u003d\"981\" ml-tagorder\u003d\"0\" score\u003d\"0.6677366361626232\" style\u003d\"border: 2px 