{"finalScore":0.7177315437013374,"sumScore":10.765973155520062,"tagsCounter":15.0,"taggedText":"\u003cdocument\u003e\u003cstyle type\u003d\"text/css\"\u003e\u003c/style\u003e\u003cdiv\u003e\u003cp\u003e\u003cestrategia begin\u003d\"20\" class\u003d\"extraction-tag ml-tag\" confidence\u003d\"1/16\" data-value\u003d\"sold\" end\u003d\"24\" ml-tagorder\u003d\"0\" score\u003d\"0.7477922847946927\" style\u003d\"border: 2px solid rgb(125, 157, 1);\" tabnumber\u003d\"0\" tagorder\u003d\"0\"\u003e\u003cbase\u003e\u003c/base\u003e\u003cmeta content\u003d\"text-html; charset\u003dutf-8\"\u003e\u003c/meta\u003esold\u003c/estrategia\u003e European Option.\u003c/p\u003e \n \n \n\u003cp\u003eOption type: \u003cdivisa1 begin\u003d\"56\" class\u003d\"extraction-tag ml-tag\" confidence\u003d\"1/16\" data-value\u003d\"GBP\" end\u003d\"59\" ml-tagorder\u003d\"0\" score\u003d\"0.5570183997289766\" style\u003d\"border: 2px solid rgb(125, 157, 1);\" tabnumber\u003d\"0\" tagorder\u003d\"0\"\u003eGBP\u003c/divisa1\u003e \u003copcion1 begin\u003d\"60\" class\u003d\"extraction-tag ml-tag\" confidence\u003d\"1/16\" data-value\u003d\"PUT\" end\u003d\"63\" ml-tagorder\u003d\"0\" score\u003d\"0.7166636834417218\" style\u003d\"border: 2px solid rgb(125, 157, 1);\" tabnumber\u003d\"0\" tagorder\u003d\"0\"\u003ePut\u003c/opcion1\u003e / \u003cdivisa2 begin\u003d\"66\" class\u003d\"extraction-tag ml-tag\" confidence\u003d\"1/16\" data-value\u003d\"CHF\" end\u003d\"69\" ml-tagorder\u003d\"0\" score\u003d\"0.6694168040311319\" style\u003d\"border: 2px solid rgb(125, 157, 1);\" tabnumber\u003d\"0\" tagorder\u003d\"0\"\u003eCHF\u003c/divisa2\u003e \u003copcion2 begin\u003d\"70\" class\u003d\"extraction-tag ml-tag\" confidence\u003d\"1/16\" data-value\u003d\"CALL\" end\u003d\"74\" ml-tagorder\u003d\"0\" score\u003d\"0.7336183743840571\" style\u003d\"border: 2px solid rgb(125, 157, 1);\" tabnumber\u003d\"0\" tagorder\u003d\"0\"\u003eCall\u003c/opcion2\u003e.\u003c/p\u003e \n \n \n\u003cp\u003eNotional: GBP \u003cnominal1 begin\u003d\"91\" class\u003d\"extraction-tag ml-tag\" confidence\u003d\"1/16\" data-value\u003d\"25000000,00\" end\u003d\"101\" ml-tagorder\u003d\"0\" score\u003d\"0.7174837870200717\" style\u003d\"border: 2px solid rgb(125, 157, 1);\" tabnumber\u003d\"0\" tagorder\u003d\"0\"\u003e25,000,000\u003c/nominal1\u003e / CHF \u003cnominal2 begin\u003d\"108\" class\u003d\"extraction-tag ml-tag\" confidence\u003d\"1/16\" data-value\u003d\"30825000,00\" end\u003d\"118\" ml-tagorder\u003d\"0\" score\u003d\"0.7370603791858187\" style\u003d\"border: 2px solid rgb(125, 157, 1);\" tabnumber\u003d\"0\" tagorder\u003d\"0\"\u003e30,825,000\u003c/nominal2\u003e.\u003c/p\u003e \n \n \n\u003cp\u003eSpot Ref: 1.2355.\u003c/p\u003e \n \n \n\u003cp\u003eStrike: \u003cstrike_ begin\u003d\"148\" class\u003d\"extraction-tag ml-tag\" confidence\u003d\"1/16\" data-value\u003d\"1.233\" end\u003d\"153\" ml-tagorder\u003d\"0\" score\u003d\"0.7520738503867279\" style\u003d\"border: 2px solid rgb(125, 157, 1);\" tabnumber\u003d\"0\" tagorder\u003d\"0\"\u003e1.233\u003c/strike_\u003e.\u003c/p\u003e \n \n \n\u003cp\u003eExpiration Date: \u003cfecha_vencimiento begin\u003d\"173\" class\u003d\"extraction-tag ml-tag\" confidence\u003d\"1/16\" data-value\u003d\"07/27/2017\" end\u003d\"180\" ml-tagorder\u003d\"0\" score\u003d\"0.7087243442415266\" style\u003d\"border: 2px solid rgb(125, 157, 1);\" tabnumber\u003d\"0\" tagorder\u003d\"0\"\u003e27Jul17\u003c/fecha_vencimiento\u003e.\u003c/p\u003e \n \n \n\u003cp\u003eExpiration time: NYC 10:00 am (15:00 pm LDN time).\u003c/p\u003e \n \n \n\u003cp\u003eExpiration Settlement Date: \u003cfecha_pago_vencimiento begin\u003d\"263\" class\u003d\"extraction-tag ml-tag\" confidence\u003d\"1/16\" data-value\u003d\"07/31/2017\" end\u003d\"270\" ml-tagorder\u003d\"0\" score\u003d\"0.7126957100875856\" style\u003d\"border: 2px solid rgb(125, 157, 1);\" tabnumber\u003d\"0\" tagorder\u003d\"0\"\u003e31Jul17\u003c/fecha_pago_vencimiento\u003e.\u003c/p\u003e \n \n \n\u003cp\u003ePrice: \u003cprecio begin\u003d\"280\" class\u003d\"extraction-tag ml-tag\" confidence\u003d\"1/16\" data-value\u003d\"0.2776\" end\u003d\"287\" ml-tagorder\u003d\"0\" score\u003d\"0.7852499255203954\" style\u003d\"border: 2px solid rgb(125, 157, 1);\" tabnumber\u003d\"0\" tagorder\u003d\"0\"\u003e0.2776%\u003c/precio\u003e of GBP.\u003c/p\u003e \n \n \n\u003cp\u003ePremium: \u003cdivisa_prima begin\u003d\"306\" class\u003d\"extraction-tag ml-tag\" confidence\u003d\"1/16\" data-value\u003d\"GBP\" end\u003d\"309\" ml-tagorder\u003d\"0\" score\u003d\"0.7844758809297319\" style\u003d\"border: 2px solid rgb(125, 157, 1);\" tabnumber\u003d\"0\" tagorder\u003d\"0\"\u003eGBP\u003c/divisa_prima\u003e \u003cprima begin\u003d\"310\" class\u003d\"extraction-tag ml-tag\" confidence\u003d\"1/16\" data-value\u003d\"69400,00\" end\u003d\"316\" ml-tagorder\u003d\"0\" score\u003d\"0.7749904463061791\" style\u003d\"border: 2px solid rgb(125, 157, 1);\" tabnumber\u003d\"0\" tagorder\u003d\"0\"\u003e69,400\u003c/prima\u003e.\u003c/p\u003e \n \n \n\u003cp\u003ePremium payment date: \u003cfecha_pago_prima begin\u003d\"341\" class\u003d\"extraction-tag ml-tag\" confidence\u003d\"1/16\" data-value\u003d\"07/25/2017\" end\u003d\"348\" ml-tagorder\u003d\"0\" score\u003d\"0.7275673028572414\" style\u003d\"border: 2px solid rgb(125, 157, 1);\" tabnumber\u003d\"0\" tagorder\u003d\"0\"\u003e25Jul17\u003c/fecha_pago_prima\u003e.\u003c/p\u003e \n \n \n\u003cp\u003eCash/Physical: \u003ccash_delivery begin\u003d\"366\" class\u003d\"extraction-tag ml-tag\" confidence\u003d\"1/16\" data-value\u003d\"\" end\u003d\"374\" ml-tagorder\u003d\"0\" score\u003d\"0.6411419826042042\" style\u003d\"border: 2px solid rgb(125, 157, 1);\" tabnumber\u003d\"0\" tagorder\u003d\"0\"\u003ePhysical\u003c/cash_delivery\u003e.\u003c/p\u003e \n \n \n\u003cp\u003eExternal Trade ID: SDBB7MT333479GSG4Q.\u003c/p\u003e \n \n \n\u003cp\u003e\u003c/p\u003e \n \n \n\u003cp\u003eSpot Delta Hedge \u003d\u0026gt; SANTANDER TESORERIA sold 10,000,000 GBP vs. CHF at 1.2355 value 25 JUL 17.\u003c/p\u003e \n \n \n\u003cp\u003e\u003c/p\u003e \n \n \n\u003cp\u003e\u003cspan\u003eNeil Bardsley\u003c/span\u003e\u003c/p\u003e \n \n \n\u003cp\u003e\u003cspan\u003eFx Options Trading\u003c/span\u003e\u003c/p\u003e \n \n \n\u003cp\u003e\u003cspan\u003e++44207 7567241\u003c/span\u003e\u003c/p\u003e \n \n \n\u003cp\u003e\u003c/p\u003e \n \n \n\u003c/div\u003e\n\n\n\u003cmeta-manual-answer data-code\u003d\"id_operacion\" data-na\u003d\"true\"\u003e\u003c/meta-manual-answer\u003e\u003cmeta-manual-answer data-code\u003d\"contrapartida\" data-na\u003d\"true\" tabnumber\u003d\"0\"\u003e\u003c/meta-manual-answer\u003e\u003cmeta-manual-answer data-code\u003d\"contrapartida_corta\" data-na\u003d\"true\" tabnumber\u003d\"0\"\u003e\u003c/meta-manual-answer\u003e\u003cmeta-manual-answer data-code\u003d\"tipo_de_opcion\" data-na\u003d\"true\" tabnumber\u003d\"0\"\u003e\u003c/meta-manual-answer\u003e\u003cmeta-manual-answer data-code\u003d\"fecha_inicio\" data-na\u003d\"true\" tabnumber\u003d\"0\"\u003e\u003c/meta-manual-answer\u003e\u003cmeta-manual-answer data-code\u003d\"uti_usi\" data-na\u003d\"true\" tabnumber\u003d\"0\"\u003e\u003c/meta-manual-answer\u003e\u003cmeta-manual-answer data-code\u003d\"cash_delivery\" data-na\u003d\"true\" tabnumber\u003d\"0\"\u003e\u003c/meta-manual-answer\u003e\u003cmeta-manual-answer data-code\u003d\"barrier\" data-na\u003d\"true\" tabnumber\u003d\"0\"\u003e\u003c/meta-manual-answer\u003e\u003cmeta-manual-answer data-code\u003d\"barrier_start_date\" data-na\u003d\"true\" tabnumber\u003d\"0\"\u003e\u003c/meta-manual-answer\u003e\u003cmeta-manual-answer data-code\u003d\"estilo_barrera\" data-na\u003d\"true\" tabnumber\u003d\"0\"\u003e\u003c/meta-manual-answer\u003e\u003cmeta-manual-answer data-code\u003d\"rebate\" data-na\u003d\"true\" tabnumber\u003d\"0\"\u003e\u003c/meta-manual-answer\u003e\u003cmeta-manual-answer data-code\u003d\"spot_forward\" 