{"finalScore":0.7924618921238811,"sumScore":19.811547303097026,"tagsCounter":25.0,"taggedText":"\u003cdocument\u003e\u003cstyle type\u003d\"text/css\"\u003e\u003c/style\u003e\u003cdiv\u003e\u003cp\u003e\u003cspan\u003e\u003cbase\u003e\u003c/base\u003e\u003cmeta content\u003d\"text-html; charset\u003dutf-8\"\u003e\u003c/meta\u003e\u003c/span\u003e\u003c/p\u003e \n \u003cp\u003e\u003c/p\u003e \n \n \n\u003cp\u003e\u003cspan\u003e17,684,914\u003c/span\u003e\u003c/p\u003e \n \n \n\u003cp\u003e\u003cspan\u003e17,684,960\u003c/span\u003e\u003c/p\u003e \n \n \n\u003cp\u003e\u003cspan\u003e17,685,031\u003c/span\u003e\u003c/p\u003e \n \n \n\u003cp\u003e\u003cspan\u003e17,685,049\u003c/span\u003e\u003c/p\u003e \n \n \n\u003cp\u003e\u003c/p\u003e \n \n \n\u003cp\u003e\u003cspan\u003eSan MAdrid\u003c/span\u003e\u003c/p\u003e \n \n \n\u003cp\u003e\u003cspan\u003e\u003cestrategia begin\u003d\"80\" class\u003d\"extraction-tag ml-tag\" confidence\u003d\"1/14\" data-value\u003d\"Sells\" end\u003d\"85\" ml-tagorder\u003d\"0\" score\u003d\"0.7792449951271393\" style\u003d\"border: 2px solid rgb(125, 157, 1);\" tabnumber\u003d\"0\" tagorder\u003d\"0\"\u003eSells\u003c/estrategia\u003e \u003cnominal1 begin\u003d\"86\" class\u003d\"extraction-tag ml-tag\" confidence\u003d\"1/14\" data-value\u003d\"50000000,00\" end\u003d\"92\" ml-tagorder\u003d\"0\" score\u003d\"0.8226350246500247\" style\u003d\"border: 2px solid rgb(125, 157, 1);\" tabnumber\u003d\"0\" tagorder\u003d\"0\"\u003e50mios\u003c/nominal1\u003e \u003copcion2 begin\u003d\"93\" class\u003d\"extraction-tag ml-tag\" confidence\u003d\"1/14\" data-value\u003d\"CALL\" end\u003d\"106\" ml-tagorder\u003d\"0\" score\u003d\"0.8903458573040652\" style\u003d\"border: 2px solid rgb(125, 157, 1);\" tabnumber\u003d\"0\" tagorder\u003d\"0\"\u003e\u003copcion1 begin\u003d\"93\" class\u003d\"extraction-tag ml-tag\" confidence\u003d\"1/14\" data-value\u003d\"PUT\" end\u003d\"106\" ml-tagorder\u003d\"0\" score\u003d\"0.8815248458074467\" style\u003d\"border: 2px solid rgb(125, 157, 1);\" tabnumber\u003d\"0\" tagorder\u003d\"0\"\u003e\u003cdivisa2 begin\u003d\"93\" class\u003d\"extraction-tag ml-tag\" confidence\u003d\"1/14\" data-value\u003d\"MXN\" end\u003d\"106\" ml-tagorder\u003d\"0\" score\u003d\"0.833170044834502\" style\u003d\"border: 2px solid rgb(125, 157, 1);\" tabnumber\u003d\"0\" tagorder\u003d\"0\"\u003e\u003cdivisa1 begin\u003d\"93\" class\u003d\"extraction-tag ml-tag\" confidence\u003d\"1/14\" data-value\u003d\"USD\" end\u003d\"106\" ml-tagorder\u003d\"0\" score\u003d\"0.7701646645101383\" style\u003d\"border: 2px solid rgb(125, 157, 1);\" tabnumber\u003d\"0\" tagorder\u003d\"0\"\u003eUSDPutMXNCall\u003c/divisa1\u003e\u003c/divisa2\u003e\u003c/opcion1\u003e\u003c/opcion2\u003e \u003cfecha_vencimiento begin\u003d\"107\" class\u003d\"extraction-tag ml-tag\" confidence\u003d\"1/14\" data-value\u003d\"07/24/2018\" end\u003d\"115\" ml-tagorder\u003d\"0\" score\u003d\"0.8432825574326979\" style\u003d\"border: 2px solid rgb(125, 157, 1);\" tabnumber\u003d\"0\" tagorder\u003d\"0\"\u003e\u003cfecha_pago_vencimiento begin\u003d\"107\" class\u003d\"extraction-tag ml-tag\" confidence\u003d\"1/14\" data-value\u003d\"07/26/2018\" end\u003d\"115\" ml-tagorder\u003d\"0\" score\u003d\"0.8622330361836279\" style\u003d\"border: 2px solid rgb(125, 157, 1);\" tabnumber\u003d\"0\" tagorder\u003d\"0\"\u003e24/26Jul\u003c/fecha_pago_vencimiento\u003e\u003c/fecha_vencimiento\u003e \u003cstrike_ begin\u003d\"116\" class\u003d\"extraction-tag ml-tag\" confidence\u003d\"1/14\" data-value\u003d\"18.15\" end\u003d\"121\" ml-tagorder\u003d\"0\" score\u003d\"0.7651786225166349\" style\u003d\"border: 2px solid rgb(125, 157, 1);\" tabnumber\u003d\"0\" tagorder\u003d\"0\"\u003e18.15\u003c/strike_\u003e; \u003cspot_forward begin\u003d\"123\" class\u003d\"extraction-tag ml-tag\" confidence\u003d\"1/14\" data-value\u003d\"forward\" end\u003d\"126\" ml-tagorder\u003d\"0\" score\u003d\"0.7556245858349067\" style\u003d\"border: 2px solid rgb(125, 157, 1);\" tabnumber\u003d\"0\" tagorder\u003d\"0\"\u003eFwd\u003c/spot_forward\u003e Prem \u003cprecio begin\u003d\"132\" class\u003d\"extraction-tag ml-tag\" confidence\u003d\"1/14\" data-value\u003d\"1.8645\" end\u003d\"142\" ml-tagorder\u003d\"0\" score\u003d\"0.8226738687542738\" style\u003d\"border: 2px solid rgb(125, 157, 1);\" tabnumber\u003d\"0\" tagorder\u003d\"0\"\u003e1.8645%\u003cdivisa_prima begin\u003d\"139\" class\u003d\"extraction-tag ml-tag\" confidence\u003d\"1/14\" data-value\u003d\"USD\" end\u003d\"142\" ml-tagorder\u003d\"0\" score\u003d\"0.8468815957759459\" style\u003d\"border: 2px solid rgb(125, 157, 1);\" tabnumber\u003d\"0\" tagorder\u003d\"0\"\u003eUSD\u003c/divisa_prima\u003e\u003c/precio\u003e\u003c/span\u003e\u003c/p\u003e \n \n \n\u003cp\u003e\u003cspan\u003e\u003cestrategia begin\u003d\"144\" class\u003d\"extraction-tag ml-tag\" confidence\u003d\"1/14\" data-value\u003d\"Buys\" end\u003d\"148\" ml-tagorder\u003d\"1\" score\u003d\"0.7402501891991672\" style\u003d\"border: 2px solid rgb(125, 157, 1);\" tabnumber\u003d\"1\" tagorder\u003d\"1\"\u003eBuys\u003c/estrategia\u003e \u003cnominal1 begin\u003d\"149\" class\u003d\"extraction-tag ml-tag\" confidence\u003d\"1/14\" data-value\u003d\"25000000,00\" end\u003d\"155\" ml-tagorder\u003d\"1\" score\u003d\"0.7130537356455241\" style\u003d\"border: 2px solid rgb(125, 157, 1);\" tabnumber\u003d\"1\" tagorder\u003d\"1\"\u003e25mios\u003c/nominal1\u003e \u003copcion2 begin\u003d\"156\" class\u003d\"extraction-tag ml-tag\" confidence\u003d\"1/14\" data-value\u003d\"CALL\" end\u003d\"169\" ml-tagorder\u003d\"1\" score\u003d\"0.8296737755063702\" style\u003d\"border: 2px solid rgb(125, 157, 1);\" tabnumber\u003d\"1\" tagorder\u003d\"1\"\u003e\u003copcion1 begin\u003d\"156\" class\u003d\"extraction-tag ml-tag\" confidence\u003d\"1/14\" data-value\u003d\"PUT\" end\u003d\"169\" ml-tagorder\u003d\"1\" score\u003d\"0.783091485413285\" style\u003d\"border: 2px solid rgb(125, 157, 1);\" tabnumber\u003d\"1\" tagorder\u003d\"1\"\u003e\u003cdivisa2 begin\u003d\"156\" class\u003d\"extraction-tag ml-tag\" confidence\u003d\"1/14\" data-value\u003d\"MXN\" end\u003d\"169\" ml-tagorder\u003d\"1\" score\u003d\"0.7800124038142588\" style\u003d\"border: 2px solid rgb(125, 157, 1);\" tabnumber\u003d\"1\" tagorder\u003d\"1\"\u003e\u003cdivisa1 begin\u003d\"156\" class\u003d\"extraction-tag ml-tag\" confidence\u003d\"1/14\" data-value\u003d\"USD\" end\u003d\"169\" ml-tagorder\u003d\"1\" score\u003d\"0.763519041951874\" style\u003d\"border: 2px solid rgb(125, 157, 1);\" tabnumber\u003d\"1\" tagorder\u003d\"1\"\u003eUSDputMXNCall\u003c/divisa1\u003e\u003c/divisa2\u003e\u003c/opcion1\u003e\u003c/opcion2\u003e \u003cfecha_vencimiento begin\u003d\"170\" class\u003d\"extraction-tag ml-tag\" confidence\u003d\"1/14\" data-value\u003d\"01/22/2021\" end\u003d\"180\" ml-tagorder\u003d\"1\" score\u003d\"0.898071827684536\" style\u003d\"border: 2px solid rgb(125, 157, 1);\" tabnumber\u003d\"1\" tagorder\u003d\"1\"\u003e\u003cfecha_pago_vencimiento begin\u003d\"170\" class\u003d\"extraction-tag ml-tag\" confidence\u003d\"1/14\" data-value\u003d\"01/26/2021\" end\u003d\"180\" ml-tagorder\u003d\"1\" score\u003d\"0.914837537894073\" style\u003d\"border: 2px solid rgb(125, 157, 1);\" tabnumber\u003d\"1\" tagorder\u003d\"1\"\u003e22/26Jan21\u003c/fecha_pago_vencimiento\u003e\u003c/fecha_vencimiento\u003e \u003cstrike_ begin\u003d\"181\" class\u003d\"extraction-tag ml-tag\" confidence\u003d\"1/14\" data-value\u003d\"18.50\" end\u003d\"186\" ml-tagorder\u003d\"1\" score\u003d\"0.7242927127813162\" style\u003d\"border: 2px solid rgb(125, 157, 1);\" tabnumber\u003d\"1\" tagorder\u003d\"1\"\u003e18.50\u003c/strike_\u003e; \u003cspot_forward begin\u003d\"188\" class\u003d\"extraction-tag ml-tag\" confidence\u003d\"1/14\" data-value\u003d\"forward\" end\u003d\"191\" ml-tagorder\u003d\"1\" score\u003d\"0.7170595085239817\" style\u003d\"border: 2px solid rgb(125, 157, 1);\" 