{"finalScore":0.6439243398744363,"sumScore":7.0831677386187994,"tagsCounter":11.0,"taggedText":"\u003cdocument\u003eHi Guys, Vanilla Option You \u003cestrategia begin\u003d\"28\" class\u003d\"extraction-tag ml-tag\" confidence\u003d\"1/13\" data-value\u003d\"sold\" end\u003d\"32\" ml-tagorder\u003d\"0\" score\u003d\"0.8225400102874749\" style\u003d\"border: 2px solid rgb(125, 157, 1);\" tabnumber\u003d\"0\" tagorder\u003d\"0\"\u003esold\u003c/estrategia\u003e a \u003cdivisa1 begin\u003d\"35\" class\u003d\"extraction-tag ml-tag\" confidence\u003d\"1/13\" data-value\u003d\"EUR\" end\u003d\"38\" ml-tagorder\u003d\"0\" score\u003d\"0.5715719679007071\" style\u003d\"border: 2px solid rgb(125, 157, 1);\" tabnumber\u003d\"0\" tagorder\u003d\"0\"\u003eEUR\u003c/divisa1\u003e \u003copcion1 begin\u003d\"39\" class\u003d\"extraction-tag ml-tag\" confidence\u003d\"1/13\" data-value\u003d\"PUT\" end\u003d\"42\" ml-tagorder\u003d\"0\" score\u003d\"0.510567865879641\" style\u003d\"border: 2px solid rgb(125, 157, 1);\" tabnumber\u003d\"0\" tagorder\u003d\"0\"\u003ePut\u003c/opcion1\u003e/\u003cdivisa2 begin\u003d\"43\" class\u003d\"extraction-tag ml-tag\" confidence\u003d\"1/13\" data-value\u003d\"PLN\" end\u003d\"46\" ml-tagorder\u003d\"0\" score\u003d\"0.6494279607084843\" style\u003d\"border: 2px solid rgb(125, 157, 1);\" tabnumber\u003d\"0\" tagorder\u003d\"0\"\u003ePLN\u003c/divisa2\u003e \u003copcion2 begin\u003d\"47\" class\u003d\"extraction-tag ml-tag\" confidence\u003d\"1/13\" data-value\u003d\"CALL\" end\u003d\"51\" ml-tagorder\u003d\"0\" score\u003d\"0.7424524707843041\" style\u003d\"border: 2px solid rgb(125, 157, 1);\" tabnumber\u003d\"0\" tagorder\u003d\"0\"\u003eCall\u003c/opcion2\u003e European style option Strike : \u003cstrike_ begin\u003d\"83\" class\u003d\"extraction-tag ml-tag\" confidence\u003d\"1/13\" data-value\u003d\"4.1700\" end\u003d\"89\" ml-tagorder\u003d\"0\" score\u003d\"0.678173537151322\" style\u003d\"border: 2px solid rgb(125, 157, 1);\" tabnumber\u003d\"0\" tagorder\u003d\"0\"\u003e4.1700\u003c/strike_\u003e Amount : \u003cnominal1 begin\u003d\"99\" class\u003d\"extraction-tag ml-tag\" confidence\u003d\"1/13\" data-value\u003d\"15000000,00\" end\u003d\"109\" ml-tagorder\u003d\"0\" score\u003d\"0.6974241426406772\" style\u003d\"border: 2px solid rgb(125, 157, 1);\" tabnumber\u003d\"0\" tagorder\u003d\"0\"\u003e15,000,000\u003c/nominal1\u003e EUR Expiry Date: Tue 16 Jul 19 at WA Delivery : Thu 18 Jul 19 We pay \u003cprecio begin\u003d\"179\" class\u003d\"extraction-tag ml-tag\" confidence\u003d\"1/13\" data-value\u003d\"1.3800\" end\u003d\"186\" ml-tagorder\u003d\"0\" score\u003d\"0.5656240844223234\" style\u003d\"border: 2px solid rgb(125, 157, 1);\" tabnumber\u003d\"0\" tagorder\u003d\"0\"\u003e1.3800%\u003c/precio\u003e of EUR or \u003cprima begin\u003d\"197\" class\u003d\"extraction-tag ml-tag\" confidence\u003d\"1/13\" data-value\u003d\"207000,00\" end\u003d\"204\" ml-tagorder\u003d\"0\" score\u003d\"0.6873445033949812\" style\u003d\"border: 2px solid rgb(125, 157, 1);\" tabnumber\u003d\"0\" tagorder\u003d\"0\"\u003e207,000\u003c/prima\u003e \u003cdivisa_prima begin\u003d\"205\" class\u003d\"extraction-tag ml-tag\" confidence\u003d\"1/13\" data-value\u003d\"EUR\" end\u003d\"208\" ml-tagorder\u003d\"0\" score\u003d\"0.609601463903646\" style\u003d\"border: 2px solid rgb(125, 157, 1);\" tabnumber\u003d\"0\" tagorder\u003d\"0\"\u003eEUR\u003c/divisa_prima\u003e at Thu \u003cfecha_pago_prima begin\u003d\"216\" class\u003d\"extraction-tag ml-tag\" confidence\u003d\"1/13\" data-value\u003d\"07/18/2019\" end\u003d\"225\" ml-tagorder\u003d\"0\" score\u003d\"0.5484397315452396\" style\u003d\"border: 2px solid rgb(125, 157, 1);\" tabnumber\u003d\"0\" tagorder\u003d\"0\"\u003e18 Jul 19\u003c/fecha_pago_prima\u003e Forward Hedge You sold a EUR/PLN Forward Outright Forward Rate : 4.3150 Amount : 5,100,000 EUR Delivery : Thu 18 Jul 19 Kind regards, Gautier Chauvin Р\u0026mdash;Р\u0026sbquo; Foreign Exchange Sales ZTQ YYKD Р\u0026mdash;Р\u0026sbquo; Global Markets 3, Avenue Hoche Р\u0026mdash;Р\u0026sbquo; 75008 Paris Р\u0026mdash;Р\u0026sbquo; FR Tel: +33 (0)1 56 21 85 84 - Mobile: +33 (0)6 33 36 08 02 This message has been sent by ZTQ YYKD Bank N.V., which has its seat at Gustav Mahlerlaan 10 (1082 PP) Amsterdam, the Netherlands, and is registered in the Commercial Register of Amsterdam under number 34334259. Le pr?sent message est envoy? par ZTQ YYKD Bank N.V., dont le si?ge social est situ? au 10 Gustav Mahlerlaan, 1082 PP Amsterdam, Pays-Bas, et est inscrite au registre du commerce dРІР\u0026sbquo;в\u0026bdquo;ўAmsterdam sous le num?ro 34334259. \u003cmeta-manual-answer data-code\u003d\"id_operacion\" data-na\u003d\"true\"\u003e\u003c/meta-manual-answer\u003e\u003cmeta-manual-answer data-code\u003d\"contrapartida_corta\" data-na\u003d\"true\" tabnumber\u003d\"0\"\u003e\u003c/meta-manual-answer\u003e\u003cmeta-manual-answer data-code\u003d\"nominal2\" data-na\u003d\"true\" tabnumber\u003d\"0\"\u003e\u003c/meta-manual-answer\u003e\u003cmeta-manual-answer data-code\u003d\"precio\" data-na\u003d\"true\" tabnumber\u003d\"0\"\u003e\u003c/meta-manual-answer\u003e\u003cmeta-manual-answer data-code\u003d\"fecha_inicio\" data-na\u003d\"true\" tabnumber\u003d\"0\"\u003e\u003c/meta-manual-answer\u003e\u003cmeta-manual-answer data-code\u003d\"uti_usi\" data-na\u003d\"true\" tabnumber\u003d\"0\"\u003e\u003c/meta-manual-answer\u003e\u003cmeta-manual-answer data-code\u003d\"cash_delivery\" data-na\u003d\"true\" tabnumber\u003d\"0\"\u003e\u003c/meta-manual-answer\u003e\u003cmeta-manual-answer data-code\u003d\"barrier\" data-na\u003d\"true\" tabnumber\u003d\"0\"\u003e\u003c/meta-manual-answer\u003e\u003cmeta-manual-answer data-code\u003d\"barrier_start_date\" data-na\u003d\"true\" tabnumber\u003d\"0\"\u003e\u003c/meta-manual-answer\u003e\u003cmeta-manual-answer data-code\u003d\"estilo_barrera\" data-na\u003d\"true\" tabnumber\u003d\"0\"\u003e\u003c/meta-manual-answer\u003e\u003cmeta-manual-answer data-code\u003d\"rebate\" data-na\u003d\"true\" tabnumber\u003d\"0\"\u003e\u003c/meta-manual-answer\u003e\u003cmeta-manual-answer data-code\u003d\"spot_forward\" data-na\u003d\"true\" tabnumber\u003d\"0\"\u003e\u003c/meta-manual-answer\u003e\u003cmeta-manual-answer data-code\u003d\"id_operacion\" data-na\u003d\"true\"\u003e\u003c/meta-manual-answer\u003e\u003cmeta-manual-answer data-code\u003d\"contrapartida_corta\" data-na\u003d\"true\" tabnumber\u003d\"0\"\u003e\u003c/meta-manual-answer\u003e\u003cmeta-manual-answer data-code\u003d\"estrategia\" data-na\u003d\"true\" tabnumber\u003d\"0\"\u003e\u003c/meta-manual-answer\u003e\u003cmeta-manual-answer data-code\u003d\"nominal2\" data-na\u003d\"true\" tabnumber\u003d\"0\"\u003e\u003c/meta-manual-answer\u003e\u003cmeta-manual-answer data-code\u003d\"precio\" data-na\u003d\"true\" tabnumber\u003d\"0\"\u003e\u003c/meta-manual-answer\u003e\u003cmeta-manual-answer data-code\u003d\"fecha_inicio\" data-na\u003d\"true\" tabnumber\u003d\"0\"\u003e\u003c/meta-manual-answer\u003e\u003cmeta-manual-answer data-code\u003d\"uti_usi\" data-na\u003d\"true\" tabnumber\u003d\"0\"\u003e\u003c/meta-manual-answer\u003e\u003cmeta-manual-answer data-code\u003d\"cash_delivery\" data-na\u003d\"true\" tabnumber\u003d\"0\"\u003e\u003c/meta-manual-answer\u003e\u003cmeta-manual-answer data-code\u003d\"barrier\" data-na\u003d\"true\" tabnumber\u003d\"0\"\u003e\u003c/meta-manual-answer\u003e\u003cmeta-manual-answer data-code\u003d\"barrier_start_date\" data-na\u003d\"true\" tabnumber\u003d\"0\"\u003e\u003c/meta-manual-answer\u003e\u003cmeta-manual-answer data-code\u003d\"estilo_barrera\" data-na\u003d\"true\" tabnumber\u003d\"0\"\u003e\u003c/meta-manual-answer\u003e\u003cmeta-manual-answer data-code\u003d\"rebate\" data-na\u003d\"true\" tabnumber\u003d\"0\"\u003e\u003c/meta-manual-answer\u003e\u003cmeta-manual-answer data-code\u003d\"spot_forward\" data-na\u003d\"true\" 