{"finalScore":0.7236822230511498,"sumScore":13.749962237971847,"tagsCounter":19.0,"taggedText":"\u003cdocument\u003eCustomer Pays \u003cprecio begin\u003d\"14\" class\u003d\"extraction-tag ml-tag\" confidence\u003d\"1/20\" data-value\u003d\"0.4390\" end\u003d\"20\" ml-tagorder\u003d\"0\" score\u003d\"0.6512702277754371\" style\u003d\"border: 2px solid rgb(125, 157, 1);\" tabnumber\u003d\"0\" tagorder\u003d\"0\"\u003e0.4390\u003c/precio\u003e % of USD face Customer Pays Premium USD 65,850.00 on 11-Jan-18 Trade Time: Tue \u003cfecha_inicio begin\u003d\"100\" class\u003d\"extraction-tag ml-tag\" confidence\u003d\"1/20\" data-value\u003d\"01/09/2015\" end\u003d\"124\" ml-tagorder\u003d\"0\" score\u003d\"0.6934311785884133\" style\u003d\"border: 2px solid rgb(125, 157, 1);\" tabnumber\u003d\"0\" tagorder\u003d\"0\"\u003eJan 09 15:41:15 GMT 2018\u003c/fecha_inicio\u003e Buy/Sell: Counterparty \u003cestrategia begin\u003d\"148\" class\u003d\"extraction-tag ml-tag\" confidence\u003d\"1/20\" data-value\u003d\"buys\" end\u003d\"152\" ml-tagorder\u003d\"0\" score\u003d\"0.737496486506551\" style\u003d\"border: 2px solid rgb(125, 157, 1);\" tabnumber\u003d\"0\" tagorder\u003d\"0\"\u003ebuys\u003c/estrategia\u003e/\u003ccontrapartida_corta begin\u003d\"153\" class\u003d\"extraction-tag ml-tag\" confidence\u003d\"1/20\" data-value\u003d\"JPM\" end\u003d\"156\" ml-tagorder\u003d\"0\" score\u003d\"0.5767512713096948\" style\u003d\"border: 2px solid rgb(125, 157, 1);\" tabnumber\u003d\"0\" tagorder\u003d\"0\"\u003e\u003ccontrapartida begin\u003d\"153\" class\u003d\"extraction-tag ml-tag\" confidence\u003d\"1/20\" data-value\u003d\"JPM\" end\u003d\"156\" ml-tagorder\u003d\"0\" score\u003d\"0.6881662477223407\" style\u003d\"border: 2px solid rgb(125, 157, 1);\" tabnumber\u003d\"0\" tagorder\u003d\"0\"\u003eJPM\u003c/contrapartida\u003e\u003c/contrapartida_corta\u003e sells FX Pair: \u003cdivisa2 begin\u003d\"172\" class\u003d\"extraction-tag ml-tag\" confidence\u003d\"1/20\" data-value\u003d\"JPY\" end\u003d\"178\" ml-tagorder\u003d\"0\" score\u003d\"0.6109193554380992\" style\u003d\"border: 2px solid rgb(125, 157, 1);\" tabnumber\u003d\"0\" tagorder\u003d\"0\"\u003eUSDJPY\u003c/divisa2\u003e Put/Call: \u003copcion2 begin\u003d\"189\" class\u003d\"extraction-tag ml-tag\" confidence\u003d\"1/20\" data-value\u003d\"PUT\" end\u003d\"192\" ml-tagorder\u003d\"0\" score\u003d\"0.6742030628295472\" style\u003d\"border: 2px solid rgb(125, 157, 1);\" tabnumber\u003d\"0\" tagorder\u003d\"0\"\u003e\u003copcion1 begin\u003d\"189\" class\u003d\"extraction-tag ml-tag\" confidence\u003d\"1/20\" data-value\u003d\"PUT\" end\u003d\"192\" ml-tagorder\u003d\"0\" score\u003d\"0.7216782539961826\" style\u003d\"border: 2px solid rgb(125, 157, 1);\" tabnumber\u003d\"0\" tagorder\u003d\"0\"\u003ePut\u003c/opcion1\u003e\u003c/opcion2\u003e on USD Strike: \u003cstrike_ begin\u003d\"208\" class\u003d\"extraction-tag ml-tag\" confidence\u003d\"1/20\" data-value\u003d\"110.00\" end\u003d\"214\" ml-tagorder\u003d\"0\" score\u003d\"0.7333088518445755\" style\u003d\"border: 2px solid rgb(125, 157, 1);\" tabnumber\u003d\"0\" tagorder\u003d\"0\"\u003e110.00\u003c/strike_\u003e Expiration Date: Thu \u003cfecha_vencimiento begin\u003d\"236\" class\u003d\"extraction-tag ml-tag\" confidence\u003d\"1/20\" data-value\u003d\"03/08/2018\" end\u003d\"245\" ml-tagorder\u003d\"0\" score\u003d\"0.7938022009260609\" style\u003d\"border: 2px solid rgb(125, 157, 1);\" tabnumber\u003d\"0\" tagorder\u003d\"0\"\u003e08Mar2018\u003c/fecha_vencimiento\u003e Settlement Date: Mon \u003cfecha_pago_vencimiento begin\u003d\"267\" class\u003d\"extraction-tag ml-tag\" confidence\u003d\"1/20\" data-value\u003d\"03/12/2018\" end\u003d\"276\" ml-tagorder\u003d\"0\" score\u003d\"0.847479557652209\" style\u003d\"border: 2px solid rgb(125, 157, 1);\" tabnumber\u003d\"0\" tagorder\u003d\"0\"\u003e12Mar2018\u003c/fecha_pago_vencimiento\u003e Quantity: \u003cnominal1 begin\u003d\"287\" class\u003d\"extraction-tag ml-tag\" confidence\u003d\"1/20\" data-value\u003d\"15000000,00\" end\u003d\"300\" ml-tagorder\u003d\"0\" score\u003d\"0.7700316597944551\" style\u003d\"border: 2px solid rgb(125, 157, 1);\" tabnumber\u003d\"0\" tagorder\u003d\"0\"\u003e15,000,000.00\u003c/nominal1\u003e USD Other Quantity: \u003cnominal2 begin\u003d\"321\" class\u003d\"extraction-tag ml-tag\" confidence\u003d\"1/20\" data-value\u003d\"1650000000,00\" end\u003d\"334\" ml-tagorder\u003d\"0\" score\u003d\"0.8727115571479276\" style\u003d\"border: 2px solid rgb(125, 157, 1);\" tabnumber\u003d\"0\" tagorder\u003d\"0\"\u003e1,650,000,000\u003c/nominal2\u003e JPY Premium: \u003cprima begin\u003d\"348\" class\u003d\"extraction-tag ml-tag\" confidence\u003d\"1/20\" data-value\u003d\"65850,00\" end\u003d\"357\" ml-tagorder\u003d\"0\" score\u003d\"0.7305907939260413\" style\u003d\"border: 2px solid rgb(125, 157, 1);\" tabnumber\u003d\"0\" tagorder\u003d\"0\"\u003e65,850.00\u003c/prima\u003e \u003cdivisa_prima begin\u003d\"358\" class\u003d\"extraction-tag ml-tag\" confidence\u003d\"1/20\" data-value\u003d\"USD\" end\u003d\"361\" ml-tagorder\u003d\"0\" score\u003d\"0.7248565432642536\" style\u003d\"border: 2px solid rgb(125, 157, 1);\" tabnumber\u003d\"0\" tagorder\u003d\"0\"\u003eUSD\u003c/divisa_prima\u003e Premium Date: Thu \u003cfecha_pago_prima begin\u003d\"380\" class\u003d\"extraction-tag ml-tag\" confidence\u003d\"1/20\" data-value\u003d\"01/11/2018\" end\u003d\"389\" ml-tagorder\u003d\"0\" score\u003d\"0.7389892757649721\" style\u003d\"border: 2px solid rgb(125, 157, 1);\" tabnumber\u003d\"0\" tagorder\u003d\"0\"\u003e11Jan2018\u003c/fecha_pago_prima\u003e Settlement Type: \u003ccash_delivery begin\u003d\"407\" class\u003d\"extraction-tag ml-tag\" confidence\u003d\"1/20\" data-value\u003d\"\" end\u003d\"415\" ml-tagorder\u003d\"0\" score\u003d\"0.7271861916910236\" style\u003d\"border: 2px solid rgb(125, 157, 1);\" tabnumber\u003d\"0\" tagorder\u003d\"0\"\u003ePhysical\u003c/cash_delivery\u003e Settlement Ccy: N/A Instrument Type: \u003ctipo_de_opcion begin\u003d\"453\" class\u003d\"extraction-tag ml-tag\" confidence\u003d\"1/20\" data-value\u003d\"Vanilla\" end\u003d\"460\" ml-tagorder\u003d\"0\" score\u003d\"0.7284060050556025\" style\u003d\"border: 2px solid rgb(125, 157, 1);\" tabnumber\u003d\"0\" tagorder\u003d\"0\"\u003eVanilla\u003c/tipo_de_opcion\u003e Settlement Location: LONDON Expiration Cut: NYC Volatility: 7.042/7.241 ла\u0026mdash;ла\u0026sbquo; Mid 7.141 Depo: Denominated 0.99982968 ла\u0026mdash;ла\u0026sbquo; Asset 0.99691991 Spot Rate: 112.428 Forward Rate: 112.1003 Forward Pts: -32.77 Trade ID: MDFXO_1-20SK0E Account: BANCO SANTANDER MADRID UTI: \u003cuti_usi begin\u003d\"723\" class\u003d\"extraction-tag ml-tag\" confidence\u003d\"1/20\" data-value\u003d\"GFXFXO0000000000000000001ZB0J40O\" end\u003d\"755\" ml-tagorder\u003d\"0\" score\u003d\"0.7286835167384589\" style\u003d\"border: 2px solid rgb(125, 157, 1);\" tabnumber\u003d\"0\" tagorder\u003d\"0\"\u003eGFXFXO0000000000000000001ZB0J40O\u003c/uti_usi\u003e USI: GFXFXO0000000000000000001ZB0J40O DO NOT REPLY - This is a system generated message. If you have any questions about this message please contact J.P. Morgan FX \u0026amp; Commodities e-Trading Client Services Hotline: Europe +44-207-777-4422 North America +1 877 339 5762 Japan +81 3 6736 7888 Asia ex-Japan +65 6882 7222 * email: fxc.ecs@jpmorgan.com \u0026lt;mailto:fxc.ecs@jpmorgan.com\u0026gt; . This message is provided for informational purposes only and is subject to change without notice. It is not intended as research, a recommendation, advice, offer or solicitation to buy or sell any financial product or service, nor a confirmation of terms. The recipient should rely solely on the final transaction documentation containing the definitive terms and conditions of the transaction, which in the event of an inconsistency, will override the information in this message. Please consult your own advisors regarding legal, tax, accounting 