{"finalScore":0.677451191816679,"sumScore":12.194121452700223,"tagsCounter":18.0,"taggedText":"\u003cdocument\u003eCustomer Receives 2.7680 % of EUR face Customer Receives Premium EUR 2,740,320.00 on 05-Apr-18 Trade Time: Thu \u003cfecha_inicio begin\u003d\"111\" class\u003d\"extraction-tag ml-tag\" confidence\u003d\"1/20\" data-value\u003d\"01/11/2015\" end\u003d\"135\" ml-tagorder\u003d\"0\" score\u003d\"0.6829423558639582\" style\u003d\"border: 2px solid rgb(125, 157, 1);\" tabnumber\u003d\"0\" tagorder\u003d\"0\"\u003eJan 11 15:34:15 GMT 2018\u003c/fecha_inicio\u003e Buy/Sell: Counterparty \u003cestrategia begin\u003d\"159\" class\u003d\"extraction-tag ml-tag\" confidence\u003d\"1/20\" data-value\u003d\"sells\" end\u003d\"164\" ml-tagorder\u003d\"0\" score\u003d\"0.7460074354014249\" style\u003d\"border: 2px solid rgb(125, 157, 1);\" tabnumber\u003d\"0\" tagorder\u003d\"0\"\u003esells\u003c/estrategia\u003e/\u003ccontrapartida_corta begin\u003d\"165\" class\u003d\"extraction-tag ml-tag\" confidence\u003d\"1/20\" data-value\u003d\"NNE\" end\u003d\"168\" ml-tagorder\u003d\"0\" score\u003d\"0.520638588218415\" style\u003d\"border: 2px solid rgb(125, 157, 1);\" tabnumber\u003d\"0\" tagorder\u003d\"0\"\u003e\u003ccontrapartida begin\u003d\"165\" class\u003d\"extraction-tag ml-tag\" confidence\u003d\"1/20\" data-value\u003d\"NNE\" end\u003d\"168\" ml-tagorder\u003d\"0\" score\u003d\"0.6689260807495301\" style\u003d\"border: 2px solid rgb(125, 157, 1);\" tabnumber\u003d\"0\" tagorder\u003d\"0\"\u003eNNE\u003c/contrapartida\u003e\u003c/contrapartida_corta\u003e buys FX Pair: EURUSD Put/Call: \u003copcion2 begin\u003d\"200\" class\u003d\"extraction-tag ml-tag\" confidence\u003d\"1/20\" data-value\u003d\"CALL\" end\u003d\"204\" ml-tagorder\u003d\"0\" score\u003d\"0.688751759274912\" style\u003d\"border: 2px solid rgb(125, 157, 1);\" tabnumber\u003d\"0\" tagorder\u003d\"0\"\u003e\u003copcion1 begin\u003d\"200\" class\u003d\"extraction-tag ml-tag\" confidence\u003d\"1/20\" data-value\u003d\"CALL\" end\u003d\"204\" ml-tagorder\u003d\"0\" score\u003d\"0.690699482492855\" style\u003d\"border: 2px solid rgb(125, 157, 1);\" tabnumber\u003d\"0\" tagorder\u003d\"0\"\u003eCall\u003c/opcion1\u003e\u003c/opcion2\u003e on \u003cdivisa1 begin\u003d\"208\" class\u003d\"extraction-tag ml-tag\" confidence\u003d\"1/20\" data-value\u003d\"EUR\" end\u003d\"211\" ml-tagorder\u003d\"0\" score\u003d\"0.5560875472973767\" style\u003d\"border: 2px solid rgb(125, 157, 1);\" tabnumber\u003d\"0\" tagorder\u003d\"0\"\u003eEUR\u003c/divisa1\u003e Strike: \u003cstrike_ begin\u003d\"220\" class\u003d\"extraction-tag ml-tag\" confidence\u003d\"1/20\" data-value\u003d\"1.1825\" end\u003d\"226\" ml-tagorder\u003d\"0\" score\u003d\"0.7970962087947002\" style\u003d\"border: 2px solid rgb(125, 157, 1);\" tabnumber\u003d\"0\" tagorder\u003d\"0\"\u003e1.1825\u003c/strike_\u003e Expiration Date: Tue \u003cfecha_vencimiento begin\u003d\"248\" class\u003d\"extraction-tag ml-tag\" confidence\u003d\"1/20\" data-value\u003d\"04/03/2018\" end\u003d\"257\" ml-tagorder\u003d\"0\" score\u003d\"0.7937216428964485\" style\u003d\"border: 2px solid rgb(125, 157, 1);\" tabnumber\u003d\"0\" tagorder\u003d\"0\"\u003e03Apr2018\u003c/fecha_vencimiento\u003e Settlement Date: Thu \u003cfecha_pago_vencimiento begin\u003d\"279\" class\u003d\"extraction-tag ml-tag\" confidence\u003d\"1/20\" data-value\u003d\"04/05/2018\" end\u003d\"288\" ml-tagorder\u003d\"0\" score\u003d\"0.749983138223883\" style\u003d\"border: 2px solid rgb(125, 157, 1);\" tabnumber\u003d\"0\" tagorder\u003d\"0\"\u003e05Apr2018\u003c/fecha_pago_vencimiento\u003e Quantity: \u003cnominal1 begin\u003d\"299\" class\u003d\"extraction-tag ml-tag\" confidence\u003d\"1/20\" data-value\u003d\"99000000,00\" end\u003d\"312\" ml-tagorder\u003d\"0\" score\u003d\"0.634451440895389\" style\u003d\"border: 2px solid rgb(125, 157, 1);\" tabnumber\u003d\"0\" tagorder\u003d\"0\"\u003e99,000,000.00\u003c/nominal1\u003e EUR Other Quantity: \u003cnominal2 begin\u003d\"333\" class\u003d\"extraction-tag ml-tag\" confidence\u003d\"1/20\" data-value\u003d\"117067500,00\" end\u003d\"347\" ml-tagorder\u003d\"0\" score\u003d\"0.702590561993411\" style\u003d\"border: 2px solid rgb(125, 157, 1);\" tabnumber\u003d\"0\" tagorder\u003d\"0\"\u003e117,067,500.00\u003c/nominal2\u003e \u003cdivisa_prima begin\u003d\"348\" class\u003d\"extraction-tag ml-tag\" confidence\u003d\"1/20\" data-value\u003d\"USD\" end\u003d\"351\" ml-tagorder\u003d\"0\" score\u003d\"0.5372886998610332\" style\u003d\"border: 2px solid rgb(125, 157, 1);\" tabnumber\u003d\"0\" tagorder\u003d\"0\"\u003eUSD\u003c/divisa_prima\u003e Premium: \u003cprima begin\u003d\"361\" class\u003d\"extraction-tag ml-tag\" confidence\u003d\"1/20\" data-value\u003d\"2740320,00\" end\u003d\"373\" ml-tagorder\u003d\"0\" score\u003d\"0.5608499730532649\" style\u003d\"border: 2px solid rgb(125, 157, 1);\" tabnumber\u003d\"0\" tagorder\u003d\"0\"\u003e2,740,320.00\u003c/prima\u003e EUR Premium Date: Thu \u003cfecha_pago_prima begin\u003d\"396\" class\u003d\"extraction-tag ml-tag\" confidence\u003d\"1/20\" data-value\u003d\"04/05/2018\" end\u003d\"405\" ml-tagorder\u003d\"0\" score\u003d\"0.722876749148319\" style\u003d\"border: 2px solid rgb(125, 157, 1);\" tabnumber\u003d\"0\" tagorder\u003d\"0\"\u003e05Apr2018\u003c/fecha_pago_prima\u003e Settlement Type: \u003ccash_delivery begin\u003d\"423\" class\u003d\"extraction-tag ml-tag\" confidence\u003d\"1/20\" data-value\u003d\"\" end\u003d\"431\" ml-tagorder\u003d\"0\" score\u003d\"0.7165036208780386\" style\u003d\"border: 2px solid rgb(125, 157, 1);\" tabnumber\u003d\"0\" tagorder\u003d\"0\"\u003ePhysical\u003c/cash_delivery\u003e Settlement Ccy: N/A Instrument Type: \u003ctipo_de_opcion begin\u003d\"469\" class\u003d\"extraction-tag ml-tag\" confidence\u003d\"1/20\" data-value\u003d\"Vanilla\" end\u003d\"476\" ml-tagorder\u003d\"0\" score\u003d\"0.7199219863772105\" style\u003d\"border: 2px solid rgb(125, 157, 1);\" tabnumber\u003d\"0\" tagorder\u003d\"0\"\u003eVanilla\u003c/tipo_de_opcion\u003e Settlement Location: LONDON Expiration Cut: NYC Volatility: 6.876/7.076 ла\u0026mdash;ла\u0026sbquo; Mid 6.976 Depo: Denominated 1.00000000 ла\u0026mdash;ла\u0026sbquo; Asset 1.00000000 Spot Rate: 1.20453 Forward Rate: 1.210641 Forward Pts: 61.06 Trade ID: MDFXO_1-21D40G Account: BANCO SANTANDER SA UTI: \u003cuti_usi begin\u003d\"734\" class\u003d\"extraction-tag ml-tag\" confidence\u003d\"1/20\" data-value\u003d\"GFXFXO0000000000000000001ZB1WA11\" end\u003d\"766\" ml-tagorder\u003d\"0\" score\u003d\"0.7047841812800508\" style\u003d\"border: 2px solid rgb(125, 157, 1);\" tabnumber\u003d\"0\" tagorder\u003d\"0\"\u003eGFXFXO0000000000000000001ZB1WA11\u003c/uti_usi\u003e USI: GFXFXO0000000000000000001ZB1WA11 Buy/Sell: Counterparty buys EUR/ sells USD FX Pair: EURUSD Rate: 1.2106 Settlement Date: Thu 05Apr2018 Quantity: 75,200,000.00 EUR Instrument Type: Forward UTI: GFXFXO0000000000000000001ZB1WA0Y USI: GFXFXO0000000000000000001ZB1WA0Y DO NOT REPLY - This is a system generated message. If you have any questions about this message please contact J.P. Morgan FX \u0026amp; Commodities e-Trading Client Services Hotline: Europe +44-207-777-4422 North America +1 877 339 5762 Japan +81 3 6736 7888 Asia ex-Japan +65 6882 7222 * email: fxc.ecs@jpmorgan.com \u0026lt;mailto:fxc.ecs@jpmorgan.com\u0026gt; . This message is provided for informational purposes only and is subject to change without notice. It is not intended as research, a recommendation, advice, offer or solicitation to buy or sell any financial product or service, nor a confirmation of terms. The recipient should rely solely on the final transaction documentation containing the definitive terms and conditions of the transaction, which in the event of an inconsistency, will override the information in this message. Please consult your own advisors regarding legal, tax, accounting or any other aspects including suitability implications for your 