{"finalScore":0.7027687853572163,"sumScore":10.541531780358245,"tagsCounter":15.0,"taggedText":"\u003cdocument\u003e\u003cstyle type\u003d\"text/css\"\u003e\u003c/style\u003e\u003cp\u003e\u003cfont\u003e\u003cfecha_inicio begin\u003d\"12\" class\u003d\"extraction-tag ml-tag\" confidence\u003d\"1/18\" data-value\u003d\"07/05/2017\" end\u003d\"22\" ml-tagorder\u003d\"0\" score\u003d\"0.6434971128274116\" style\u003d\"border: 2px solid rgb(125, 157, 1);\" tabnumber\u003d\"0\" tagorder\u003d\"0\"\u003e\u003cbase\u003e\u003c/base\u003e\u003cmeta content\u003d\"text-html; charset\u003dutf-8\"\u003e\u003c/meta\u003e5 Jul 2017\u003c/fecha_inicio\u003e BofAML Entity : \u003ccontrapartida begin\u003d\"39\" class\u003d\"extraction-tag ml-tag\" confidence\u003d\"1/18\" data-value\u003d\"Msruffb Pybos Qasenmoochnsi\" end\u003d\"66\" ml-tagorder\u003d\"0\" score\u003d\"0.5803027268538994\" style\u003d\"border: 2px solid rgb(125, 157, 1);\" tabnumber\u003d\"0\" tagorder\u003d\"0\"\u003eMsruffb Pybos Qasenmoochnsi\u003c/contrapartida\u003e Client : BANCO SANTANDER S.A. Structure Mid Premium : 810,359.04 EUR TOTAL Premium : BANCO SANTANDER S.A. RECEIVES \u003cdivisa_prima begin\u003d\"182\" class\u003d\"extraction-tag ml-tag\" confidence\u003d\"1/18\" data-value\u003d\"EUR\" end\u003d\"185\" ml-tagorder\u003d\"0\" score\u003d\"0.6375642653135195\" style\u003d\"border: 2px solid rgb(125, 157, 1);\" tabnumber\u003d\"0\" tagorder\u003d\"0\"\u003eEUR\u003c/divisa_prima\u003e \u003cprima begin\u003d\"186\" class\u003d\"extraction-tag ml-tag\" confidence\u003d\"1/18\" data-value\u003d\"789552,00\" end\u003d\"196\" ml-tagorder\u003d\"0\" score\u003d\"0.6000232832231158\" style\u003d\"border: 2px solid rgb(125, 157, 1);\" tabnumber\u003d\"0\" tagorder\u003d\"0\"\u003e789,552.00\u003c/prima\u003e from Merrill Lynch on 07-Mar-19 1. BANCO SANTANDER S.A. \u003cestrategia begin\u003d\"253\" class\u003d\"extraction-tag ml-tag\" confidence\u003d\"1/18\" data-value\u003d\"SELLS\" end\u003d\"258\" ml-tagorder\u003d\"0\" score\u003d\"0.7761739320937733\" style\u003d\"border: 2px solid rgb(125, 157, 1);\" tabnumber\u003d\"0\" tagorder\u003d\"0\"\u003eSELLS\u003c/estrategia\u003e a \u003cdivisa1 begin\u003d\"261\" class\u003d\"extraction-tag ml-tag\" confidence\u003d\"1/18\" data-value\u003d\"EUR\" end\u003d\"264\" ml-tagorder\u003d\"0\" score\u003d\"0.7131981483617906\" style\u003d\"border: 2px solid rgb(125, 157, 1);\" tabnumber\u003d\"0\" tagorder\u003d\"0\"\u003eEUR\u003c/divisa1\u003e \u003copcion1 begin\u003d\"265\" class\u003d\"extraction-tag ml-tag\" confidence\u003d\"1/18\" data-value\u003d\"CALL\" end\u003d\"269\" ml-tagorder\u003d\"0\" score\u003d\"0.7379086739380611\" style\u003d\"border: 2px solid rgb(125, 157, 1);\" tabnumber\u003d\"0\" tagorder\u003d\"0\"\u003eCall\u003c/opcion1\u003e/\u003cdivisa2 begin\u003d\"270\" class\u003d\"extraction-tag ml-tag\" confidence\u003d\"1/18\" data-value\u003d\"GBP\" end\u003d\"273\" ml-tagorder\u003d\"0\" score\u003d\"0.7400340130897\" style\u003d\"border: 2px solid rgb(125, 157, 1);\" tabnumber\u003d\"0\" tagorder\u003d\"0\"\u003eGBP\u003c/divisa2\u003e \u003copcion2 begin\u003d\"274\" class\u003d\"extraction-tag ml-tag\" confidence\u003d\"1/18\" data-value\u003d\"PUT\" end\u003d\"277\" ml-tagorder\u003d\"0\" score\u003d\"0.7428211250247023\" style\u003d\"border: 2px solid rgb(125, 157, 1);\" tabnumber\u003d\"0\" tagorder\u003d\"0\"\u003ePut\u003c/opcion2\u003e Notional : EUR \u003cnominal1 begin\u003d\"293\" class\u003d\"extraction-tag ml-tag\" confidence\u003d\"1/18\" data-value\u003d\"18000000,00\" end\u003d\"303\" ml-tagorder\u003d\"0\" score\u003d\"0.7883819066451362\" style\u003d\"border: 2px solid rgb(125, 157, 1);\" tabnumber\u003d\"0\" tagorder\u003d\"0\"\u003e18,000,000\u003c/nominal1\u003e Strike : \u003cstrike_ begin\u003d\"313\" class\u003d\"extraction-tag ml-tag\" confidence\u003d\"1/18\" data-value\u003d\"0.89000\" end\u003d\"320\" ml-tagorder\u003d\"0\" score\u003d\"0.8150092105699331\" style\u003d\"border: 2px solid rgb(125, 157, 1);\" tabnumber\u003d\"0\" tagorder\u003d\"0\"\u003e0.89000\u003c/strike_\u003e Expiry : \u003cfecha_vencimiento begin\u003d\"330\" class\u003d\"extraction-tag ml-tag\" confidence\u003d\"1/18\" data-value\u003d\"03/05/2019\" end\u003d\"339\" ml-tagorder\u003d\"0\" score\u003d\"0.8196687754540607\" style\u003d\"border: 2px solid rgb(125, 157, 1);\" tabnumber\u003d\"0\" tagorder\u003d\"0\"\u003e05-Mar-19\u003c/fecha_vencimiento\u003e for \u003cfecha_pago_vencimiento begin\u003d\"344\" class\u003d\"extraction-tag ml-tag\" confidence\u003d\"1/18\" data-value\u003d\"03/07/2019\" end\u003d\"353\" ml-tagorder\u003d\"0\" score\u003d\"0.7403227662534516\" style\u003d\"border: 2px solid rgb(125, 157, 1);\" tabnumber\u003d\"0\" tagorder\u003d\"0\"\u003e07-Mar-19\u003c/fecha_pago_vencimiento\u003e (NYC 10:00 cut) Price : \u003cprecio begin\u003d\"378\" class\u003d\"extraction-tag ml-tag\" confidence\u003d\"1/18\" data-value\u003d\"4.3864\" end\u003d\"384\" ml-tagorder\u003d\"0\" score\u003d\"0.5283114161510972\" style\u003d\"border: 2px solid rgb(125, 157, 1);\" tabnumber\u003d\"0\" tagorder\u003d\"0\"\u003e4.3864\u003c/precio\u003e %EUR Premium : BANCO SANTANDER S.A. RECEIVES EUR 789,552.00 from Merrill Lynch on \u003cfecha_pago_prima begin\u003d\"467\" class\u003d\"extraction-tag ml-tag\" confidence\u003d\"1/18\" data-value\u003d\"03/07/2019\" end\u003d\"476\" ml-tagorder\u003d\"0\" score\u003d\"0.6783144245585924\" style\u003d\"border: 2px solid rgb(125, 157, 1);\" tabnumber\u003d\"0\" tagorder\u003d\"0\"\u003e07-Mar-19\u003c/fecha_pago_prima\u003e 2. FX Forward : BANCO SANTANDER S.A. BUYS EUR 8,100,000 against GBP at 0.89070 value 07-Mar-19 (spot ref 0.87670) Points : 140.00000 Thank you for choosing BofAML FX. Regards, Alice Connelly Disclaimer: This communication has been prepared by BofAML sales or trading and does not constitute an official trade confirmation. Unless specified, this is not an offer, solicitation or recommendation to purchase or sell any securities or financial instruments. BofAML is not your advisor and this communication does not constitute advice or a personal recommendation. This communication is subject to the terms contained in the following link: http://corp.bankofamerica.com/business/smb/landing/emaildisclaimer ---------------------------------------------------------------------- This message, and any attachments, is for the intended recipient(s) only, may contain information that is privileged, confidential and/or proprietary and subject to important terms and conditions available at http://www.bankofamerica.com/emaildisclaimer. If you are not the intended recipient, please delete this message.\u003c/font\u003e\u003c/p\u003e \n \n \n\u003cmeta-manual-answer data-code\u003d\"id_operacion\" data-na\u003d\"true\"\u003e\u003c/meta-manual-answer\u003e\u003cmeta-manual-answer data-code\u003d\"contrapartida_corta\" data-na\u003d\"true\" tabnumber\u003d\"0\"\u003e\u003c/meta-manual-answer\u003e\u003cmeta-manual-answer data-code\u003d\"tipo_de_opcion\" data-na\u003d\"true\" tabnumber\u003d\"0\"\u003e\u003c/meta-manual-answer\u003e\u003cmeta-manual-answer data-code\u003d\"nominal2\" data-na\u003d\"true\" tabnumber\u003d\"0\"\u003e\u003c/meta-manual-answer\u003e\u003cmeta-manual-answer data-code\u003d\"uti_usi\" data-na\u003d\"true\" tabnumber\u003d\"0\"\u003e\u003c/meta-manual-answer\u003e\u003cmeta-manual-answer data-code\u003d\"cash_delivery\" data-na\u003d\"true\" tabnumber\u003d\"0\"\u003e\u003c/meta-manual-answer\u003e\u003cmeta-manual-answer data-code\u003d\"barrier\" data-na\u003d\"true\" tabnumber\u003d\"0\"\u003e\u003c/meta-manual-answer\u003e\u003cmeta-manual-answer data-code\u003d\"barrier_start_date\" data-na\u003d\"true\" tabnumber\u003d\"0\"\u003e\u003c/meta-manual-answer\u003e\u003cmeta-manual-answer data-code\u003d\"estilo_barrera\" data-na\u003d\"true\" tabnumber\u003d\"0\"\u003e\u003c/meta-manual-answer\u003e\u003cmeta-manual-answer data-code\u003d\"rebate\" 