{"finalScore":0.6780477062655519,"sumScore":10.84876330024883,"tagsCounter":16.0,"taggedText":"\u003cdocument\u003e\u003cstyle type\u003d\"text/css\"\u003e\u003c/style\u003e\u003cp\u003e\u003cfont\u003e\u003ccontrapartida begin\u003d\"276\" class\u003d\"extraction-tag ml-tag\" confidence\u003d\"1/17\" data-value\u003d\"PGV\" end\u003d\"279\" ml-tagorder\u003d\"0\" score\u003d\"0.6021358622553407\" style\u003d\"border: 2px solid rgb(125, 157, 1);\" tabnumber\u003d\"0\" tagorder\u003d\"0\"\u003e\u003cbase\u003e\u003c/base\u003e\u003cmeta content\u003d\"text-html; charset\u003dutf-8\"\u003e\u003c/meta\u003ePGV\u003c/contrapartida\u003e Hi Neil Thanks for the trade Spot Ref. 0.854800 GBP per 1 EUR Spot Date: 10-Feb-17 Exercise Type: EUROPEAN PGV buys 09-Feb-17 0.853000 EUR Put in EUR 20,000,000 Strategy: \u003ctipo_de_opcion begin\u003d\"451\" class\u003d\"extraction-tag ml-tag\" confidence\u003d\"1/17\" data-value\u003d\"Vanilla\" end\u003d\"458\" ml-tagorder\u003d\"0\" score\u003d\"0.7393869317007045\" style\u003d\"border: 2px solid rgb(125, 157, 1);\" tabnumber\u003d\"0\" tagorder\u003d\"0\"\u003eVanilla\u003c/tipo_de_opcion\u003e Position: Client \u003cestrategia begin\u003d\"476\" class\u003d\"extraction-tag ml-tag\" confidence\u003d\"1/17\" data-value\u003d\"sells\" end\u003d\"481\" ml-tagorder\u003d\"0\" score\u003d\"0.7036212664747985\" style\u003d\"border: 2px solid rgb(125, 157, 1);\" tabnumber\u003d\"0\" tagorder\u003d\"0\"\u003esells\u003c/estrategia\u003e / PGV buys Option: \u003cdivisa1 begin\u003d\"501\" class\u003d\"extraction-tag ml-tag\" confidence\u003d\"1/17\" data-value\u003d\"EUR\" end\u003d\"504\" ml-tagorder\u003d\"0\" score\u003d\"0.6797295708924229\" style\u003d\"border: 2px solid rgb(125, 157, 1);\" tabnumber\u003d\"0\" tagorder\u003d\"0\"\u003eEUR\u003c/divisa1\u003e \u003copcion1 begin\u003d\"505\" class\u003d\"extraction-tag ml-tag\" confidence\u003d\"1/17\" data-value\u003d\"PUT\" end\u003d\"508\" ml-tagorder\u003d\"0\" score\u003d\"0.7776991524625699\" style\u003d\"border: 2px solid rgb(125, 157, 1);\" tabnumber\u003d\"0\" tagorder\u003d\"0\"\u003ePut\u003c/opcion1\u003e / \u003cdivisa2 begin\u003d\"511\" class\u003d\"extraction-tag ml-tag\" confidence\u003d\"1/17\" data-value\u003d\"GBP\" end\u003d\"514\" ml-tagorder\u003d\"0\" score\u003d\"0.6874994305562379\" style\u003d\"border: 2px solid rgb(125, 157, 1);\" tabnumber\u003d\"0\" tagorder\u003d\"0\"\u003eGBP\u003c/divisa2\u003e \u003copcion2 begin\u003d\"515\" class\u003d\"extraction-tag ml-tag\" confidence\u003d\"1/17\" data-value\u003d\"CALL\" end\u003d\"519\" ml-tagorder\u003d\"0\" score\u003d\"0.6991841691388495\" style\u003d\"border: 2px solid rgb(125, 157, 1);\" tabnumber\u003d\"0\" tagorder\u003d\"0\"\u003eCall\u003c/opcion2\u003e Face: EUR \u003cnominal1 begin\u003d\"530\" class\u003d\"extraction-tag ml-tag\" confidence\u003d\"1/17\" data-value\u003d\"20000000,00\" end\u003d\"540\" ml-tagorder\u003d\"0\" score\u003d\"0.7284383530861023\" style\u003d\"border: 2px solid rgb(125, 157, 1);\" tabnumber\u003d\"0\" tagorder\u003d\"0\"\u003e20,000,000\u003c/nominal1\u003e Trade Date: \u003cfecha_inicio begin\u003d\"553\" class\u003d\"extraction-tag ml-tag\" confidence\u003d\"1/17\" data-value\u003d\"02/08/2017\" end\u003d\"562\" ml-tagorder\u003d\"0\" score\u003d\"0.745958552034069\" style\u003d\"border: 2px solid rgb(125, 157, 1);\" tabnumber\u003d\"0\" tagorder\u003d\"0\"\u003e08-Feb-17\u003c/fecha_inicio\u003e Expiry: \u003cfecha_vencimiento begin\u003d\"571\" class\u003d\"extraction-tag ml-tag\" confidence\u003d\"1/17\" data-value\u003d\"02/09/2017\" end\u003d\"580\" ml-tagorder\u003d\"0\" score\u003d\"0.7230835772765041\" style\u003d\"border: 2px solid rgb(125, 157, 1);\" tabnumber\u003d\"0\" tagorder\u003d\"0\"\u003e09-Feb-17\u003c/fecha_vencimiento\u003e Cut: NY \u003ccash_delivery begin\u003d\"589\" class\u003d\"extraction-tag ml-tag\" confidence\u003d\"1/17\" data-value\u003d\"Delivery\" end\u003d\"597\" ml-tagorder\u003d\"0\" score\u003d\"0.6167082889511729\" style\u003d\"border: 2px solid rgb(125, 157, 1);\" tabnumber\u003d\"0\" tagorder\u003d\"0\"\u003eDelivery\u003c/cash_delivery\u003e: \u003cfecha_pago_vencimiento begin\u003d\"599\" class\u003d\"extraction-tag ml-tag\" confidence\u003d\"1/17\" data-value\u003d\"02/13/2017\" end\u003d\"608\" ml-tagorder\u003d\"0\" score\u003d\"0.6706630194073657\" style\u003d\"border: 2px solid rgb(125, 157, 1);\" tabnumber\u003d\"0\" tagorder\u003d\"0\"\u003e13-Feb-17\u003c/fecha_pago_vencimiento\u003e Strike: \u003cstrike_ begin\u003d\"617\" class\u003d\"extraction-tag ml-tag\" confidence\u003d\"1/17\" data-value\u003d\"0.853000\" end\u003d\"625\" ml-tagorder\u003d\"0\" score\u003d\"0.6929006342782444\" style\u003d\"border: 2px solid rgb(125, 157, 1);\" tabnumber\u003d\"0\" tagorder\u003d\"0\"\u003e0.853000\u003c/strike_\u003e Premium: Client receives / PGV pays Amount: \u003cprecio begin\u003d\"670\" class\u003d\"extraction-tag ml-tag\" confidence\u003d\"1/17\" data-value\u003d\"0.0990\" end\u003d\"677\" ml-tagorder\u003d\"0\" score\u003d\"0.48500674504254554\" style\u003d\"border: 2px solid rgb(125, 157, 1);\" tabnumber\u003d\"0\" tagorder\u003d\"0\"\u003e0.0990%\u003c/precio\u003e EUR face or \u003cdivisa_prima begin\u003d\"690\" class\u003d\"extraction-tag ml-tag\" confidence\u003d\"1/17\" data-value\u003d\"EUR\" end\u003d\"693\" ml-tagorder\u003d\"0\" score\u003d\"0.615442105122742\" style\u003d\"border: 2px solid rgb(125, 157, 1);\" tabnumber\u003d\"0\" tagorder\u003d\"0\"\u003eEUR\u003c/divisa_prima\u003e \u003cprima begin\u003d\"694\" class\u003d\"extraction-tag ml-tag\" confidence\u003d\"1/17\" data-value\u003d\"19800,00\" end\u003d\"700\" ml-tagorder\u003d\"0\" score\u003d\"0.6813056415691607\" style\u003d\"border: 2px solid rgb(125, 157, 1);\" tabnumber\u003d\"0\" tagorder\u003d\"0\"\u003e19,800\u003c/prima\u003e [Vol Ref: 9.00] Premium Date: 10-Feb-17 --------------------------------------------------------- Hedge: Client (BSCHPROPIB) sells / PGV buys EUR 6,600,000 against GBP 5,641,680 Rate: 0.854800 GBP per 1 EUR Value Date: 10-Feb-17 --------------------------------------------------------- This trade notification is sent to you for information purposes only and does not constitute evidence of the specific transaction to which it relates. You should only rely on the confirmation of such trade that you receive from the Foreign Exchange Operations Department as evidence of the trade between you and PGV. Based on the present E-Mail exchange, and/or on the agreement reached with you, respectively, PGV is entitled to contact you via insecure E-Mail: (a) E-Mails contain substantial risks such as lack of confidentiality, manipulation of content and sender, misdirection, viruses etc. PGV does not accept any liability for damages arising from use of E-mail. Accordingly, PGV recommends to abstain from sending any sensitive information via E-Mail, from forwarding the text received when submitting reply E-Mails and recommends to manually capture the E-Mail address in every instance. If you should wish to verify the content of this message, please request a hard-copy version. (b) In principle, PGV does not accept any (purchase) orders, cancellation of orders or authorizations etc. via E-mail. If PGV receives such E-Mails, PGV is not obliged to expressly decline them. If you have received this E-Mail by mistake or do not wish to be contacted by E-Mail in the future, you are kindly asked to inform PGV accordingly. Any E-Mail received by mistake (including all its annexes) needs to be destroyed and the content may not be forwarded nor disclosed to any further persons. c) This message is provided for informational purposes and should not be construed as a solicitation or offer to buy or sell any securities or related financial instruments. Please contact PGV for additional information or queries. This communication is issued by PGV Limited, PGV AG and/or affiliates to professional investors only. It is the product of a 