{"finalScore":0.7230764141163821,"sumScore":18.076910352909554,"tagsCounter":25.0,"taggedText":"\u003cdocument\u003eBuenas tardes, 17,675,578 17,675,607 17,675,633 17,675,645 San MAdrid \u003cestrategia begin\u003d\"70\" class\u003d\"extraction-tag ml-tag\" confidence\u003d\"1/14\" data-value\u003d\"Sells\" end\u003d\"75\" ml-tagorder\u003d\"0\" score\u003d\"0.8007461504762847\" style\u003d\"border: 2px solid rgb(125, 157, 1);\" tabnumber\u003d\"0\" tagorder\u003d\"0\"\u003eSells\u003c/estrategia\u003e \u003cnominal1 begin\u003d\"76\" class\u003d\"extraction-tag ml-tag\" confidence\u003d\"1/14\" data-value\u003d\"15000000,00\" end\u003d\"82\" ml-tagorder\u003d\"0\" score\u003d\"0.7423607989144937\" style\u003d\"border: 2px solid rgb(125, 157, 1);\" tabnumber\u003d\"0\" tagorder\u003d\"0\"\u003e15mios\u003c/nominal1\u003e \u003copcion2 begin\u003d\"83\" class\u003d\"extraction-tag ml-tag\" confidence\u003d\"1/14\" data-value\u003d\"PUT\" end\u003d\"96\" ml-tagorder\u003d\"0\" score\u003d\"0.7472782301551191\" style\u003d\"border: 2px solid rgb(125, 157, 1);\" tabnumber\u003d\"0\" tagorder\u003d\"0\"\u003e\u003copcion1 begin\u003d\"83\" class\u003d\"extraction-tag ml-tag\" confidence\u003d\"1/14\" data-value\u003d\"CALL\" end\u003d\"96\" ml-tagorder\u003d\"0\" score\u003d\"0.7144085609610042\" style\u003d\"border: 2px solid rgb(125, 157, 1);\" tabnumber\u003d\"0\" tagorder\u003d\"0\"\u003e\u003cdivisa2 begin\u003d\"83\" class\u003d\"extraction-tag ml-tag\" confidence\u003d\"1/14\" data-value\u003d\"MXN\" end\u003d\"96\" ml-tagorder\u003d\"0\" score\u003d\"0.7647131360271789\" style\u003d\"border: 2px solid rgb(125, 157, 1);\" tabnumber\u003d\"0\" tagorder\u003d\"0\"\u003e\u003cdivisa1 begin\u003d\"83\" class\u003d\"extraction-tag ml-tag\" confidence\u003d\"1/14\" data-value\u003d\"EUR\" end\u003d\"96\" ml-tagorder\u003d\"0\" score\u003d\"0.6830190969502109\" style\u003d\"border: 2px solid rgb(125, 157, 1);\" tabnumber\u003d\"0\" tagorder\u003d\"0\"\u003eEURCallMXNput\u003c/divisa1\u003e\u003c/divisa2\u003e\u003c/opcion1\u003e\u003c/opcion2\u003e \u003cfecha_vencimiento begin\u003d\"97\" class\u003d\"extraction-tag ml-tag\" confidence\u003d\"1/14\" data-value\u003d\"02/26/2018\" end\u003d\"105\" ml-tagorder\u003d\"0\" score\u003d\"0.7336345173236872\" style\u003d\"border: 2px solid rgb(125, 157, 1);\" tabnumber\u003d\"0\" tagorder\u003d\"0\"\u003e\u003cfecha_pago_vencimiento begin\u003d\"97\" class\u003d\"extraction-tag ml-tag\" confidence\u003d\"1/14\" data-value\u003d\"02/28/2018\" end\u003d\"105\" ml-tagorder\u003d\"0\" score\u003d\"0.7230753334138161\" style\u003d\"border: 2px solid rgb(125, 157, 1);\" tabnumber\u003d\"0\" tagorder\u003d\"0\"\u003e26/28Feb\u003c/fecha_pago_vencimiento\u003e\u003c/fecha_vencimiento\u003e \u003cstrike_ begin\u003d\"106\" class\u003d\"extraction-tag ml-tag\" confidence\u003d\"1/14\" data-value\u003d\"23.30\" end\u003d\"111\" ml-tagorder\u003d\"0\" score\u003d\"0.7217667498543536\" style\u003d\"border: 2px solid rgb(125, 157, 1);\" tabnumber\u003d\"0\" tagorder\u003d\"0\"\u003e23.30\u003c/strike_\u003e; \u003cspot_forward begin\u003d\"113\" class\u003d\"extraction-tag ml-tag\" confidence\u003d\"1/14\" data-value\u003d\"forward\" end\u003d\"116\" ml-tagorder\u003d\"0\" score\u003d\"0.7134464811116518\" style\u003d\"border: 2px solid rgb(125, 157, 1);\" tabnumber\u003d\"0\" tagorder\u003d\"0\"\u003eFwd\u003c/spot_forward\u003e Prem \u003cprima begin\u003d\"122\" class\u003d\"extraction-tag ml-tag\" confidence\u003d\"1/14\" data-value\u003d\"15710,00\" end\u003d\"132\" ml-tagorder\u003d\"0\" score\u003d\"0.5001032461660334\" style\u003d\"border: 2px solid rgb(125, 157, 1);\" tabnumber\u003d\"0\" tagorder\u003d\"0\"\u003e\u003cprecio begin\u003d\"122\" class\u003d\"extraction-tag ml-tag\" confidence\u003d\"1/14\" data-value\u003d\"1.5710\" end\u003d\"132\" ml-tagorder\u003d\"0\" score\u003d\"0.8328438561488476\" style\u003d\"border: 2px solid rgb(125, 157, 1);\" tabnumber\u003d\"0\" tagorder\u003d\"0\"\u003e1.5710%\u003cdivisa_prima begin\u003d\"129\" class\u003d\"extraction-tag ml-tag\" confidence\u003d\"1/14\" data-value\u003d\"EUR\" end\u003d\"132\" ml-tagorder\u003d\"0\" score\u003d\"0.7510070078419834\" style\u003d\"border: 2px solid rgb(125, 157, 1);\" tabnumber\u003d\"0\" tagorder\u003d\"0\"\u003eEUR\u003c/divisa_prima\u003e\u003c/precio\u003e\u003c/prima\u003e \u003cestrategia begin\u003d\"133\" class\u003d\"extraction-tag ml-tag\" confidence\u003d\"1/14\" data-value\u003d\"Buys\" end\u003d\"137\" ml-tagorder\u003d\"1\" score\u003d\"0.698930688652764\" style\u003d\"border: 2px solid rgb(125, 157, 1);\" tabnumber\u003d\"1\" tagorder\u003d\"1\"\u003eBuys\u003c/estrategia\u003e \u003cnominal1 begin\u003d\"138\" class\u003d\"extraction-tag ml-tag\" confidence\u003d\"1/14\" data-value\u003d\"10000000,00\" end\u003d\"144\" ml-tagorder\u003d\"1\" score\u003d\"0.7289199613770895\" style\u003d\"border: 2px solid rgb(125, 157, 1);\" tabnumber\u003d\"1\" tagorder\u003d\"1\"\u003e10mios\u003c/nominal1\u003e \u003copcion2 begin\u003d\"145\" class\u003d\"extraction-tag ml-tag\" confidence\u003d\"1/14\" data-value\u003d\"CALL\" end\u003d\"158\" ml-tagorder\u003d\"1\" score\u003d\"0.7719783513307364\" style\u003d\"border: 2px solid rgb(125, 157, 1);\" tabnumber\u003d\"1\" tagorder\u003d\"1\"\u003e\u003copcion1 begin\u003d\"145\" class\u003d\"extraction-tag ml-tag\" confidence\u003d\"1/14\" data-value\u003d\"PUT\" end\u003d\"158\" ml-tagorder\u003d\"1\" score\u003d\"0.6822849392849205\" style\u003d\"border: 2px solid rgb(125, 157, 1);\" tabnumber\u003d\"1\" tagorder\u003d\"1\"\u003e\u003cdivisa2 begin\u003d\"145\" class\u003d\"extraction-tag ml-tag\" confidence\u003d\"1/14\" data-value\u003d\"MXN\" end\u003d\"158\" ml-tagorder\u003d\"1\" score\u003d\"0.7082180294165624\" style\u003d\"border: 2px solid rgb(125, 157, 1);\" tabnumber\u003d\"1\" tagorder\u003d\"1\"\u003e\u003cdivisa1 begin\u003d\"145\" class\u003d\"extraction-tag ml-tag\" confidence\u003d\"1/14\" data-value\u003d\"EUR\" end\u003d\"158\" ml-tagorder\u003d\"1\" score\u003d\"0.6326169894909145\" style\u003d\"border: 2px solid rgb(125, 157, 1);\" tabnumber\u003d\"1\" tagorder\u003d\"1\"\u003eEURPutMXNCall\u003c/divisa1\u003e\u003c/divisa2\u003e\u003c/opcion1\u003e\u003c/opcion2\u003e \u003cfecha_vencimiento begin\u003d\"159\" class\u003d\"extraction-tag ml-tag\" confidence\u003d\"1/14\" data-value\u003d\"04/09/2018\" end\u003d\"167\" ml-tagorder\u003d\"1\" score\u003d\"0.7320450883624626\" style\u003d\"border: 2px solid rgb(125, 157, 1);\" tabnumber\u003d\"1\" tagorder\u003d\"1\"\u003e\u003cfecha_pago_vencimiento begin\u003d\"159\" class\u003d\"extraction-tag ml-tag\" confidence\u003d\"1/14\" data-value\u003d\"04/11/2018\" end\u003d\"167\" ml-tagorder\u003d\"1\" score\u003d\"0.7197427618257685\" style\u003d\"border: 2px solid rgb(125, 157, 1);\" tabnumber\u003d\"1\" tagorder\u003d\"1\"\u003e09/11Apr\u003c/fecha_pago_vencimiento\u003e\u003c/fecha_vencimiento\u003e \u003cstrike_ begin\u003d\"168\" class\u003d\"extraction-tag ml-tag\" confidence\u003d\"1/14\" data-value\u003d\"23.25\" end\u003d\"173\" ml-tagorder\u003d\"1\" score\u003d\"0.7170460965178062\" style\u003d\"border: 2px solid rgb(125, 157, 1);\" tabnumber\u003d\"1\" tagorder\u003d\"1\"\u003e23.25\u003c/strike_\u003e; \u003cspot_forward begin\u003d\"175\" class\u003d\"extraction-tag ml-tag\" confidence\u003d\"1/14\" data-value\u003d\"forward\" end\u003d\"178\" ml-tagorder\u003d\"1\" score\u003d\"0.7101030673330919\" style\u003d\"border: 2px solid rgb(125, 157, 1);\" tabnumber\u003d\"1\" tagorder\u003d\"1\"\u003eFwd\u003c/spot_forward\u003e Prem \u003cprecio begin\u003d\"184\" class\u003d\"extraction-tag ml-tag\" confidence\u003d\"1/14\" data-value\u003d\"1.8350\" end\u003d\"194\" ml-tagorder\u003d\"1\" score\u003d\"0.7971181731400755\" style\u003d\"border: 2px solid rgb(125, 157, 1);\" tabnumber\u003d\"1\" tagorder\u003d\"1\"\u003e1.8350%\u003cdivisa_prima begin\u003d\"191\" class\u003d\"extraction-tag ml-tag\" 