{"finalScore":0.6633481608957658,"sumScore":5.306785287166126,"tagsCounter":8.0,"taggedText":"\u003cdocument\u003eSan Madrid MX_MMK14 \u003cestrategia begin\u003d\"20\" class\u003d\"extraction-tag ml-tag\" confidence\u003d\"1/9\" data-value\u003d\"Sells\" end\u003d\"25\" ml-tagorder\u003d\"0\" score\u003d\"0.8123223241808623\" style\u003d\"border: 2px solid rgb(125, 157, 1);\" tabnumber\u003d\"0\" tagorder\u003d\"0\"\u003eSells\u003c/estrategia\u003e to \u003ccontrapartida begin\u003d\"29\" class\u003d\"extraction-tag ml-tag\" confidence\u003d\"1/9\" data-value\u003d\"Ugqob\" end\u003d\"34\" ml-tagorder\u003d\"0\" score\u003d\"0.6623340419152441\" style\u003d\"border: 2px solid rgb(125, 157, 1);\" tabnumber\u003d\"0\" tagorder\u003d\"0\"\u003eUgqob\u003c/contrapartida\u003e \u003cnominal1 begin\u003d\"35\" class\u003d\"extraction-tag ml-tag\" confidence\u003d\"1/9\" data-value\u003d\"25000000,00\" end\u003d\"38\" ml-tagorder\u003d\"0\" score\u003d\"0.5620491970867368\" style\u003d\"border: 2px solid rgb(125, 157, 1);\" tabnumber\u003d\"0\" tagorder\u003d\"0\"\u003e25m\u003c/nominal1\u003e USD \u003copcion1 begin\u003d\"43\" class\u003d\"extraction-tag ml-tag\" confidence\u003d\"1/9\" data-value\u003d\"CALL\" end\u003d\"47\" ml-tagorder\u003d\"0\" score\u003d\"0.6666008853674978\" style\u003d\"border: 2px solid rgb(125, 157, 1);\" tabnumber\u003d\"0\" tagorder\u003d\"0\"\u003ecall\u003c/opcion1\u003e \u003cdivisa2 begin\u003d\"48\" class\u003d\"extraction-tag ml-tag\" confidence\u003d\"1/9\" data-value\u003d\"PUT\" end\u003d\"54\" ml-tagorder\u003d\"0\" score\u003d\"0.6400591481796652\" style\u003d\"border: 2px solid rgb(125, 157, 1);\" tabnumber\u003d\"0\" tagorder\u003d\"0\"\u003eMXNput\u003c/divisa2\u003e 28Feb/02Mar at 19.50 and Spot Prem \u003cprima begin\u003d\"90\" class\u003d\"extraction-tag ml-tag\" confidence\u003d\"1/9\" data-value\u003d\"5545,00\" end\u003d\"96\" ml-tagorder\u003d\"0\" score\u003d\"0.5383535102180161\" style\u003d\"border: 2px solid rgb(125, 157, 1);\" tabnumber\u003d\"0\" tagorder\u003d\"0\"\u003e\u003cprecio begin\u003d\"90\" class\u003d\"extraction-tag ml-tag\" confidence\u003d\"1/9\" data-value\u003d\"0.5545\" end\u003d\"96\" ml-tagorder\u003d\"0\" score\u003d\"0.7399124896121233\" style\u003d\"border: 2px solid rgb(125, 157, 1);\" tabnumber\u003d\"0\" tagorder\u003d\"0\"\u003e.5545%\u003c/precio\u003e\u003c/prima\u003e \u003cdivisa_prima begin\u003d\"97\" class\u003d\"extraction-tag ml-tag\" confidence\u003d\"1/9\" data-value\u003d\"USD\" end\u003d\"100\" ml-tagorder\u003d\"0\" score\u003d\"0.68515369060598\" style\u003d\"border: 2px solid rgb(125, 157, 1);\" tabnumber\u003d\"0\" tagorder\u003d\"0\"\u003eUSD\u003c/divisa_prima\u003e Delta Santander madrid buys from Ugqob 4mios USDMXN at 18.7395 value 02Mar 2018 JP GU thx a lot \u003cmeta-manual-answer data-code\u003d\"id_operacion\" data-na\u003d\"true\"\u003e\u003c/meta-manual-answer\u003e\u003cmeta-manual-answer data-code\u003d\"contrapartida_corta\" data-na\u003d\"true\" tabnumber\u003d\"0\"\u003e\u003c/meta-manual-answer\u003e\u003cmeta-manual-answer data-code\u003d\"tipo_de_opcion\" data-na\u003d\"true\" tabnumber\u003d\"0\"\u003e\u003c/meta-manual-answer\u003e\u003cmeta-manual-answer data-code\u003d\"nominal2\" data-na\u003d\"true\" tabnumber\u003d\"0\"\u003e\u003c/meta-manual-answer\u003e\u003cmeta-manual-answer data-code\u003d\"prima\" data-na\u003d\"true\" tabnumber\u003d\"0\"\u003e\u003c/meta-manual-answer\u003e\u003cmeta-manual-answer data-code\u003d\"fecha_pago_prima\" data-na\u003d\"true\" tabnumber\u003d\"0\"\u003e\u003c/meta-manual-answer\u003e\u003cmeta-manual-answer data-code\u003d\"fecha_inicio\" data-na\u003d\"true\" tabnumber\u003d\"0\"\u003e\u003c/meta-manual-answer\u003e\u003cmeta-manual-answer data-code\u003d\"uti_usi\" data-na\u003d\"true\" tabnumber\u003d\"0\"\u003e\u003c/meta-manual-answer\u003e\u003cmeta-manual-answer data-code\u003d\"cash_delivery\" data-na\u003d\"true\" tabnumber\u003d\"0\"\u003e\u003c/meta-manual-answer\u003e\u003cmeta-manual-answer data-code\u003d\"barrier\" data-na\u003d\"true\" tabnumber\u003d\"0\"\u003e\u003c/meta-manual-answer\u003e\u003cmeta-manual-answer data-code\u003d\"barrier_start_date\" data-na\u003d\"true\" tabnumber\u003d\"0\"\u003e\u003c/meta-manual-answer\u003e\u003cmeta-manual-answer data-code\u003d\"estilo_barrera\" data-na\u003d\"true\" tabnumber\u003d\"0\"\u003e\u003c/meta-manual-answer\u003e\u003cmeta-manual-answer data-code\u003d\"rebate\" data-na\u003d\"true\" tabnumber\u003d\"0\"\u003e\u003c/meta-manual-answer\u003e\u003cmeta-manual-answer data-code\u003d\"id_operacion\" data-na\u003d\"true\"\u003e\u003c/meta-manual-answer\u003e\u003cmeta-manual-answer data-code\u003d\"contrapartida_corta\" data-na\u003d\"true\" tabnumber\u003d\"0\"\u003e\u003c/meta-manual-answer\u003e\u003cmeta-manual-answer data-code\u003d\"tipo_de_opcion\" data-na\u003d\"true\" tabnumber\u003d\"0\"\u003e\u003c/meta-manual-answer\u003e\u003cmeta-manual-answer data-code\u003d\"nominal2\" data-na\u003d\"true\" tabnumber\u003d\"0\"\u003e\u003c/meta-manual-answer\u003e\u003cmeta-manual-answer data-code\u003d\"prima\" data-na\u003d\"true\" tabnumber\u003d\"0\"\u003e\u003c/meta-manual-answer\u003e\u003cmeta-manual-answer data-code\u003d\"fecha_pago_prima\" data-na\u003d\"true\" tabnumber\u003d\"0\"\u003e\u003c/meta-manual-answer\u003e\u003cmeta-manual-answer data-code\u003d\"fecha_inicio\" data-na\u003d\"true\" tabnumber\u003d\"0\"\u003e\u003c/meta-manual-answer\u003e\u003cmeta-manual-answer data-code\u003d\"uti_usi\" data-na\u003d\"true\" tabnumber\u003d\"0\"\u003e\u003c/meta-manual-answer\u003e\u003cmeta-manual-answer data-code\u003d\"barrier\" data-na\u003d\"true\" tabnumber\u003d\"0\"\u003e\u003c/meta-manual-answer\u003e\u003cmeta-manual-answer data-code\u003d\"barrier_start_date\" data-na\u003d\"true\" tabnumber\u003d\"0\"\u003e\u003c/meta-manual-answer\u003e\u003cmeta-manual-answer data-code\u003d\"tipo_barrera\" data-na\u003d\"true\" tabnumber\u003d\"0\"\u003e\u003c/meta-manual-answer\u003e\u003cmeta-manual-answer data-code\u003d\"estilo_barrera\" data-na\u003d\"true\" tabnumber\u003d\"0\"\u003e\u003c/meta-manual-answer\u003e\u003cmeta-manual-answer data-code\u003d\"rebate\" data-na\u003d\"true\" tabnumber\u003d\"0\"\u003e\u003c/meta-manual-answer\u003e\u003c/document\u003e","tags":[{"score":0.8123223241808623,"tabnumber":"0","end":25,"tag":"estrategia","text":"Sells","begin":20},{"score":0.6623340419152441,"tabnumber":"0","end":34,"tag":"contrapartida","text":"Ugqob","begin":29},{"score":0.5620491970867368,"tabnumber":"0","end":38,"tag":"nominal1","text":"25000000,00","begin":35},{"score":0.6666008853674978,"tabnumber":"0","end":47,"tag":"opcion1","text":"CALL","begin":43},{"score":0.6400591481796652,"tabnumber":"0","end":54,"tag":"divisa2","text":"PUT","begin":48},{"score":0.5383535102180161,"tabnumber":"0","end":96,"tag":"prima","text":"5545,00","begin":90},{"score":0.7399124896121233,"tabnumber":"0","end":96,"tag":"precio","text":"0.5545","begin":90},{"score":0.68515369060598,"tabnumber":"0","end":100,"tag":"divisa_prima","text":"USD","begin":97}],"group":"contrapartida|divisa2|divisa_prima|estrategia|nominal1|opcion1|precio|prima"}