{"finalScore":0.7247380770728942,"sumScore":10.146333079020518,"tagsCounter":14.0,"taggedText":"\u003cdocument\u003eBANCO SANTANDER \u003cestrategia begin\u003d\"16\" class\u003d\"extraction-tag ml-tag\" confidence\u003d\"1/17\" data-value\u003d\"BUYS\" end\u003d\"20\" ml-tagorder\u003d\"0\" score\u003d\"0.8453666019147299\" style\u003d\"border: 2px solid rgb(125, 157, 1);\" tabnumber\u003d\"0\" tagorder\u003d\"0\"\u003eBUYS\u003c/estrategia\u003e \u003cnominal1 begin\u003d\"21\" class\u003d\"extraction-tag ml-tag\" confidence\u003d\"1/17\" data-value\u003d\"10000000,00\" end\u003d\"24\" ml-tagorder\u003d\"0\" score\u003d\"0.828240499539699\" style\u003d\"border: 2px solid rgb(125, 157, 1);\" tabnumber\u003d\"0\" tagorder\u003d\"0\"\u003e10M\u003c/nominal1\u003e USD PER LEG FROM \u003ccontrapartida begin\u003d\"42\" class\u003d\"extraction-tag ml-tag\" confidence\u003d\"1/17\" data-value\u003d\"YY DCEJLS\" end\u003d\"51\" ml-tagorder\u003d\"0\" score\u003d\"0.6807921648784783\" style\u003d\"border: 2px solid rgb(125, 157, 1);\" tabnumber\u003d\"0\" tagorder\u003d\"0\"\u003eYY DCEJLS\u003c/contrapartida\u003e \u003cstrike_ begin\u003d\"52\" class\u003d\"extraction-tag ml-tag\" confidence\u003d\"1/17\" data-value\u003d\"19.0885\" end\u003d\"59\" ml-tagorder\u003d\"0\" score\u003d\"0.6626604636489921\" style\u003d\"border: 2px solid rgb(125, 157, 1);\" tabnumber\u003d\"0\" tagorder\u003d\"0\"\u003e19.0885\u003c/strike_\u003e \u003cdivisa2 begin\u003d\"60\" class\u003d\"extraction-tag ml-tag\" confidence\u003d\"1/17\" data-value\u003d\"MXN\" end\u003d\"66\" ml-tagorder\u003d\"0\" score\u003d\"0.7639805832144564\" style\u003d\"border: 2px solid rgb(125, 157, 1);\" tabnumber\u003d\"0\" tagorder\u003d\"0\"\u003e\u003cdivisa1 begin\u003d\"60\" class\u003d\"extraction-tag ml-tag\" confidence\u003d\"1/17\" data-value\u003d\"USD\" end\u003d\"66\" ml-tagorder\u003d\"0\" score\u003d\"0.6088020894186378\" style\u003d\"border: 2px solid rgb(125, 157, 1);\" tabnumber\u003d\"0\" tagorder\u003d\"0\"\u003eUSDMXN\u003c/divisa1\u003e\u003c/divisa2\u003e \u003ctipo_de_opcion begin\u003d\"67\" class\u003d\"extraction-tag ml-tag\" confidence\u003d\"1/17\" data-value\u003d\"STRADDLE\" end\u003d\"75\" ml-tagorder\u003d\"0\" score\u003d\"0.725431806653849\" style\u003d\"border: 2px solid rgb(125, 157, 1);\" tabnumber\u003d\"0\" tagorder\u003d\"0\"\u003eSTRADDLE\u003c/tipo_de_opcion\u003e \u003cfecha_vencimiento begin\u003d\"76\" class\u003d\"extraction-tag ml-tag\" confidence\u003d\"1/17\" data-value\u003d\"02/05/2018\" end\u003d\"88\" ml-tagorder\u003d\"0\" score\u003d\"0.6510696060335185\" style\u003d\"border: 2px solid rgb(125, 157, 1);\" tabnumber\u003d\"0\" tagorder\u003d\"0\"\u003e\u003cfecha_pago_vencimiento begin\u003d\"76\" class\u003d\"extraction-tag ml-tag\" confidence\u003d\"1/17\" data-value\u003d\"02/05/2018\" end\u003d\"88\" ml-tagorder\u003d\"0\" score\u003d\"0.694564845023673\" style\u003d\"border: 2px solid rgb(125, 157, 1);\" tabnumber\u003d\"0\" tagorder\u003d\"0\"\u003e2-5 JUL 2018\u003c/fecha_pago_vencimiento\u003e\u003c/fecha_vencimiento\u003e VOL 13.85 PX TOT: 9.5525% USD E/S: \u003cprecio begin\u003d\"124\" class\u003d\"extraction-tag ml-tag\" confidence\u003d\"1/17\" data-value\u003d\"4.776250\" end\u003d\"133\" ml-tagorder\u003d\"0\" score\u003d\"0.7971990489583188\" style\u003d\"border: 2px solid rgb(125, 157, 1);\" tabnumber\u003d\"0\" tagorder\u003d\"0\"\u003e4.776250%\u003c/precio\u003e \u003cdivisa_prima begin\u003d\"134\" class\u003d\"extraction-tag ml-tag\" confidence\u003d\"1/17\" data-value\u003d\"USD\" end\u003d\"137\" ml-tagorder\u003d\"0\" score\u003d\"0.7683342140106344\" style\u003d\"border: 2px solid rgb(125, 157, 1);\" tabnumber\u003d\"0\" tagorder\u003d\"0\"\u003eUSD\u003c/divisa_prima\u003e SPOT: 18.31 SWAP: 7785 DEPO: 0.0 \u003ccash_delivery begin\u003d\"171\" class\u003d\"extraction-tag ml-tag\" confidence\u003d\"1/17\" data-value\u003d\"\" end\u003d\"176\" ml-tagorder\u003d\"0\" score\u003d\"0.6562964839426157\" style\u003d\"border: 2px solid rgb(125, 157, 1);\" tabnumber\u003d\"0\" tagorder\u003d\"0\"\u003eHEDGE\u003c/cash_delivery\u003e SANT BUYS 2.2M USD FROM CS @ 19.0885 PREM AND HEDGE VALUED \u003cfecha_pago_prima begin\u003d\"236\" class\u003d\"extraction-tag ml-tag\" confidence\u003d\"1/17\" data-value\u003d\"07/05/2018\" end\u003d\"246\" ml-tagorder\u003d\"0\" score\u003d\"0.7257735949205942\" style\u003d\"border: 2px solid rgb(125, 157, 1);\" tabnumber\u003d\"0\" tagorder\u003d\"0\"\u003e5 JUL 2018\u003c/fecha_pago_prima\u003e MP: \u003cuti_usi begin\u003d\"251\" class\u003d\"extraction-tag ml-tag\" confidence\u003d\"1/17\" data-value\u003d\"1010000283M035X20171002XFO003044801072X1XX\" end\u003d\"293\" ml-tagorder\u003d\"0\" score\u003d\"0.7378210768623221\" style\u003d\"border: 2px solid rgb(125, 157, 1);\" tabnumber\u003d\"0\" tagorder\u003d\"0\"\u003e1010000283M035X20171002XFO003044801072X1XX\u003c/uti_usi\u003e MC: 1010000283M035X20171002XFO003044801072X2XX All transaction details sent to you are for your convenience only. All transactions are subject to final terms as indicated on the confirmation provided by BGC Derivatives Markets, LP _____ http://www.bgcpartners.com CONFIDENTIAL: This e-mail has been sent to you by one of the BGC entities (collectively BGC) Please see important legal information and disclaimer relating to this mail at the following links: http://www.bgcpartners.com/disclaimers/ Please see for BGC Disclosures The link contains company and FCA registration numbers. This e-mail, including its contents and attachments, if any, are confidential. If you are not the named recipient please notify the sender and immediately delete it. You may not disseminate, distribute, or forward this e-mail message or disclose its contents to anybody else. Copyright and any other intellectual property rights in its contents are the sole property of BGC and its affiliates. E-mail transmission cannot be guaranteed to be secure or error-free. The sender therefore does not accept liability for any errors or omissions in the contents of this message which arise as a result of e-mail transmission. If verification is required please request a hard-copy version. Although we routinely screen for viruses, addressees should check this e-mail and any attachments for viruses. We make no representation or warranty as to the absence of viruses in this e-mail or any attachments. Please note that to ensure regulatory compliance and for the protection of our customers and business, we may monitor and read e-mails sent to and from our server(s). The registered offices of the BGC entities are at 1 Churchill Place, London, E14 5RD. For any issues arising from this email please reply to the sender. The FCA register appears at http://www.FCA.org.uk/register/. The FCA regulates the financial services industry in the United Kingdom and is located at 25 The North Colonnade, Canary Wharf, London, E14 5HS. BGC Financial LP CFTC Rule 1.55(K) Firm Specific Disclosure Statement \u003cmeta-manual-answer data-code\u003d\"id_operacion\" data-na\u003d\"true\"\u003e\u003c/meta-manual-answer\u003e\u003cmeta-manual-answer data-code\u003d\"contrapartida_corta\" data-na\u003d\"true\" tabnumber\u003d\"0\"\u003e\u003c/meta-manual-answer\u003e\u003cmeta-manual-answer data-code\u003d\"opcion2\" data-na\u003d\"true\" tabnumber\u003d\"0\"\u003e\u003c/meta-manual-answer\u003e\u003cmeta-manual-answer data-code\u003d\"nominal2\" data-na\u003d\"true\" tabnumber\u003d\"0\"\u003e\u003c/meta-manual-answer\u003e\u003cmeta-manual-answer data-code\u003d\"prima\" data-na\u003d\"true\" tabnumber\u003d\"0\"\u003e\u003c/meta-manual-answer\u003e\u003cmeta-manual-answer data-code\u003d\"fecha_inicio\" data-na\u003d\"true\" tabnumber\u003d\"0\"\u003e\u003c/meta-manual-answer\u003e\u003cmeta-manual-answer data-code\u003d\"cash_delivery\" data-na\u003d\"true\" tabnumber\u003d\"0\"\u003e\u003c/meta-manual-answer\u003e\u003cmeta-manual-answer data-code\u003d\"barrier\" 