{"finalScore":0.7134706755130394,"sumScore":9.988589457182552,"tagsCounter":14.0,"taggedText":"\u003cdocument\u003e\u003ccontrapartida begin\u003d\"0\" class\u003d\"extraction-tag ml-tag\" confidence\u003d\"1/16\" data-value\u003d\"Fdkeov Mdojyqeb\" end\u003d\"15\" ml-tagorder\u003d\"0\" score\u003d\"0.5783559549689644\" style\u003d\"border: 2px solid rgb(125, 157, 1);\" tabnumber\u003d\"0\" tagorder\u003d\"0\"\u003eFdkeov Mdojyqeb\u003c/contrapartida\u003e \u003cestrategia begin\u003d\"16\" class\u003d\"extraction-tag ml-tag\" confidence\u003d\"1/16\" data-value\u003d\"buys\" end\u003d\"20\" ml-tagorder\u003d\"0\" score\u003d\"0.6326692755155287\" style\u003d\"border: 2px solid rgb(125, 157, 1);\" tabnumber\u003d\"0\" tagorder\u003d\"0\"\u003ebuys\u003c/estrategia\u003e \u003cnominal1 begin\u003d\"21\" class\u003d\"extraction-tag ml-tag\" confidence\u003d\"1/16\" data-value\u003d\"10000000,00\" end\u003d\"24\" ml-tagorder\u003d\"0\" score\u003d\"0.7030450256834726\" style\u003d\"border: 2px solid rgb(125, 157, 1);\" tabnumber\u003d\"0\" tagorder\u003d\"0\"\u003e10m\u003c/nominal1\u003e usd from Banco Santander \u003cstrike_ begin\u003d\"50\" class\u003d\"extraction-tag ml-tag\" confidence\u003d\"1/16\" data-value\u003d\"19.4735\" end\u003d\"57\" ml-tagorder\u003d\"0\" score\u003d\"0.7930233935535109\" style\u003d\"border: 2px solid rgb(125, 157, 1);\" tabnumber\u003d\"0\" tagorder\u003d\"0\"\u003e19.4735\u003c/strike_\u003e \u003cdivisa1 begin\u003d\"58\" class\u003d\"extraction-tag ml-tag\" confidence\u003d\"1/16\" data-value\u003d\"USD\" end\u003d\"61\" ml-tagorder\u003d\"0\" score\u003d\"0.6477034204946143\" style\u003d\"border: 2px solid rgb(125, 157, 1);\" tabnumber\u003d\"0\" tagorder\u003d\"0\"\u003eusd\u003c/divisa1\u003e \u003copcion1 begin\u003d\"62\" class\u003d\"extraction-tag ml-tag\" confidence\u003d\"1/16\" data-value\u003d\"CALL\" end\u003d\"66\" ml-tagorder\u003d\"0\" score\u003d\"0.722437096616557\" style\u003d\"border: 2px solid rgb(125, 157, 1);\" tabnumber\u003d\"0\" tagorder\u003d\"0\"\u003ecall\u003c/opcion1\u003e \u003cdivisa2 begin\u003d\"67\" class\u003d\"extraction-tag ml-tag\" confidence\u003d\"1/16\" data-value\u003d\"MXN\" end\u003d\"70\" ml-tagorder\u003d\"0\" score\u003d\"0.7315632436036572\" style\u003d\"border: 2px solid rgb(125, 157, 1);\" tabnumber\u003d\"0\" tagorder\u003d\"0\"\u003emxn\u003c/divisa2\u003e \u003copcion2 begin\u003d\"71\" class\u003d\"extraction-tag ml-tag\" confidence\u003d\"1/16\" data-value\u003d\"PUT\" end\u003d\"74\" ml-tagorder\u003d\"0\" score\u003d\"0.7177875458943719\" style\u003d\"border: 2px solid rgb(125, 157, 1);\" tabnumber\u003d\"0\" tagorder\u003d\"0\"\u003eput\u003c/opcion2\u003e \u003cfecha_vencimiento begin\u003d\"75\" class\u003d\"extraction-tag ml-tag\" confidence\u003d\"1/16\" data-value\u003d\"12/29/2027\" end\u003d\"89\" ml-tagorder\u003d\"0\" score\u003d\"0.7345838898418495\" style\u003d\"border: 2px solid rgb(125, 157, 1);\" tabnumber\u003d\"0\" tagorder\u003d\"0\"\u003e\u003cfecha_pago_vencimiento begin\u003d\"75\" class\u003d\"extraction-tag ml-tag\" confidence\u003d\"1/16\" data-value\u003d\"12/29/2027\" end\u003d\"89\" ml-tagorder\u003d\"0\" score\u003d\"0.7371969365972261\" style\u003d\"border: 2px solid rgb(125, 157, 1);\" tabnumber\u003d\"0\" tagorder\u003d\"0\"\u003e27-29 Dec 2017\u003c/fecha_pago_vencimiento\u003e\u003c/fecha_vencimiento\u003e Vol: 10.5 Mp: \u003cprecio begin\u003d\"104\" class\u003d\"extraction-tag ml-tag\" confidence\u003d\"1/16\" data-value\u003d\"0.2175\" end\u003d\"111\" ml-tagorder\u003d\"0\" score\u003d\"0.8092265024736351\" style\u003d\"border: 2px solid rgb(125, 157, 1);\" tabnumber\u003d\"0\" tagorder\u003d\"0\"\u003e0.2175%\u003c/precio\u003e \u003cdivisa_prima begin\u003d\"112\" class\u003d\"extraction-tag ml-tag\" confidence\u003d\"1/16\" data-value\u003d\"USD\" end\u003d\"115\" ml-tagorder\u003d\"0\" score\u003d\"0.7056319955512019\" style\u003d\"border: 2px solid rgb(125, 157, 1);\" tabnumber\u003d\"0\" tagorder\u003d\"0\"\u003eusd\u003c/divisa_prima\u003e Spot: 19.2620 Swaps: 215.00 USD Depo: 0.00 Hedge SANT buys 2.2m usd from CALY @ 19.2835 Prem and hedge valued at \u003cfecha_pago_prima begin\u003d\"229\" class\u003d\"extraction-tag ml-tag\" confidence\u003d\"1/16\" data-value\u003d\"12/29/2017\" end\u003d\"240\" ml-tagorder\u003d\"0\" score\u003d\"0.7528420855609139\" style\u003d\"border: 2px solid rgb(125, 157, 1);\" tabnumber\u003d\"0\" tagorder\u003d\"0\"\u003e29 Dec 2017\u003c/fecha_pago_prima\u003e Mp: \u003cuti_usi begin\u003d\"245\" class\u003d\"extraction-tag ml-tag\" confidence\u003d\"1/16\" data-value\u003d\"1010000283M035X20171220XFO003046070487X1XX\" end\u003d\"287\" ml-tagorder\u003d\"0\" score\u003d\"0.722523090827047\" style\u003d\"border: 2px solid rgb(125, 157, 1);\" tabnumber\u003d\"0\" tagorder\u003d\"0\"\u003e1010000283M035X20171220XFO003046070487X1XX\u003c/uti_usi\u003e Matt Neuenschwander BGC Partners FX Options 1-212-829-5497- Desk All transaction details sent to you are for your convenience only. All transactions are subject to final terms as indicated on the confirmation provided by BGC Derivatives Markets, LP _____ http://www.bgcpartners.com CONFIDENTIAL: This e-mail has been sent to you by one of the BGC entities (collectively BGC) Please see important legal information and disclaimer relating to this mail at the following links: http://www.bgcpartners.com/disclaimers/ Please see for BGC Disclosures The link contains company and FCA registration numbers. This e-mail, including its contents and attachments, if any, are confidential. If you are not the named recipient please notify the sender and immediately delete it. You may not disseminate, distribute, or forward this e-mail message or disclose its contents to anybody else. Copyright and any other intellectual property rights in its contents are the sole property of BGC and its affiliates. E-mail transmission cannot be guaranteed to be secure or error-free. The sender therefore does not accept liability for any errors or omissions in the contents of this message which arise as a result of e-mail transmission. If verification is required please request a hard-copy version. Although we routinely screen for viruses, addressees should check this e-mail and any attachments for viruses. We make no representation or warranty as to the absence of viruses in this e-mail or any attachments. Please note that to ensure regulatory compliance and for the protection of our customers and business, we may monitor and read e-mails sent to and from our server(s). The registered offices of the BGC entities are at 1 Churchill Place, London, E14 5RD. For any issues arising from this email please reply to the sender. The FCA register appears at http://www.FCA.org.uk/register/. The FCA regulates the financial services industry in the United Kingdom and is located at 25 The North Colonnade, Canary Wharf, London, E14 5HS. BGC Financial LP CFTC Rule 1.55(K) Firm Specific Disclosure Statement \u003cmeta-manual-answer data-code\u003d\"id_operacion\" data-na\u003d\"true\"\u003e\u003c/meta-manual-answer\u003e\u003cmeta-manual-answer data-code\u003d\"contrapartida_corta\" data-na\u003d\"true\" tabnumber\u003d\"0\"\u003e\u003c/meta-manual-answer\u003e\u003cmeta-manual-answer data-code\u003d\"tipo_de_opcion\" data-na\u003d\"true\" tabnumber\u003d\"0\"\u003e\u003c/meta-manual-answer\u003e\u003cmeta-manual-answer data-code\u003d\"estrategia\" data-na\u003d\"true\" tabnumber\u003d\"0\"\u003e\u003c/meta-manual-answer\u003e\u003cmeta-manual-answer data-code\u003d\"nominal2\" data-na\u003d\"true\" tabnumber\u003d\"0\"\u003e\u003c/meta-manual-answer\u003e\u003cmeta-manual-answer data-code\u003d\"prima\" data-na\u003d\"true\" tabnumber\u003d\"0\"\u003e\u003c/meta-manual-answer\u003e\u003cmeta-manual-answer data-code\u003d\"fecha_inicio\" data-na\u003d\"true\" tabnumber\u003d\"0\"\u003e\u003c/meta-manual-answer\u003e\u003cmeta-manual-answer data-code\u003d\"cash_delivery\" 