{"finalScore":0.684349702994444,"sumScore":17.1087425748611,"tagsCounter":25.0,"taggedText":"\u003cdocument\u003e\u003cstyle type\u003d\"text/css\"\u003e\u003c/style\u003e\u003cp\u003e\u003cfont\u003e\u003cestrategia begin\u003d\"370\" class\u003d\"extraction-tag ml-tag\" confidence\u003d\"1/14\" data-value\u003d\"bought\" end\u003d\"376\" ml-tagorder\u003d\"0\" score\u003d\"0.6096492083110968\" style\u003d\"border: 2px solid rgb(125, 157, 1);\" tabnumber\u003d\"0\" tagorder\u003d\"0\"\u003e\u003cbase\u003e\u003c/base\u003e\u003cmeta content\u003d\"text-html; charset\u003dutf-8\"\u003e\u003c/meta\u003ebought\u003c/estrategia\u003e USD Put, \u003cdivisa2 begin\u003d\"386\" class\u003d\"extraction-tag ml-tag\" confidence\u003d\"1/14\" data-value\u003d\"JPY\" end\u003d\"389\" ml-tagorder\u003d\"0\" score\u003d\"0.5760888150786131\" style\u003d\"border: 2px solid rgb(125, 157, 1);\" tabnumber\u003d\"0\" tagorder\u003d\"0\"\u003eJPY\u003c/divisa2\u003e Call Product: Option \u003copcion1 begin\u003d\"411\" class\u003d\"extraction-tag ml-tag\" confidence\u003d\"1/14\" data-value\u003d\"CALL\" end\u003d\"415\" ml-tagorder\u003d\"0\" score\u003d\"0.5586334699462064\" style\u003d\"border: 2px solid rgb(125, 157, 1);\" tabnumber\u003d\"0\" tagorder\u003d\"0\"\u003eCall\u003c/opcion1\u003e Currency and Amount: \u003cdivisa2 begin\u003d\"437\" class\u003d\"extraction-tag ml-tag\" confidence\u003d\"1/14\" data-value\u003d\"JPY\" end\u003d\"440\" ml-tagorder\u003d\"1\" score\u003d\"0.5307934675560861\" style\u003d\"border: 2px solid rgb(125, 157, 1);\" tabnumber\u003d\"1\" tagorder\u003d\"1\"\u003eJPY\u003c/divisa2\u003e \u003cnominal1 begin\u003d\"441\" class\u003d\"extraction-tag ml-tag\" confidence\u003d\"1/14\" data-value\u003d\"111250000,00\" end\u003d\"455\" ml-tagorder\u003d\"0\" score\u003d\"0.8216148135978771\" style\u003d\"border: 2px solid rgb(125, 157, 1);\" tabnumber\u003d\"0\" tagorder\u003d\"0\"\u003e111,250,000.00\u003c/nominal1\u003e Put Currency and Amount: USD \u003cnominal2 begin\u003d\"485\" class\u003d\"extraction-tag ml-tag\" confidence\u003d\"1/14\" data-value\u003d\"1000000,00\" end\u003d\"497\" ml-tagorder\u003d\"0\" score\u003d\"0.7496801339606672\" style\u003d\"border: 2px solid rgb(125, 157, 1);\" tabnumber\u003d\"0\" tagorder\u003d\"0\"\u003e1,000,000.00\u003c/nominal2\u003e Strike Price: \u003cstrike_ begin\u003d\"512\" class\u003d\"extraction-tag ml-tag\" confidence\u003d\"1/14\" data-value\u003d\"111.25\" end\u003d\"518\" ml-tagorder\u003d\"0\" score\u003d\"0.6836540066817985\" style\u003d\"border: 2px solid rgb(125, 157, 1);\" tabnumber\u003d\"0\" tagorder\u003d\"0\"\u003e111.25\u003c/strike_\u003e Option Style: European Expiration Date: \u003cfecha_vencimiento begin\u003d\"559\" class\u003d\"extraction-tag ml-tag\" confidence\u003d\"1/14\" data-value\u003d\"10/31/2017\" end\u003d\"566\" ml-tagorder\u003d\"0\" score\u003d\"0.6682898832172462\" style\u003d\"border: 2px solid rgb(125, 157, 1);\" tabnumber\u003d\"0\" tagorder\u003d\"0\"\u003e31Oct17\u003c/fecha_vencimiento\u003e Expiration Time: NYC Settlement Date: \u003cfecha_pago_vencimiento begin\u003d\"605\" class\u003d\"extraction-tag ml-tag\" confidence\u003d\"1/14\" data-value\u003d\"11/02/2017\" end\u003d\"611\" ml-tagorder\u003d\"0\" score\u003d\"0.6944534815166988\" style\u003d\"border: 2px solid rgb(125, 157, 1);\" tabnumber\u003d\"0\" tagorder\u003d\"0\"\u003e2Nov17\u003c/fecha_pago_vencimiento\u003e Settlement: Deliverable Premium: \u003cprima begin\u003d\"645\" class\u003d\"extraction-tag ml-tag\" confidence\u003d\"1/14\" data-value\u003d\"5280,00\" end\u003d\"653\" ml-tagorder\u003d\"0\" score\u003d\"0.7592326757113322\" style\u003d\"border: 2px solid rgb(125, 157, 1);\" tabnumber\u003d\"0\" tagorder\u003d\"0\"\u003e5,280.00\u003c/prima\u003e \u003cdivisa_prima begin\u003d\"654\" class\u003d\"extraction-tag ml-tag\" confidence\u003d\"1/14\" data-value\u003d\"USD\" end\u003d\"657\" ml-tagorder\u003d\"0\" score\u003d\"0.6845424977820497\" style\u003d\"border: 2px solid rgb(125, 157, 1);\" tabnumber\u003d\"0\" tagorder\u003d\"0\"\u003eUSD\u003c/divisa_prima\u003e (\u003cprecio begin\u003d\"659\" class\u003d\"extraction-tag ml-tag\" confidence\u003d\"1/14\" data-value\u003d\"0.528\" end\u003d\"665\" ml-tagorder\u003d\"0\" score\u003d\"0.7846792231681378\" style\u003d\"border: 2px solid rgb(125, 157, 1);\" tabnumber\u003d\"0\" tagorder\u003d\"0\"\u003e0.528%\u003c/precio\u003e of USD \u003d 59.362909 JPY/USD) Premium Payment Date: \u003cfecha_pago_prima begin\u003d\"716\" class\u003d\"extraction-tag ml-tag\" confidence\u003d\"1/14\" data-value\u003d\"10/12/2017\" end\u003d\"723\" ml-tagorder\u003d\"0\" score\u003d\"0.7231187756152226\" style\u003d\"border: 2px solid rgb(125, 157, 1);\" tabnumber\u003d\"0\" tagorder\u003d\"0\"\u003e12Oct17\u003c/fecha_pago_prima\u003e Spot Ref: 112.43 ------------------------------------------------------------------------------- Leg #2 follows: *** GS Electronic Trade Recap *** Summary: SANTANDER NY \u003cestrategia begin\u003d\"893\" class\u003d\"extraction-tag ml-tag\" confidence\u003d\"1/14\" data-value\u003d\"sold\" end\u003d\"897\" ml-tagorder\u003d\"1\" score\u003d\"0.5890922393249253\" style\u003d\"border: 2px solid rgb(125, 157, 1);\" tabnumber\u003d\"1\" tagorder\u003d\"1\"\u003esold\u003c/estrategia\u003e USD Put, JPY Call Product: Option \u003copcion1 begin\u003d\"932\" class\u003d\"extraction-tag ml-tag\" confidence\u003d\"1/14\" data-value\u003d\"CALL\" end\u003d\"936\" ml-tagorder\u003d\"1\" score\u003d\"0.5586334699462064\" style\u003d\"border: 2px solid rgb(125, 157, 1);\" tabnumber\u003d\"1\" tagorder\u003d\"1\"\u003eCall\u003c/opcion1\u003e Currency and Amount: JPY \u003cnominal1 begin\u003d\"962\" class\u003d\"extraction-tag ml-tag\" confidence\u003d\"1/14\" data-value\u003d\"109500000,00\" end\u003d\"976\" ml-tagorder\u003d\"1\" score\u003d\"0.8197593301301184\" style\u003d\"border: 2px solid rgb(125, 157, 1);\" tabnumber\u003d\"1\" tagorder\u003d\"1\"\u003e109,500,000.00\u003c/nominal1\u003e Put Currency and Amount: USD \u003cnominal2 begin\u003d\"1006\" class\u003d\"extraction-tag ml-tag\" confidence\u003d\"1/14\" data-value\u003d\"1000000,00\" end\u003d\"1018\" ml-tagorder\u003d\"1\" score\u003d\"0.7496801339606672\" style\u003d\"border: 2px solid rgb(125, 157, 1);\" tabnumber\u003d\"1\" tagorder\u003d\"1\"\u003e1,000,000.00\u003c/nominal2\u003e Strike Price: \u003cstrike_ begin\u003d\"1033\" class\u003d\"extraction-tag ml-tag\" confidence\u003d\"1/14\" data-value\u003d\"109.5\" end\u003d\"1038\" ml-tagorder\u003d\"1\" score\u003d\"0.7399299383180924\" style\u003d\"border: 2px solid rgb(125, 157, 1);\" tabnumber\u003d\"1\" tagorder\u003d\"1\"\u003e109.5\u003c/strike_\u003e Option Style: European Expiration Date: \u003cfecha_vencimiento begin\u003d\"1079\" class\u003d\"extraction-tag ml-tag\" confidence\u003d\"1/14\" data-value\u003d\"10/31/2017\" end\u003d\"1086\" ml-tagorder\u003d\"1\" score\u003d\"0.6682898832172462\" style\u003d\"border: 2px solid rgb(125, 157, 1);\" tabnumber\u003d\"1\" tagorder\u003d\"1\"\u003e31Oct17\u003c/fecha_vencimiento\u003e Expiration Time: NYC Settlement Date: \u003cfecha_pago_vencimiento begin\u003d\"1125\" class\u003d\"extraction-tag ml-tag\" confidence\u003d\"1/14\" data-value\u003d\"11/02/2017\" end\u003d\"1131\" ml-tagorder\u003d\"1\" score\u003d\"0.6944534815166988\" style\u003d\"border: 2px solid rgb(125, 157, 1);\" tabnumber\u003d\"1\" tagorder\u003d\"1\"\u003e2Nov17\u003c/fecha_pago_vencimiento\u003e Settlement: Deliverable Premium: \u003cprima begin\u003d\"1165\" class\u003d\"extraction-tag ml-tag\" confidence\u003d\"1/14\" data-value\u003d\"2225,00\" end\u003d\"1173\" ml-tagorder\u003d\"1\" score\u003d\"0.7032491686103328\" style\u003d\"border: 2px solid rgb(125, 157, 1);\" tabnumber\u003d\"1\" tagorder\u003d\"1\"\u003e2,225.00\u003c/prima\u003e \u003cdivisa_prima begin\u003d\"1174\" class\u003d\"extraction-tag ml-tag\" confidence\u003d\"1/14\" data-value\u003d\"USD\" 